store,month,month_number,stock_open,stock_close,purchase_smoked,purchase_frozen,sales_smoked,sales_frozen,purchases,revenue,gross_profit,cash_revenue,cashless_revenue,receipts_total,writeoff_smoked,writeoff_frozen,movement,discount,revaluation,household,delivery,cleaning,bonus,service_bonus,extra_pay,driver_cash,utilities_cash,other_cash_expenses,cash_operating_total,driver_cashless,utilities_cashless,rent,bank_fee_raw,gross_profit_tax_raw,salary_cashless,payroll_tax,vacation_cashless,vacation_tax,salary_cash,vacation_cash,personal_income_tax_raw,bank_fee,gross_profit_tax,personal_income_tax,driver_total,utilities_total,payroll_total,net_profit,frozen_sales_share,smoked_markup,frozen_markup,inventory_effect
ПОРТ,Январь,1,2207919.0,1699064.0,5602310.0,1698092.0,6938963.0,2547043.0,7300402.0,9486006.0,2185604.0,1309200.0,8522663.0,9831863.0,1050.0,97140.0,0.0,64808.0,0.0,0.0,0.0,8000.0,21000.0,40000.0,0.0,0.0,0.0,0.0,69000.0,13000.0,50000.0,71400.0,-170453.26000000004,-262272.48000000004,368444.0,184222.0,0.0,0.0,101800.0,0.0,-37576.0,170453.26000000004,262272.48000000004,37576.0,13000.0,50000.0,692042.0,760296.26,0.26850531193001564,0.23858961749706817,0.4999440548568629,-64808.0
ПОРТ,Февраль,2,1699064.0,2015877.0,5963782.0,1801901.0,7352380.0,2722760.0,7765683.0,10075140.0,2309457.0,1470140.0,8199512.0,9669652.0,36786.0,72401.0,0.0,0.0,20512.0,550.0,0.0,8000.0,0.0,46000.0,0.0,0.0,0.0,0.0,54550.0,13000.0,50000.0,71400.0,-163990.24,-277134.83999999997,368438.0,210536.0,0.0,0.0,70780.0,0.0,-27572.6,163990.24,277134.83999999997,27572.6,13000.0,50000.0,677326.6,929654.32,0.2702453762429108,0.23283849074295473,0.5110486092188194,20512.0
ПОРТ,Март,3,2015877.0,1683103.0,7005534.0,1994616.0,8658943.0,2913109.0,9000150.0,11572052.0,2571902.0,1216800.0,10586857.0,11803657.0,519.0,100650.0,0.0,0.0,0.0,500.0,0.0,8000.0,0.0,46000.0,0.0,0.0,0.0,0.0,54500.0,13000.0,50000.0,71400.0,-211737.14,-308628.24,368444.0,210536.0,0.0,0.0,144400.0,0.0,-43758.0,211737.14,308628.24,43758.0,13000.0,50000.0,767138.0,994848.6199999999,0.2517365977961385,0.23601469923634658,0.46048612865834826,0.0
ПОРТ,Апрель,4,1683103.0,1573637.0,7916184.0,1731482.0,9793544.0,2501126.0,9647666.0,12294670.0,2647004.0,1829426.0,10476253.0,12305679.0,1379.0,83407.0,-13671.0,0.0,0.0,900.0,0.0,8000.0,21000.0,46000.0,0.0,0.0,0.0,0.0,75900.0,13000.0,50000.0,71400.0,-209525.05999999997,-317640.48000000004,315809.0,157904.0,92593.0,46296.0,176626.0,0.0,-55555.72,209525.05999999997,317640.48000000004,55555.72,13000.0,50000.0,844783.72,981347.74,0.20343173098586623,0.23715466947205877,0.44450014496252344,-13671.0
ПОРТ,Май,5,1573637.0,1495804.0,7391364.0,1837521.0,9271078.0,2623985.0,9228885.0,11895063.0,2666178.0,1200655.0,10667291.0,11867946.0,22241.0,82709.0,0.0,0.0,0.0,20250.0,0.0,8000.0,0.0,46000.0,0.0,0.0,0.0,0.0,74250.0,13000.0,50000.0,71400.0,-213345.82,-319941.36000000004,315809.0,184222.0,186800.0,93400.0,200550.0,0.0,-60456.0,213345.82,319941.36000000004,60456.0,13000.0,50000.0,1041237.0,800294.8200000001,0.22059446007137584,0.25431219460981763,0.42800272758787516,0.0
ПОРТ,Июнь,6,1495804.0,2023696.0,9110149.0,2950059.0,11408965.0,4142842.0,12060208.0,15551807.0,3491599.0,1651090.0,13142872.0,14793962.0,113480.0,110109.0,0.0,8234.0,1870.0,7090.0,0.0,8000.0,3000.0,46000.0,0.0,0.0,0.0,0.0,64090.0,13000.0,50000.0,71400.0,-262857.43999999994,-418991.87999999995,184223.0,92112.0,278943.0,139472.0,374220.0,0.0,-96428.2,262857.43999999994,418991.87999999995,96428.2,13000.0,50000.0,1165398.2,1335752.4800000002,0.2663897513645842,0.252335719207227,0.4043251338363063,-6364.0
ПОРТ,Июль,7,2023696.0,1599460.0,10406264.0,2922546.0,12840001.0,4110242.0,13328810.0,16950243.0,3621433.0,2043310.0,15172849.0,17216159.0,115956.0,34930.0,0.0,7434.0,0.0,7880.0,0.0,0.0,36000.0,4000.0,0.0,0.0,0.0,28000.0,75880.0,13000.0,50000.0,71400.0,-303456.98,-434571.95999999996,66280.0,33139.0,0.0,0.0,668400.0,0.0,-163741.6,303456.98,434571.95999999996,163741.6,13000.0,50000.0,931560.6,1706633.46,0.24248867700598747,0.233872309985601,0.4063908660462487,-7434.0
ПОРТ,Август,8,1599460.0,2417873.0,10101817.0,3517205.0,12393831.0,4972518.0,13619022.0,17366349.0,3747327.0,1619989.0,14691979.0,16311968.0,141112.0,92078.0,-14178.0,600.0,12000.0,13120.0,4200.0,8000.0,3000.0,46000.0,0.0,0.0,0.0,42369.0,116689.0,13000.0,50000.0,71400.0,-293839.58,-449679.23999999993,117418.0,71868.0,0.0,0.0,570590.0,0.0,-151201.38,293839.58,449679.23999999993,151201.38,13000.0,50000.0,911077.38,1749563.8000000003,0.28633065015565445,0.22689126124537792,0.41376974046153125,-2778.0
КНИП,Январь,1,1231148.0,1234630.0,1795618.0,1434259.0,2239257.0,2094644.0,3229877.0,4333901.0,1104024.0,494791.0,3744882.0,4239673.0,51881.0,65895.0,0.0,6116.0,33146.0,3650.0,0.0,8000.0,9000.0,9000.0,0.0,0.0,0.0,0.0,29650.0,13000.0,50000.0,189000.0,-74897.64000000001,-132482.88,55835.0,0.0,0.0,0.0,160500.0,0.0,-41833.0,74897.64000000001,132482.88,41833.0,13000.0,50000.0,258168.0,290930.48,0.4833160702101871,0.24706758341696286,0.4604363647012151,27030.0
КНИП,Февраль,2,1234630.0,1339977.0,1713938.0,1356983.0,2141448.0,1988943.0,3070921.0,4130391.0,1059470.0,503521.0,3508682.0,4012203.0,2535.0,17501.0,0.0,1843.0,9038.0,5521.0,0.0,8000.0,0.0,10000.0,0.0,0.0,0.0,0.0,23521.0,13000.0,50000.0,189000.0,-70173.64000000001,-127136.4,59214.0,52634.0,0.0,0.0,128600.0,0.0,-33466.619999999995,70173.64000000001,127136.4,33466.619999999995,13000.0,50000.0,273914.62,295223.33999999997,0.48153867273098355,0.24943142634097615,0.4657095925298991,7195.0
КНИП,Март,3,1339977.0,1333895.0,1816942.0,1182272.0,2260527.0,1741648.0,2999214.0,4002175.0,1002961.0,361942.0,3579515.0,3941457.0,43371.0,20850.0,0.0,2579.0,0.0,0.0,0.0,8000.0,0.0,11000.0,0.0,0.0,0.0,0.0,19000.0,13000.0,50000.0,189000.0,-71590.3,-120355.32,59214.0,52634.0,0.0,0.0,156800.0,0.0,-38676.0,71590.3,120355.32,38676.0,13000.0,50000.0,307324.0,211841.37999999995,0.4351753733907188,0.24413822785757608,0.47313646944188814,-2579.0
КНИП,Апрель,4,1333895.0,958913.0,1639536.0,787826.0,2056141.0,1141052.0,2427362.0,3197193.0,769831.0,341445.0,3126465.0,3467910.0,32187.0,69172.0,0.0,2906.0,0.0,1945.0,0.0,8000.0,6000.0,11000.0,0.0,0.0,0.0,0.0,26945.0,13000.0,50000.0,189000.0,-62529.3,-92379.71999999999,59215.0,36844.0,0.0,0.0,172600.0,0.0,-43899.9,62529.3,92379.71999999999,43899.9,13000.0,50000.0,312558.9,-45753.91999999996,0.3568918110354927,0.2540993305422998,0.44835534750059025,-2906.0
КНИП,Май,5,958913.0,1242329.0,1926945.0,994885.0,2423474.0,1421605.0,2921830.0,3845079.0,923249.0,354072.0,3128551.0,3482623.0,92148.0,239.0,0.0,1603.0,14950.0,6072.0,0.0,8000.0,3000.0,11000.0,0.0,0.0,0.0,0.0,28072.0,13000.0,50000.0,189000.0,-62571.020000000004,-110789.88000000002,72486.0,56638.0,0.0,0.0,170700.0,0.0,-43729.84,62571.020000000004,110789.88000000002,43729.84,13000.0,50000.0,343553.83999999997,126023.25999999998,0.3697206221250591,0.25767678890679285,0.42891389457072926,13347.0
КНИП,Июнь,6,1242329.0,898977.0,1915750.0,767075.0,2400700.0,1094596.0,2682825.0,3495296.0,812471.0,425506.0,3236653.0,3662159.0,117761.0,51267.0,0.0,7461.0,0.0,3506.0,0.0,8000.0,0.0,16000.0,0.0,0.0,0.0,0.0,27506.0,13000.0,50000.0,189000.0,-64733.06,-97496.51999999999,59215.0,36844.0,93431.0,46715.0,164800.0,0.0,-42307.32,64733.06,97496.51999999999,42307.32,13000.0,50000.0,443312.32,-123843.89999999997,0.31316260482660124,0.2531384575231633,0.4269738943388847,-7461.0
КНИП,Июль,7,898977.0,711000.0,1809595.0,870160.0,2227036.0,1227675.0,2679755.0,3454711.0,774956.0,449029.0,3133065.0,3582094.0,30410.0,24965.0,-4500.0,719.0,0.0,1529.0,0.0,8000.0,18000.0,16000.0,0.0,0.0,0.0,0.0,43529.0,13000.0,50000.0,189000.0,-62661.299999999996,-92994.71999999999,13646.0,6823.0,0.0,0.0,139050.0,0.0,-40167.380000000005,62661.299999999996,92994.71999999999,40167.380000000005,13000.0,50000.0,199686.38,99119.60000000003,0.3553625759144542,0.23068200343170708,0.41086122092488736,-5219.0
КНИП,Август,8,711000.0,1143884.0,1991063.0,1189252.0,2496049.0,1690021.0,3180315.0,4186070.0,1005755.0,405950.0,3303710.0,3709660.0,31046.0,12480.0,0.0,0.0,0.0,3600.0,0.0,8000.0,0.0,17000.0,0.0,0.0,0.0,0.0,28600.0,13000.0,50000.0,189000.0,-66074.2,-120690.6,42514.0,21257.0,0.0,0.0,147200.0,0.0,-38676.0,66074.2,120690.6,38676.0,13000.0,50000.0,249647.0,276263.20000000007,0.403724973543204,0.25362632925226375,0.4210789639201784,0.0
Л76,Январь,1,794715.0,874633.0,661691.0,515359.0,856494.0,774154.0,1177050.0,1630648.0,453598.0,168845.0,1376978.0,1545823.0,3817.0,1090.0,0.0,0.0,0.0,2148.0,0.0,4000.0,6000.0,2000.0,0.0,0.0,0.0,0.0,14148.0,13000.0,30000.0,50000.0,-27539.559999999994,-54431.75999999999,52635.0,0.0,0.0,0.0,47500.0,0.0,-13562.560000000001,27539.559999999994,54431.75999999999,13562.560000000001,13000.0,30000.0,113697.56,149691.12,0.4747523683836119,0.2944017675924261,0.5021645105644803,0.0
Л76,Февраль,2,874633.0,769991.0,690580.0,270756.0,854860.0,397098.0,961336.0,1251958.0,290622.0,112633.0,1216542.0,1329175.0,27425.0,0.0,0.0,0.0,0.0,1633.0,0.0,4000.0,0.0,2000.0,0.0,0.0,0.0,0.0,7633.0,13000.0,30000.0,50000.0,-24330.840000000004,-34874.64000000001,52634.0,26317.0,0.0,0.0,49000.0,0.0,-12459.26,24330.840000000004,34874.64000000001,12459.26,13000.0,30000.0,140410.26,-9626.74000000001,0.31718156679377424,0.23788699354166062,0.4666267783539423,0.0
Л76,Март,3,769991.0,793252.0,860426.0,641142.0,1055703.0,924893.0,1501568.0,1980596.0,479028.0,269848.0,1670416.0,1940264.0,12421.0,2650.0,0.0,2000.0,0.0,1232.0,0.0,4000.0,0.0,2000.0,0.0,0.0,0.0,0.0,7232.0,13000.0,30000.0,50000.0,-33408.32,-57483.35999999999,52635.0,26317.0,0.0,0.0,56000.0,0.0,-13911.04,33408.32,57483.35999999999,13911.04,13000.0,30000.0,148863.04,136391.28,0.46697711194004227,0.22695385774023566,0.44257122447133396,-2000.0
Л76,Апрель,4,793252.0,637900.0,717931.0,377112.0,907387.0,543427.0,1095043.0,1450814.0,355771.0,221704.0,1376813.0,1598517.0,7313.0,0.0,0.0,336.0,0.0,2901.0,0.0,4000.0,6000.0,2000.0,0.0,0.0,0.0,0.0,14901.0,13000.0,30000.0,50000.0,-27536.26,-42692.52,52635.0,26317.0,0.0,0.0,57683.0,0.0,-15968.48,27536.26,42692.52,15968.48,13000.0,30000.0,152603.48,25037.74,0.3745669672335668,0.26389165532620823,0.4410228261100151,-336.0
Л76,Май,5,637900.0,730397.0,636769.0,358650.0,757472.0,510929.0,995419.0,1268401.0,272982.0,142813.0,959063.0,1101876.0,73646.0,0.0,0.0,382.0,0.0,1031.0,0.0,4000.0,3000.0,2000.0,0.0,0.0,0.0,0.0,10031.0,13000.0,30000.0,50000.0,-19181.260000000002,-32757.840000000004,52635.0,26317.0,0.0,0.0,53600.0,0.0,-13998.82,19181.260000000002,32757.840000000004,13998.82,13000.0,30000.0,146550.82,-28538.920000000006,0.4028134635655443,0.18955539606984637,0.4245894325944514,-382.0
Л76,Июнь,6,730397.0,726176.0,725078.0,477722.0,915480.0,674634.0,1202800.0,1590114.0,387314.0,80766.0,1455394.0,1536160.0,53223.0,2756.0,0.0,2196.0,0.0,2089.0,0.0,4000.0,0.0,4000.0,0.0,0.0,0.0,0.0,10089.0,13000.0,30000.0,50000.0,-29107.879999999997,-46477.68,52635.0,26317.0,0.0,0.0,53683.0,0.0,-14029.84,29107.879999999997,46477.68,14029.84,13000.0,30000.0,146664.84,59218.600000000006,0.4242676940143914,0.2625951966547047,0.41218951607838866,-2196.0
Л76,Июль,7,726176.0,562248.0,872777.0,451728.0,1091224.0,643220.0,1324505.0,1734444.0,409939.0,217748.0,1642737.0,1860485.0,37334.0,0.0,0.0,553.0,0.0,2199.0,0.0,4000.0,12000.0,3000.0,0.0,0.0,0.0,0.0,21199.0,13000.0,30000.0,50000.0,-32854.74,-49192.68,52635.0,26317.0,0.0,0.0,57683.0,0.0,-17354.04,32854.74,49192.68,17354.04,13000.0,30000.0,153989.04,59703.540000000015,0.37085083173627975,0.25028959287423935,0.42390996351786914,-553.0
Л76,Август,8,562248.0,701168.0,1141267.0,623216.0,1426983.0,907063.0,1764483.0,2334046.0,569563.0,188505.0,1938001.0,2126506.0,68620.0,0.0,0.0,0.0,0.0,2139.0,0.0,3866.0,0.0,3000.0,0.0,0.0,0.0,0.0,9005.0,13000.0,30000.0,50000.0,-38760.02000000001,-68347.56,52635.0,26318.0,0.0,0.0,54152.0,0.0,-13894.54,38760.02000000001,68347.56,13894.54,13000.0,30000.0,146999.54,213450.87999999998,0.3886225892720195,0.25034983049540555,0.4554552514697954,0.0
К49,Январь,1,687468.0,970347.0,835273.0,896538.0,1055424.0,1312678.0,1731811.0,2368102.0,636291.0,298644.0,1769634.0,2068278.0,12761.0,1899.0,0.0,4030.0,1745.0,510.0,0.0,7000.0,6000.0,8000.0,0.0,0.0,0.0,0.0,21510.0,13000.0,40000.0,115000.0,-35392.68000000001,-76354.91999999998,105270.0,0.0,0.0,0.0,0.0,0.0,-4732.2,35392.68000000001,76354.91999999998,4732.2,13000.0,40000.0,110002.2,223132.2,0.5543164948131457,0.2635677197754507,0.4641632591145049,-2285.0
К49,Февраль,2,970347.0,850164.0,815760.0,859444.0,1035109.0,1277231.0,1675204.0,2312340.0,637136.0,390314.0,2014157.0,2404471.0,25383.0,2321.0,-4410.0,8896.0,12958.0,2483.0,0.0,7000.0,0.0,8000.0,0.0,0.0,0.0,0.0,17483.0,13000.0,40000.0,115000.0,-40283.14,-76456.32,105268.0,52634.0,0.0,0.0,0.0,0.0,-3846.2599999999998,40283.14,76456.32,3846.2599999999998,13000.0,40000.0,161748.26,170844.27999999997,0.5523543250560039,0.26888913405903697,0.4861131149906218,-348.0
К49,Март,3,850164.0,937381.0,946796.0,894980.0,1190139.0,1326581.0,1841776.0,2516720.0,674944.0,377337.0,2048161.0,2425498.0,2838.0,1920.0,0.0,2747.0,3500.0,837.0,0.0,7000.0,0.0,8000.0,0.0,0.0,0.0,0.0,15837.0,13000.0,40000.0,115000.0,-40963.22,-80993.28,105270.0,52635.0,0.0,0.0,3363.0,0.0,-4224.0,40963.22,80993.28,4224.0,13000.0,40000.0,165492.0,201738.5,0.5271071076639435,0.25701735115061747,0.4822465306487296,753.0
К49,Апрель,4,937381.0,801764.0,929315.0,683291.0,1174149.0,996267.0,1612606.0,2170416.0,557810.0,379246.0,1906554.0,2285800.0,16717.0,1042.0,0.0,6984.0,4510.0,881.0,0.0,7000.0,6000.0,8000.0,0.0,0.0,0.0,0.0,21881.0,13000.0,45334.0,115000.0,-38131.08,-66937.2,105270.0,52635.0,0.0,0.0,0.0,0.0,-4813.82,38131.08,66937.2,4813.82,13000.0,45334.0,162718.82,93765.89999999997,0.4590212198951722,0.2634564168231439,0.458042034799229,-2474.0
К49,Май,5,801764.0,810607.0,955381.0,648938.0,1211698.0,939544.0,1604319.0,2151242.0,546923.0,360613.0,1744687.0,2105300.0,38329.0,0.0,0.0,1820.0,3050.0,613.0,0.0,7000.0,0.0,8000.0,0.0,0.0,0.0,0.0,15613.0,13000.0,45500.0,115000.0,-34893.740000000005,-65630.75999999998,105270.0,52635.0,0.0,0.0,10200.0,0.0,-5678.860000000001,34893.740000000005,65630.75999999998,5678.860000000001,13000.0,45500.0,173783.86,83501.64000000003,0.4367449129386652,0.26828773023537206,0.4478178192677883,1230.0
К49,Июнь,6,810607.0,781688.0,845506.0,619702.0,1069427.0,889676.0,1465208.0,1959103.0,493895.0,321682.0,1623212.0,1944894.0,39222.0,819.0,0.0,3087.0,0.0,816.0,0.0,7000.0,0.0,8000.0,0.0,0.0,0.0,0.0,15816.0,13000.0,45500.0,115000.0,-32464.240000000005,-59267.4,105270.0,52635.0,93431.0,46715.0,0.0,0.0,-3479.52,32464.240000000005,59267.4,3479.52,13000.0,45500.0,301530.52,-89502.15999999999,0.45412415784162447,0.2648366776817669,0.4356513291872545,-3087.0
К49,Июль,7,781688.0,835921.0,831817.0,643104.0,1043974.0,917138.0,1474921.0,1961112.0,486191.0,345000.0,1554445.0,1899445.0,4528.0,1980.0,0.0,926.0,0.0,0.0,0.0,7000.0,12000.0,10000.0,0.0,0.0,0.0,0.0,29000.0,13000.0,45500.0,115000.0,-31088.9,-58342.920000000006,52634.0,26316.0,93430.0,46715.0,55900.0,0.0,-18678.0,31088.9,58342.920000000006,18678.0,13000.0,45500.0,293673.0,-101393.82,0.46766222428907683,0.2550524935172039,0.4261114843011395,-926.0
К49,Август,8,835921.0,873577.0,876215.0,688747.0,1092383.0,997878.0,1564962.0,2090261.0,525299.0,365972.0,1663544.0,2029516.0,25189.0,0.0,0.0,0.0,2100.0,1612.0,0.0,7000.0,0.0,10000.0,0.0,0.0,0.0,9360.0,27972.0,13000.0,45500.0,115000.0,-33270.880000000005,-63035.880000000005,16195.0,8097.0,0.0,0.0,92300.0,0.0,-26459.84,33270.880000000005,63035.880000000005,26459.84,13000.0,45500.0,143051.84,84468.4,0.4773939713748666,0.24670657315841432,0.44883099309325486,2100.0
К80,Январь,1,774104.0,836048.0,543936.0,556645.0,697472.0,816154.0,1100581.0,1513626.0,413045.0,215080.0,1188337.0,1403417.0,38089.0,6022.0,0.0,4890.0,736.0,0.0,0.0,6000.0,6000.0,2000.0,0.0,0.0,0.0,0.0,14000.0,13000.0,0.0,65000.0,-23766.74,-49565.399999999994,55835.0,0.0,0.0,0.0,41900.0,0.0,-12298.0,23766.74,49565.399999999994,12298.0,13000.0,0.0,110033.0,131657.86000000002,0.5392045326916953,0.28226850217672667,0.46620197792129636,-4154.0
К80,Февраль,2,836048.0,694575.0,406513.0,519635.0,521604.0,769285.0,926148.0,1290889.0,364741.0,161853.0,1225760.0,1387613.0,22964.0,5172.0,-18214.0,7544.0,9145.0,0.0,0.0,11000.0,0.0,2000.0,0.0,0.0,0.0,0.0,13000.0,13000.0,0.0,65000.0,-24515.200000000004,-43768.92,59214.0,52634.0,0.0,0.0,42200.0,0.0,-12144.0,24515.200000000004,43768.92,12144.0,13000.0,0.0,166192.0,34092.880000000005,0.5959342747517409,0.2831176370743371,0.4804333811232885,-16613.0
К80,Март,3,694575.0,775173.0,542755.0,671729.0,691081.0,975096.0,1214484.0,1666177.0,451693.0,223578.0,1347548.0,1571126.0,14852.0,9555.0,0.0,1536.0,11490.0,1018.0,0.0,11000.0,0.0,2000.0,0.0,0.0,0.0,0.0,14018.0,13000.0,0.0,65000.0,-26950.960000000003,-54203.15999999999,59215.0,32896.0,0.0,0.0,49900.0,0.0,-14061.96,26950.960000000003,54203.15999999999,14061.96,13000.0,0.0,156072.96,112892.92000000001,0.585229540438981,0.2732835257160229,0.45162111506277086,9954.0
К80,Апрель,4,775173.0,699165.0,628819.0,435812.0,802638.0,641712.0,1064631.0,1444350.0,379719.0,235998.0,1226754.0,1462752.0,53267.0,0.0,0.0,4755.0,416.0,1365.0,0.0,4000.0,6000.0,2000.0,0.0,0.0,0.0,0.0,13365.0,13000.0,21741.0,65000.0,-24535.08,-45566.279999999984,59215.0,36510.0,0.0,0.0,45900.0,0.0,-13038.3,24535.08,45566.279999999984,13038.3,13000.0,21741.0,154663.3,41848.34000000001,0.44429120365562363,0.27642135495269704,0.4724514240085174,-4339.0
К80,Май,5,699165.0,604190.0,587220.0,442514.0,741504.0,627168.0,1029734.0,1368672.0,338938.0,165183.0,1195359.0,1360542.0,96799.0,4294.0,0.0,5512.0,3500.0,0.0,0.0,6000.0,0.0,2000.0,0.0,0.0,0.0,0.0,8000.0,13000.0,22000.0,65000.0,-23907.18,-40672.55999999998,59215.0,36509.0,0.0,0.0,37380.0,0.0,-9983.6,23907.18,40672.55999999998,9983.6,13000.0,22000.0,143087.6,18976.66000000001,0.4582310443992425,0.2627362828241545,0.4172839729364495,-2012.0
К80,Июнь,6,604190.0,686238.0,746315.0,481722.0,933302.0,692650.0,1228037.0,1625952.0,397915.0,256694.0,1092480.0,1349174.0,189545.0,3148.0,0.0,7986.0,5949.0,1384.0,0.0,6000.0,0.0,3000.0,0.0,0.0,0.0,0.0,10384.0,13000.0,22000.0,65000.0,-21849.600000000002,-47749.799999999996,59215.0,36509.0,0.0,20000.0,46323.0,73000.0,-28535.54,21849.600000000002,47749.799999999996,28535.54,13000.0,22000.0,263582.54,-48798.939999999966,0.4259965853850544,0.25054702102999404,0.43786250160881174,-2037.0
К80,Июль,7,686238.0,567596.0,548715.0,394900.0,690408.0,568272.0,943615.0,1258680.0,315065.0,161493.0,1162433.0,1323926.0,43332.0,2627.0,0.0,7437.0,0.0,311.0,0.0,2000.0,12000.0,2000.0,0.0,0.0,0.0,0.0,16311.0,13000.0,22000.0,65000.0,-23248.66,-37807.799999999996,52635.0,26317.0,0.0,0.0,55864.0,0.0,-15878.5,23248.66,37807.799999999996,15878.5,13000.0,22000.0,150694.5,-15623.959999999992,0.45148250548193347,0.2582269484158443,0.4390276019245379,-7437.0
К80,Август,8,567596.0,647772.0,760822.0,516440.0,945021.0,741902.0,1277262.0,1686923.0,409661.0,208364.0,1277565.0,1485929.0,125926.0,0.0,0.0,940.0,6048.0,3316.0,0.0,4000.0,0.0,1266.0,0.0,0.0,0.0,0.0,8582.0,13000.0,25000.0,195000.0,-25551.3,-49159.31999999999,27329.0,14565.0,0.0,0.0,52500.0,0.0,-13438.04,25551.3,49159.31999999999,13438.04,13000.0,25000.0,107832.04000000001,-14463.659999999982,0.43979600728663965,0.24210524932244334,0.4365695918209279,5108.0
ПЗ1,Январь,1,759081.0,721116.0,356804.0,379543.0,458826.0,549755.0,736347.0,1008581.0,272234.0,149480.0,859786.0,1009266.0,14956.0,17731.0,740.0,12133.0,6800.0,630.0,0.0,4000.0,3000.0,5000.0,0.0,0.0,0.0,0.0,12630.0,13000.0,35000.0,95000.0,-17195.72,-32668.080000000005,52635.0,0.0,0.0,0.0,38200.0,0.0,-11182.6,17195.72,32668.080000000005,11182.6,13000.0,35000.0,102017.6,-53008.4,0.5450776883562153,0.2859328931290008,0.44846565474794686,-4593.0
ПЗ1,Февраль,2,721116.0,547072.0,477399.0,350005.0,602986.0,521110.0,827404.0,1124096.0,296692.0,251343.0,1035676.0,1287019.0,4430.0,1269.0,-6025.0,0.0,603.0,295.0,0.0,4000.0,0.0,5000.0,0.0,0.0,0.0,0.0,9295.0,13000.0,35000.0,95000.0,-20713.520000000008,-35603.04,52634.0,26317.0,0.0,0.0,49500.0,0.0,-12934.9,20713.520000000008,35603.04,12934.9,13000.0,35000.0,141385.9,-54574.46,0.46358140230015943,0.26306506716603933,0.4888644447936458,-5422.0
ПЗ1,Март,3,547072.0,660505.0,690351.0,540627.0,863192.0,783012.0,1230978.0,1646204.0,415226.0,252894.0,1259809.0,1512703.0,9036.0,4538.0,-2862.0,3632.0,0.0,1336.0,0.0,4000.0,0.0,5000.0,0.0,0.0,0.0,0.0,10336.0,13000.0,0.0,95000.0,-25196.180000000004,-49827.12,52635.0,26317.0,0.0,0.0,55865.0,0.0,-14564.220000000001,25196.180000000004,49827.12,14564.220000000001,13000.0,0.0,149381.22,67947.48000000001,0.47564700365203827,0.2503668423743864,0.44834053793095796,-6494.0
ПЗ1,Апрель,4,660505.0,695248.0,630903.0,380889.0,805175.0,548904.0,1011792.0,1354079.0,342287.0,196654.0,1107533.0,1304187.0,13176.0,5678.0,3705.0,0.0,0.0,1789.0,0.0,4000.0,6000.0,5000.0,0.0,0.0,0.0,0.0,16789.0,13000.0,0.0,95000.0,-22150.66,-41074.439999999995,89075.0,44537.0,0.0,0.0,22926.0,0.0,-8737.300000000001,22150.66,41074.439999999995,8737.300000000001,13000.0,0.0,165275.3,-16680.40000000001,0.4053707353854539,0.2762262978619534,0.44111276513629954,3705.0
ПЗ1,Май,5,695248.0,726298.0,613389.0,418437.0,777361.0,597198.0,1031826.0,1374559.0,342733.0,187845.0,1012427.0,1200272.0,139327.0,0.0,-3414.0,496.0,0.0,432.0,0.0,4000.0,0.0,5000.0,0.0,0.0,0.0,0.0,9432.0,13000.0,0.0,95000.0,-20248.54,-41127.960000000014,105270.0,52635.0,0.0,0.0,3360.0,0.0,-2814.24,20248.54,41127.960000000014,2814.24,13000.0,0.0,164079.24,-154.74000000002889,0.43446516300864496,0.2673213898521167,0.42721126477821036,-3910.0
ПЗ1,Июнь,6,726298.0,754072.0,727506.0,316978.0,922321.0,457922.0,1044484.0,1380243.0,335759.0,192560.0,1124330.0,1316890.0,31921.0,3258.0,0.0,400.0,0.0,3065.0,0.0,4000.0,0.0,5000.0,0.0,0.0,0.0,0.0,12065.0,13000.0,0.0,95000.0,-22486.600000000006,-40291.08,105269.0,52634.0,0.0,0.0,0.0,0.0,-2654.3,22486.600000000006,40291.08,2654.3,13000.0,0.0,160557.3,-10898.979999999992,0.33176911601797654,0.2677847330468752,0.44464915546189326,-400.0
ПЗ1,Июль,7,754072.0,531514.0,686137.0,290351.0,849288.0,413758.0,976488.0,1263046.0,286558.0,199000.0,1245568.0,1444568.0,24443.0,0.0,-13643.0,2950.0,0.0,0.0,0.0,4000.0,9000.0,5000.0,0.0,0.0,0.0,0.0,18000.0,13000.0,0.0,95000.0,-24911.360000000004,-34386.96000000001,105269.0,52635.0,93608.0,46804.0,3000.0,0.0,-4620.0,24911.360000000004,34386.96000000001,4620.0,13000.0,0.0,305936.0,-204676.32,0.32758743545365726,0.23778195899652693,0.4250269501396586,-16593.0
ПЗ1,Август,8,531514.0,762887.0,842348.0,502228.0,1064497.0,728206.0,1344576.0,1792703.0,448127.0,315142.0,1230249.0,1545391.0,22381.0,0.0,6861.0,419.0,0.0,2277.0,0.0,4000.0,0.0,5000.0,0.0,0.0,0.0,0.0,11277.0,13000.0,0.0,95000.0,-24604.980000000003,-53775.23999999999,52635.0,26318.0,0.0,0.0,29700.0,0.0,-9014.94,24604.980000000003,53775.23999999999,9014.94,13000.0,0.0,117667.94,132801.84000000003,0.40620560126245114,0.26372591850399124,0.44995101826262174,6442.0
ПЗ2,Январь,1,753949.0,817029.0,608645.0,576720.0,781719.0,844571.0,1185365.0,1626290.0,440925.0,279012.0,1275023.0,1554035.0,5236.0,3379.0,0.0,560.0,0.0,3313.0,0.0,4000.0,6000.0,3000.0,0.0,0.0,0.0,0.0,16313.0,13000.0,30000.0,100000.0,-25500.46,-52911.000000000015,52635.0,0.0,0.0,0.0,47500.0,0.0,-14038.86,25500.46,52911.000000000015,14038.86,13000.0,30000.0,114173.86,85647.67999999998,0.5193237368489015,0.2843595199171931,0.4644385490359273,-560.0
ПЗ2,Февраль,2,817029.0,851229.0,685873.0,595157.0,878696.0,887049.0,1281030.0,1765745.0,484715.0,299407.0,1422371.0,1721778.0,3065.0,1899.0,0.0,4803.0,0.0,2513.0,0.0,4000.0,0.0,3000.0,0.0,0.0,0.0,0.0,9513.0,13000.0,30000.0,100000.0,-28447.420000000006,-58165.79999999999,52634.0,0.0,0.0,0.0,46700.0,0.0,-12366.86,28447.420000000006,58165.79999999999,12366.86,13000.0,30000.0,111700.86,131988.92000000004,0.5023652905714019,0.281135137263021,0.4904453782783366,-4803.0
ПЗ2,Март,3,851229.0,862661.0,580957.0,574153.0,741712.0,845147.0,1155110.0,1586859.0,431749.0,236764.0,1310735.0,1547499.0,13022.0,11422.0,0.0,3484.0,0.0,1902.0,0.0,4000.0,0.0,3000.0,0.0,0.0,0.0,0.0,8902.0,13000.0,30000.0,100000.0,-26214.700000000004,-51809.880000000005,0.0,13158.0,0.0,0.0,120000.0,0.0,-28358.44,26214.700000000004,51809.880000000005,28358.44,13000.0,30000.0,161516.44,28883.979999999985,0.5325911123798649,0.27670722618025084,0.4719891736174852,-3484.0
ПЗ2,Апрель,4,862661.0,709525.0,569257.0,351172.0,716891.0,511794.0,920429.0,1228685.0,308256.0,231734.0,1137039.0,1368773.0,16723.0,4281.0,0.0,1078.0,9034.0,2030.0,0.0,4000.0,3000.0,5000.0,0.0,0.0,0.0,0.0,14030.0,13000.0,50505.0,100000.0,-22740.78,-36990.72,0.0,13159.0,0.0,0.0,115622.0,0.0,-28523.44,22740.78,36990.72,28523.44,13000.0,50505.0,157304.44,-90595.94,0.41653800607967056,0.2593450761255461,0.45738840226441746,7956.0
ПЗ2,Май,5,709525.0,572593.0,530997.0,360552.0,671544.0,518788.0,891549.0,1190332.0,298783.0,189605.0,1100724.0,1290329.0,33490.0,6890.0,3445.0,0.0,0.0,1538.0,0.0,4000.0,0.0,5000.0,0.0,0.0,0.0,0.0,10538.0,13000.0,50500.0,100000.0,-22014.48,-35853.96,52635.0,26317.0,0.0,0.0,59300.0,0.0,-15364.359999999999,22014.48,35853.96,15364.359999999999,13000.0,50500.0,153616.36,-93629.8,0.43583470829986926,0.2646851112153176,0.4388715081319754,3445.0
ПЗ2,Июнь,6,572593.0,610491.0,697174.0,431634.0,879046.0,617526.0,1128808.0,1496572.0,367764.0,229433.0,1220406.0,1449839.0,0.0,8835.0,0.0,0.0,0.0,2413.0,0.0,4000.0,3000.0,5000.0,0.0,0.0,0.0,0.0,14413.0,13000.0,50500.0,100000.0,-24408.12,-44131.68,52635.0,26317.0,0.0,0.0,48900.0,0.0,-13928.86,24408.12,44131.68,13928.86,13000.0,50500.0,141780.86,-29304.65999999999,0.4126269902149713,0.260870313580254,0.4306704291135545,0.0
ПЗ2,Июль,7,610491.0,584894.0,842143.0,487987.0,1042477.0,703680.0,1330130.0,1746157.0,416027.0,255691.0,1488164.0,1743855.0,5112.0,11242.0,-12965.0,2750.0,4170.0,2021.0,0.0,4000.0,6000.0,5000.0,0.0,0.0,0.0,0.0,17021.0,13000.0,50500.0,100000.0,-29763.279999999995,-49923.24,52635.0,26317.0,0.0,0.0,55700.0,0.0,-15998.62,29763.279999999995,49923.24,15998.62,13000.0,50500.0,150650.62,-6073.13999999999,0.40298781839204606,0.2378859647352053,0.4420056271990852,-11545.0
ПЗ2,Август,8,584894.0,649996.0,787771.0,571864.0,973653.0,814865.0,1359635.0,1788518.0,428883.0,297597.0,1403059.0,1700656.0,15060.0,1019.0,-6681.0,0.0,0.0,3097.0,0.0,4000.0,0.0,5000.0,0.0,0.0,0.0,0.0,12097.0,13000.0,50500.0,100000.0,-28061.179999999993,-51465.95999999999,26317.0,13159.0,0.0,0.0,55900.0,0.0,-14959.34,28061.179999999993,51465.95999999999,14959.34,13000.0,50500.0,110335.34,62404.52000000002,0.45560905733126533,0.23595943491192237,0.42492795489836743,-6681.0
МИРА,Январь,1,621556.0,697717.0,318996.0,475527.0,412057.0,700961.0,794523.0,1113018.0,318495.0,131438.0,896096.0,1027534.0,1604.0,10384.0,0.0,3853.0,6518.0,1956.0,0.0,4000.0,6000.0,11000.0,0.0,0.0,0.0,0.0,22956.0,13000.0,0.0,67000.0,-17921.920000000006,-38219.4,105270.0,0.0,0.0,0.0,0.0,0.0,-5050.32,17921.920000000006,38219.4,5050.32,13000.0,0.0,110320.32,38693.35999999999,0.6297840645883535,0.2917309307953705,0.47407192441228363,2665.0
МИРА,Февраль,2,697717.0,600305.0,294789.0,458929.0,383412.0,677876.0,753718.0,1061288.0,307570.0,146382.0,993087.0,1139469.0,1145.0,0.0,-17008.0,6578.0,5500.0,2150.0,0.0,4000.0,0.0,11000.0,0.0,0.0,0.0,0.0,17150.0,13000.0,0.0,67000.0,-19861.739999999998,-36908.39999999999,105268.0,26317.0,0.0,0.0,0.0,0.0,-3773.0,19861.739999999998,36908.39999999999,3773.0,13000.0,0.0,135358.0,18291.860000000015,0.6387295437242294,0.3006319774482766,0.4770825116739191,-18086.0
МИРА,Март,3,600305.0,740080.0,388631.0,610597.0,506703.0,886821.0,999228.0,1393524.0,394296.0,175051.0,1069453.0,1244504.0,0.0,6839.0,0.0,2406.0,0.0,339.0,0.0,4000.0,0.0,11000.0,0.0,0.0,0.0,0.0,15339.0,13000.0,0.0,67000.0,-21389.059999999998,-47315.52,105270.0,52635.0,0.0,0.0,3363.0,0.0,-4114.44,21389.059999999998,47315.52,4114.44,13000.0,0.0,165382.44,58030.98000000001,0.6363873173336089,0.3038151871569689,0.4523834869807746,-2406.0
МИРА,Апрель,4,740080.0,521924.0,317322.0,355346.0,398172.0,521612.0,672668.0,919784.0,247116.0,158737.0,962394.0,1121131.0,8814.0,9792.0,0.0,3803.0,5600.0,4070.0,0.0,10000.0,6000.0,11000.0,0.0,0.0,0.0,0.0,31070.0,13000.0,0.0,67000.0,-19247.880000000005,-29653.920000000006,105270.0,52635.0,0.0,0.0,0.0,0.0,-6835.4,19247.880000000005,29653.920000000006,6835.4,13000.0,0.0,164740.4,-87388.20000000001,0.567102711071295,0.2547885113543971,0.46789889291000886,1797.0
МИРА,Май,5,521924.0,555658.0,451464.0,366421.0,578164.0,521544.0,817885.0,1099708.0,281823.0,134169.0,871102.0,1005271.0,51351.0,0.0,0.0,9352.0,0.0,3169.0,0.0,4000.0,0.0,11000.0,0.0,0.0,0.0,0.0,18169.0,13000.0,0.0,67000.0,-17422.04,-33818.76,92000.0,45999.0,93400.0,46700.0,27000.0,0.0,-9937.18,17422.04,33818.76,9937.18,13000.0,0.0,315036.18,-182622.98,0.4742568027149025,0.2806425318519306,0.4233463693401852,-9352.0
МИРА,Июнь,6,555658.0,564538.0,414949.0,305892.0,535561.0,438499.0,720841.0,974060.0,253219.0,89903.0,873205.0,963108.0,2452.0,600.0,0.0,1420.0,2400.0,3003.0,0.0,4000.0,0.0,6000.0,0.0,0.0,0.0,0.0,13003.0,13000.0,0.0,67000.0,-17464.100000000002,-30386.279999999995,52635.0,26317.0,0.0,0.0,52000.0,0.0,-14300.66,17464.100000000002,30386.279999999995,14300.66,13000.0,0.0,145252.66,-33487.04000000001,0.45017658049812126,0.29066704582972847,0.4335092124017627,980.0
МИРА,Июль,7,564538.0,500989.0,400300.0,401303.0,491874.0,579024.0,801603.0,1070898.0,269295.0,151224.0,965834.0,1117058.0,956.0,329.0,-14364.0,1740.0,0.0,1824.0,0.0,4000.0,13000.0,0.0,0.0,0.0,0.0,0.0,18824.0,13000.0,0.0,67000.0,-19316.679999999997,-32315.400000000005,52635.0,26317.0,0.0,0.0,55900.0,0.0,-16439.28,19316.679999999997,32315.400000000005,16439.28,13000.0,0.0,151291.28,-32781.36,0.5406901497621622,0.22876342742942793,0.4428598839281042,-16104.0
МИРА,Август,8,500989.0,558228.0,428914.0,443086.0,561654.0,629465.0,872000.0,1191119.0,319119.0,145484.0,988396.0,1133880.0,0.0,0.0,0.0,0.0,0.0,2584.0,0.0,4000.0,0.0,7000.0,0.0,0.0,0.0,0.0,13584.0,13000.0,0.0,67000.0,-19767.92,-38294.27999999999,52635.0,26318.0,0.0,0.0,38200.0,0.0,-11392.48,19767.92,38294.27999999999,11392.48,13000.0,0.0,128545.48,38927.32000000002,0.5284652499036621,0.3094792895545494,0.4206384313654686,0.0
МАК,Январь,1,826421.0,852454.0,183689.0,426986.0,241422.0,624469.0,610675.0,865891.0,255216.0,123806.0,709116.0,832922.0,5935.0,315.0,0.0,2286.0,1600.0,0.0,0.0,4000.0,6000.0,11000.0,0.0,0.0,0.0,0.0,21000.0,13000.0,0.0,75000.0,-14182.319999999998,-30625.920000000002,26318.0,0.0,0.0,0.0,68000.0,0.0,-19580.0,14182.319999999998,30625.920000000002,19580.0,13000.0,0.0,113898.0,-12805.240000000005,0.7211866158673551,0.31429753550838646,0.46250462544439397,-686.0
МАК,Февраль,2,852454.0,786356.0,362998.0,516258.0,454386.0,756506.0,879256.0,1210892.0,331636.0,188270.0,1073960.0,1262230.0,886.0,16631.0,0.0,923.0,3680.0,0.0,0.0,4000.0,0.0,11000.0,0.0,0.0,0.0,0.0,15000.0,13000.0,0.0,75000.0,-21479.200000000004,-39796.31999999999,52634.0,26317.0,0.0,0.0,49300.0,0.0,-14146.0,21479.200000000004,39796.31999999999,14146.0,13000.0,0.0,142397.0,8332.479999999981,0.6247510099992403,0.2517589628592995,0.4653642171162481,2757.0
МАК,Март,3,786356.0,805613.0,427279.0,528584.0,547583.0,789051.0,955863.0,1336634.0,380771.0,220391.0,1095459.0,1315850.0,0.0,0.0,0.0,2824.0,1297.0,3784.0,0.0,4000.0,0.0,11000.0,0.0,0.0,0.0,0.0,18784.0,13000.0,0.0,75000.0,-21909.18,-45692.51999999999,52635.0,26317.0,0.0,0.0,55865.0,0.0,-16422.78,21909.18,45692.51999999999,16422.78,13000.0,0.0,151239.78,55145.52000000002,0.5903268957695226,0.28155841967426437,0.4927636856204501,-1527.0
МАК,Апрель,4,805613.0,720088.0,283635.0,450184.0,360754.0,654777.0,733819.0,1015531.0,281712.0,174007.0,926914.0,1100921.0,455.0,0.0,0.0,980.0,1300.0,1055.0,0.0,4000.0,6000.0,11000.0,0.0,0.0,0.0,0.0,22055.0,13000.0,0.0,75000.0,-18538.28,-33805.44,52635.0,26316.0,0.0,0.0,52500.0,0.0,-16402.1,18538.28,33805.44,16402.1,13000.0,0.0,147853.1,-28539.82,0.6447631830047532,0.27189521744495565,0.45446528530556396,320.0
МАК,Май,5,720088.0,745962.0,412194.0,364832.0,521361.0,527221.0,777026.0,1048582.0,271556.0,166210.0,852875.0,1019085.0,0.0,1959.0,0.0,1664.0,0.0,345.0,0.0,4000.0,0.0,11000.0,0.0,0.0,0.0,0.0,15345.0,13000.0,0.0,75000.0,-17057.500000000004,-32586.719999999998,52635.0,26317.0,0.0,0.0,56000.0,0.0,-15695.9,17057.500000000004,32586.719999999998,15695.9,13000.0,0.0,150647.9,-34040.12,0.5027942497582449,0.26484373862792765,0.44510624068064203,-1664.0
МАК,Июнь,6,745962.0,687744.0,341271.0,259294.0,416837.0,377084.0,600565.0,793921.0,193356.0,169070.0,678955.0,848025.0,0.0,0.0,0.0,4114.0,0.0,1855.0,0.0,4000.0,0.0,13000.0,0.0,0.0,0.0,0.0,18855.0,13000.0,0.0,75000.0,-13579.1,-23202.719999999998,52635.0,26317.0,0.0,0.0,55864.0,0.0,-16438.18,13579.1,23202.719999999998,16438.18,13000.0,0.0,151254.18,-101535.0,0.47496413371103674,0.22142520167257107,0.45427198469690777,-4114.0
МАК,Июль,7,687744.0,605168.0,336048.0,289765.0,417892.0,408937.0,625813.0,826829.0,201016.0,180807.0,726557.0,907364.0,1379.0,2549.0,0.0,613.0,2500.0,3893.0,0.0,4000.0,12000.0,12000.0,0.0,0.0,0.0,0.0,31893.0,13000.0,0.0,75000.0,-14531.14,-24121.919999999995,52635.0,26317.0,0.0,0.0,55865.0,93000.0,-39766.76,14531.14,24121.919999999995,39766.76,13000.0,0.0,267583.76,-227662.82,0.494584732756108,0.24354854068466408,0.411271202526185,1887.0
МАК,Август,8,605168.0,658879.0,326517.0,327377.0,410567.0,469109.0,653894.0,879676.0,225782.0,126365.0,702100.0,828465.0,0.0,0.0,0.0,0.0,2500.0,0.0,0.0,4000.0,3000.0,5000.0,0.0,0.0,0.0,0.0,12000.0,13000.0,0.0,75000.0,-14042.0,-27093.84,52635.0,26318.0,93414.0,46707.0,55900.0,0.0,-14938.0,14042.0,27093.84,14938.0,13000.0,0.0,289912.0,-205265.84,0.5332747511583811,0.2574138559401195,0.432932063034361,2500.0
ГС1,Январь,1,1331577.0,1276830.0,635647.0,773260.0,802109.0,1141749.0,1408907.0,1943858.0,534951.0,323320.0,1657629.0,1980949.0,14439.0,3087.0,0.0,1530.0,1400.0,1422.0,0.0,5000.0,7500.0,9000.0,0.0,0.0,0.0,16800.0,39722.0,13000.0,25000.0,88500.0,-33152.579999999994,-64194.12,105270.0,0.0,0.0,0.0,63600.0,0.0,-22730.839999999997,33152.579999999994,64194.12,22730.839999999997,13000.0,25000.0,191600.84,76694.45999999999,0.5873623484843029,0.26187805495817645,0.4765395856503634,-130.0
ГС1,Февраль,2,1276830.0,1287657.0,789010.0,982758.0,1027307.0,1446780.0,1771768.0,2474087.0,702319.0,430425.0,2018694.0,2449119.0,7837.0,472.0,0.0,6732.0,900.0,1115.0,0.0,5000.0,0.0,9000.0,0.0,0.0,0.0,0.0,15115.0,13000.0,25000.0,88500.0,-40373.88,-84278.27999999998,105268.0,52634.0,0.0,0.0,86100.0,0.0,-22267.3,40373.88,84278.27999999998,22267.3,13000.0,25000.0,266269.3,169310.54000000004,0.5847732921275606,0.30202025322872966,0.4721630350503379,-5832.0
ГС1,Март,3,1287657.0,1169202.0,827374.0,724540.0,1055133.0,1064669.0,1551914.0,2119802.0,567888.0,428278.0,1803776.0,2232054.0,14926.0,0.0,0.0,3277.0,12000.0,764.0,0.0,5000.0,0.0,9000.0,0.0,0.0,0.0,0.0,14764.0,13000.0,25000.0,88500.0,-36075.51999999999,-68146.56,105270.0,52635.0,0.0,0.0,111642.0,0.0,-27809.32,36075.51999999999,68146.56,27809.32,13000.0,25000.0,297356.32,25045.599999999984,0.5022492666767934,0.27527937788714657,0.46944130068733264,8723.0
ГС1,Апрель,4,1169202.0,1205701.0,890790.0,798437.0,1119062.0,1171745.0,1689227.0,2290807.0,601580.0,380260.0,1868527.0,2248787.0,0.0,3859.0,0.0,1662.0,0.0,1533.0,0.0,5000.0,9000.0,9000.0,0.0,0.0,0.0,0.0,24533.0,13000.0,29915.0,88500.0,-37370.54,-72189.6,105270.0,52635.0,0.0,0.0,104720.0,0.0,-28435.66,37370.54,72189.6,28435.66,13000.0,29915.0,291060.66,41152.19999999998,0.511498786235593,0.2562579283557292,0.46754847282878925,-1662.0
ГС1,Май,5,1205701.0,1044522.0,889412.0,642263.0,1125428.0,929918.0,1531675.0,2055346.0,523671.0,421964.0,1744782.0,2166746.0,48919.0,255.0,0.0,605.0,0.0,2234.0,0.0,5000.0,0.0,9000.0,0.0,0.0,0.0,0.0,16234.0,13000.0,30000.0,88500.0,-34895.64,-62840.520000000004,105270.0,52635.0,0.0,0.0,58360.0,0.0,-16410.68,34895.64,62840.520000000004,16410.68,13000.0,30000.0,232675.68,45270.15999999997,0.452438664828209,0.2653618345603612,0.4478772714604453,-605.0
ГС1,Июнь,6,1044522.0,1141614.0,969703.0,677917.0,1231476.0,980288.0,1647620.0,2211764.0,564144.0,420803.0,1629178.0,2049981.0,62387.0,0.0,0.0,2304.0,0.0,4865.0,0.0,5000.0,3000.0,9000.0,0.0,0.0,0.0,0.0,21865.0,13000.0,30000.0,88500.0,-32583.56,-67697.28000000001,105270.0,52635.0,0.0,0.0,83083.0,0.0,-23088.56,32583.56,67697.28000000001,23088.56,13000.0,30000.0,264076.56,46421.59999999998,0.4432154606006789,0.2699517274876947,0.4460295286886153,-2304.0
ГС1,Июль,7,1141614.0,890250.0,966728.0,650052.0,1195049.0,931085.0,1616780.0,2126134.0,509354.0,355052.0,1857354.0,2212406.0,160876.0,0.0,0.0,4216.0,0.0,1186.0,0.0,5000.0,18000.0,9000.0,0.0,0.0,0.0,0.0,33186.0,13000.0,30000.0,88500.0,-37147.08,-61122.479999999996,52635.0,26317.0,94012.0,47006.0,136383.0,0.0,-37305.18000000001,37147.08,61122.479999999996,37305.18000000001,13000.0,30000.0,393658.18,-147259.74,0.4379239502307945,0.2361791527709966,0.4323238756284113,-4216.0
ГС1,Август,8,890250.0,1015663.0,1098323.0,750281.0,1375676.0,1072242.0,1848604.0,2447918.0,599314.0,385582.0,1901198.0,2286780.0,40725.0,0.0,0.0,0.0,5000.0,4182.0,0.0,5000.0,0.0,0.0,6000.0,0.0,0.0,0.0,15182.0,13000.0,30000.0,88500.0,-38023.96000000001,-71917.68,33845.0,16922.0,0.0,0.0,174500.0,0.0,-41730.04,38023.96000000001,71917.68,41730.04,13000.0,30000.0,266997.04,75693.31999999998,0.4380220252475777,0.2525240753403143,0.42912055616495687,5000.0
ГС2,Январь,1,1310760.0,1196724.0,521672.0,492032.0,640023.0,716838.0,1013704.0,1356861.0,343157.0,271473.0,1148683.0,1420156.0,50122.0,619.0,0.0,0.0,0.0,5783.0,0.0,5000.0,4500.0,0.0,0.0,0.0,0.0,0.0,15283.0,13000.0,43000.0,65000.0,-22973.66,-41178.84,61835.0,0.0,0.0,0.0,19100.0,0.0,-7564.26,22973.66,41178.84,7564.26,13000.0,43000.0,88499.26,53603.24,0.5283061418966276,0.22686860709411277,0.4568930476066597,0.0
ГС2,Февраль,2,1196724.0,1056074.0,747075.0,764962.0,956208.0,1115167.0,1512037.0,2071375.0,559338.0,387766.0,1792892.0,2180658.0,28853.0,658.0,0.0,1856.0,0.0,2941.0,0.0,5000.0,0.0,0.0,0.0,0.0,0.0,0.0,7941.0,13000.0,43000.0,65000.0,-35857.84,-67120.56,61844.0,52634.0,0.0,0.0,62100.0,0.0,-15409.02,35857.84,67120.56,15409.02,13000.0,43000.0,191987.02,134773.58000000005,0.538370406131193,0.27993574942274874,0.4578070544680651,-1856.0
ГС2,Март,3,1056074.0,1244105.0,799799.0,968991.0,1028023.0,1406776.0,1768790.0,2434799.0,666009.0,369812.0,1833469.0,2203281.0,38566.0,2258.0,0.0,2663.0,0.0,4630.0,0.0,5000.0,0.0,0.0,0.0,0.0,0.0,0.0,9630.0,13000.0,43000.0,65000.0,-36669.38,-79921.07999999999,61923.0,32896.0,0.0,0.0,47780.0,0.0,-12630.2,36669.38,79921.07999999999,12630.2,13000.0,43000.0,155229.2,261301.34000000003,0.5777791103084895,0.2853516946132716,0.45179470191157606,-2663.0
ГС2,Апрель,4,1244105.0,1000367.0,742527.0,725037.0,945740.0,1046057.0,1467564.0,1991797.0,524233.0,372235.0,1854518.0,2226753.0,13693.0,0.0,0.0,3271.0,8182.0,1552.0,0.0,5000.0,6000.0,0.0,0.0,0.0,0.0,0.0,12552.0,13000.0,43000.0,65000.0,-37090.35999999999,-62907.95999999999,105270.0,52635.0,0.0,0.0,87080.0,0.0,-21919.04,37090.35999999999,62907.95999999999,21919.04,13000.0,43000.0,266904.04,23778.64000000005,0.5251825361721099,0.27367759017517207,0.4427636106846961,4911.0
ГС2,Май,5,1000367.0,1125496.0,918171.0,730094.0,1161824.0,1040163.0,1648265.0,2201987.0,553722.0,320002.0,1743698.0,2063700.0,11278.0,0.0,0.0,1880.0,0.0,2002.0,0.0,5000.0,0.0,0.0,0.0,0.0,0.0,0.0,7002.0,13000.0,43000.0,65000.0,-34873.95999999999,-66446.63999999998,52635.0,26317.0,0.0,0.0,83900.0,0.0,-19998.440000000002,34873.95999999999,66446.63999999998,19998.440000000002,13000.0,43000.0,182850.44,141548.96000000002,0.4723747233748428,0.2653677800758247,0.4246973677362093,-1880.0
ГС2,Июнь,6,1125496.0,1174324.0,1030310.0,759575.0,1315828.0,1093298.0,1789885.0,2409126.0,619241.0,358476.0,1931484.0,2289960.0,68038.0,0.0,0.0,2300.0,0.0,3976.0,0.0,5000.0,0.0,0.0,0.0,0.0,0.0,0.0,8976.0,13000.0,43000.0,65000.0,-38629.68000000001,-74308.91999999998,52635.0,26317.0,0.0,0.0,97922.0,0.0,-23517.559999999998,38629.68000000001,74308.91999999998,23517.559999999998,13000.0,43000.0,200391.56,175934.84000000003,0.4538152010314114,0.27711853713930756,0.43935490241253333,-2300.0
ГС2,Июль,7,1174324.0,1166708.0,1079668.0,705540.0,1340806.0,1005200.0,1785208.0,2346006.0,560798.0,341400.0,2002014.0,2343414.0,22731.0,399.0,0.0,1080.0,14002.0,5290.0,0.0,5000.0,12000.0,0.0,1000.0,0.0,0.0,6300.0,29590.0,13000.0,43000.0,65000.0,-40040.280000000006,-67295.76,26318.0,13159.0,93682.0,46841.0,126000.0,0.0,-34229.8,40040.280000000006,67295.76,34229.8,13000.0,43000.0,340229.8,-37756.84000000004,0.42847290245634495,0.24186879670417202,0.42472432463077925,12922.0
ГС2,Август,8,1166708.0,1073248.0,876832.0,690182.0,1100523.0,984339.0,1567014.0,2084862.0,517848.0,290905.0,1865078.0,2155983.0,21434.0,0.0,0.0,905.0,0.0,5405.0,0.0,5000.0,0.0,1000.0,0.0,0.0,0.0,0.0,11405.0,13000.0,43000.0,65000.0,-37301.56000000001,-62141.759999999995,0.0,0.0,0.0,0.0,91000.0,0.0,-22529.1,37301.56000000001,62141.759999999995,22529.1,13000.0,43000.0,113529.1,172470.58,0.47213628527931345,0.25511272398817564,0.4262020742354915,-905.0
Н95,Январь,1,1316266.0,1138647.0,355379.0,634110.0,457066.0,909576.0,989489.0,1366642.0,377153.0,331813.0,1194119.0,1525932.0,10141.0,4946.0,0.0,3242.0,0.0,2750.0,0.0,6000.0,9000.0,19000.0,0.0,0.0,43000.0,0.0,79750.0,13000.0,0.0,40812.0,-23882.38,-45258.36000000001,52635.0,0.0,0.0,0.0,130600.0,0.0,-46277.0,23882.38,45258.36000000001,46277.0,13000.0,43000.0,229512.0,-60007.74000000002,0.6655554270979525,0.28613677229099077,0.43441358754790177,-3242.0
Н95,Февраль,2,1138647.0,965408.0,524155.0,818350.0,675194.0,1199611.0,1342505.0,1874805.0,532300.0,409361.0,1484039.0,1893400.0,1127.0,148481.0,0.0,5981.0,945.0,6128.0,0.0,6000.0,0.0,19000.0,0.0,0.0,73300.0,0.0,104428.0,13000.0,0.0,40812.0,-29680.78,-63876.0,52634.0,52634.0,93000.0,0.0,143300.0,0.0,-54500.159999999996,29680.78,63876.0,54500.159999999996,13000.0,73300.0,396068.16,-264045.94,0.6398590786775158,0.28815712909349334,0.4658899004093603,-5036.0
Н95,Март,3,965408.0,1109370.0,718977.0,929249.0,942443.0,1347463.0,1648226.0,2289906.0,641680.0,430225.0,1687975.0,2118200.0,5334.0,16578.0,0.0,5832.0,0.0,1534.0,0.0,6000.0,0.0,4000.0,0.0,0.0,73300.0,0.0,84834.0,13000.0,73000.0,40812.0,-33759.5,-77001.6,122113.0,69084.0,0.0,0.0,88650.0,0.0,-38166.479999999996,33759.5,77001.6,38166.479999999996,13000.0,146300.0,318013.48,-15318.579999999973,0.5884359445322209,0.3108110551519729,0.4500559053601349,-5832.0
Н95,Апрель,4,1109370.0,919190.0,663396.0,507199.0,884965.0,748335.0,1170595.0,1633300.0,462705.0,390436.0,1422892.0,1813328.0,0.0,5083.0,0.0,12460.0,7391.0,3977.0,0.0,6000.0,6000.0,0.0,0.0,0.0,0.0,0.0,15977.0,13000.0,73000.0,40812.0,-28457.84,-55524.60000000001,100578.0,26317.0,0.0,0.0,128400.0,0.0,-31762.940000000002,28457.84,55524.60000000001,31762.940000000002,13000.0,73000.0,287057.94,-56207.380000000034,0.4581736361966571,0.3339920650712395,0.47542680486357425,-5069.0
Н95,Май,5,919190.0,881546.0,700311.0,478226.0,901483.0,697308.0,1178537.0,1598791.0,420254.0,296164.0,1326774.0,1622938.0,5474.0,11394.0,0.0,6064.0,9435.0,3164.0,0.0,6000.0,0.0,0.0,0.0,0.0,0.0,0.0,9164.0,13000.0,73000.0,41000.0,-26535.48,-50430.47999999998,105270.0,52635.0,93600.0,46800.0,111800.0,0.0,-26612.079999999998,26535.48,50430.47999999998,26612.079999999998,13000.0,73000.0,436717.08,-240987.03999999998,0.4361470636249516,0.28726094549421616,0.4581139461258903,3371.0
Н95,Июнь,6,881546.0,810537.0,702690.0,440709.0,881407.0,636951.0,1143399.0,1518358.0,374959.0,263263.0,1316737.0,1580000.0,1962.0,2011.0,0.0,5394.0,0.0,1763.0,0.0,6000.0,0.0,13000.0,11000.0,0.0,38900.0,0.0,70663.0,13000.0,73000.0,41000.0,-26334.739999999998,-44995.07999999999,52636.0,26317.0,0.0,0.0,160900.0,0.0,-50943.86,26334.739999999998,44995.07999999999,50943.86,13000.0,111900.0,290796.86,-186841.68,0.4194998807922769,0.25433263601303563,0.4452870261328904,-5394.0
Н95,Июль,7,810537.0,837428.0,613988.0,492947.0,774766.0,705544.0,1106935.0,1480310.0,373375.0,258894.0,1187552.0,1446446.0,6470.0,0.0,-6400.0,2403.0,8300.0,7394.0,0.0,6000.0,21000.0,6000.0,0.0,0.0,0.0,0.0,40394.0,13000.0,73000.0,40000.0,-23751.040000000005,-44804.999999999985,31442.0,10721.0,0.0,0.0,123245.0,77500.0,-53050.58,23751.040000000005,44804.999999999985,53050.58,13000.0,73000.0,295958.58,-157533.62,0.47661908654268365,0.2618585379518818,0.43127760185172037,-503.0
Н95,Август,8,837428.0,996334.0,723550.0,735238.0,916391.0,1055227.0,1458788.0,1971618.0,512830.0,311054.0,1472141.0,1783195.0,28927.0,0.0,0.0,590.0,0.0,8127.0,0.0,6000.0,0.0,6000.0,0.0,0.0,0.0,0.0,20127.0,13000.0,73000.0,165000.0,-29442.820000000007,-61539.59999999999,59215.0,29607.0,0.0,0.0,145782.0,0.0,-36499.979999999996,29442.820000000007,61539.59999999999,36499.979999999996,13000.0,73000.0,271103.98,-120383.39999999998,0.5352086458938801,0.2665206274618202,0.435218255857287,-590.0
РОС,Январь,1,922136.0,1024519.0,330339.0,558679.0,417956.0,803762.0,889018.0,1221718.0,332700.0,188381.0,910347.0,1098728.0,0.0,20607.0,0.0,0.0,0.0,0.0,0.0,4000.0,3000.0,7000.0,0.0,0.0,0.0,0.0,14000.0,13000.0,45200.0,50000.0,-18206.940000000002,-39924.00000000001,52635.0,0.0,0.0,0.0,37500.0,0.0,-11330.0,18206.940000000002,39924.00000000001,11330.0,13000.0,45200.0,101465.0,30297.059999999998,0.6578948660820255,0.26523359336923585,0.438683036233687,0.0
РОС,Февраль,2,1024519.0,1017233.0,508715.0,596405.0,652071.0,879862.0,1105120.0,1531933.0,426813.0,212633.0,1281532.0,1494165.0,0.0,40864.0,-4190.0,0.0,0.0,1268.0,0.0,4000.0,0.0,7000.0,0.0,0.0,0.0,0.0,12268.0,13000.0,45200.0,50000.0,-25630.639999999996,-51217.56,52634.0,26317.0,0.0,0.0,37700.0,0.0,-10992.96,25630.639999999996,51217.56,10992.96,13000.0,45200.0,127643.95999999999,60988.84000000002,0.5743475726418845,0.2818002221283037,0.47527602887299736,-4190.0
РОС,Март,3,1017233.0,939827.0,501483.0,598742.0,661334.0,869398.0,1100225.0,1530732.0,430507.0,280865.0,1312357.0,1593222.0,12751.0,0.0,0.0,2165.0,0.0,0.0,0.0,4000.0,0.0,7000.0,0.0,0.0,0.0,0.0,11000.0,13000.0,45200.0,50000.0,-26247.14,-51660.84,52635.0,26316.0,0.0,0.0,55863.0,0.0,-14709.86,26247.14,51660.84,14709.86,13000.0,45200.0,149523.86,83875.15999999999,0.5679622559664265,0.3187565680192549,0.4520411128666437,-2165.0
РОС,Апрель,4,939827.0,893828.0,533398.0,449043.0,673390.0,665690.0,982441.0,1339080.0,356639.0,230833.0,1118039.0,1348872.0,0.0,36000.0,0.0,207.0,0.0,786.0,0.0,4000.0,6000.0,4000.0,0.0,0.0,0.0,0.0,14786.0,13000.0,58706.0,50000.0,-22360.78,-42796.67999999999,105270.0,26317.0,0.0,0.0,10243.0,0.0,-5506.38,22360.78,42796.67999999999,5506.38,13000.0,58706.0,147336.38,-28346.839999999993,0.49712489171670105,0.2624531775522218,0.48246381749631995,-207.0
РОС,Май,5,893828.0,822057.0,514733.0,427551.0,650673.0,621427.0,942284.0,1272100.0,329816.0,224770.0,1086484.0,1311254.0,24667.0,2512.0,-3987.0,1451.0,0.0,1725.0,0.0,4000.0,0.0,4000.0,0.0,0.0,0.0,0.0,9725.0,13000.0,59000.0,50000.0,-21729.679999999997,-39577.92,105270.0,52635.0,93400.0,46700.0,5180.0,0.0,-3279.1000000000004,21729.679999999997,39577.92,3279.1000000000004,13000.0,59000.0,306464.1,-172192.69999999998,0.48850483452558763,0.2640980858037079,0.4534570144848217,-5438.0
РОС,Июнь,6,822057.0,848050.0,447426.0,425660.0,577093.0,615530.0,873086.0,1192623.0,319537.0,217495.0,908194.0,1125689.0,45941.0,0.0,0.0,0.0,5000.0,630.0,0.0,4000.0,0.0,9000.0,0.0,0.0,0.0,10500.0,24130.0,13000.0,59000.0,50000.0,-18163.880000000005,-38344.43999999999,52635.0,13158.0,0.0,0.0,39365.0,0.0,-13968.900000000001,18163.880000000005,38344.43999999999,13968.900000000001,13000.0,59000.0,119126.9,-2228.219999999994,0.5161144804351417,0.28980658254102354,0.44606023586900345,5000.0
РОС,Июль,7,848050.0,747185.0,441055.0,356840.0,550524.0,500676.0,797895.0,1051200.0,253305.0,240295.0,872612.0,1112907.0,33283.0,0.0,0.0,5875.0,0.0,2430.0,0.0,4500.0,6000.0,8500.0,0.0,0.0,0.0,0.0,21430.0,13000.0,59000.0,50000.0,-17452.24,-30396.6,52635.0,26317.0,0.0,0.0,55883.0,0.0,-17008.86,17452.24,30396.6,17008.86,13000.0,59000.0,151843.86,-89817.7,0.47628995433789956,0.24819807053542076,0.4030826140567201,-5875.0
РОС,Август,8,747185.0,798398.0,373400.0,487197.0,458229.0,694616.0,860597.0,1152845.0,292248.0,174000.0,900467.0,1074467.0,27165.0,0.0,0.0,0.0,0.0,0.0,0.0,5000.0,0.0,8000.0,0.0,0.0,0.0,0.0,13000.0,13000.0,59000.0,50000.0,-18009.34,-35069.76,52635.0,13159.0,0.0,0.0,26200.0,0.0,-8624.0,18009.34,35069.76,8624.0,13000.0,59000.0,100618.0,3550.899999999994,0.6025233227363609,0.22717996786288164,0.4257394852595562,0.0
С1,Январь,1,1464205.0,1322845.0,1180134.0,691014.0,1499778.0,1024227.0,1871148.0,2524005.0,652857.0,299065.0,2274919.0,2573984.0,72813.0,6775.0,-18690.0,8496.0,15393.0,4620.0,0.0,12400.0,12000.0,20000.0,0.0,0.0,0.0,0.0,49020.0,25000.0,35000.0,95000.0,-45498.38000000001,-78342.83999999998,118427.0,0.0,0.0,0.0,70700.0,0.0,-26338.4,45498.38000000001,78342.83999999998,26338.4,25000.0,35000.0,215465.4,102755.38000000003,0.40579436253097756,0.2708539877674908,0.4822087540918129,-11793.0
С1,Февраль,2,1322845.0,1332762.0,1480770.0,860918.0,1874683.0,1283544.0,2341688.0,3158227.0,816539.0,387046.0,2720245.0,3107291.0,19539.0,9143.0,0.0,14773.0,2436.0,3326.0,0.0,11200.0,0.0,21000.0,0.0,0.0,0.0,0.0,35526.0,25000.0,35000.0,95000.0,-54404.899999999994,-97984.68000000001,118427.0,59214.0,0.0,0.0,84900.0,0.0,-26493.72,54404.899999999994,97984.68000000001,26493.72,25000.0,35000.0,289034.72,175445.69999999998,0.4064128385958324,0.2660190306394646,0.4909015725074862,-12337.0
С1,Март,3,1332762.0,1202287.0,1372859.0,892208.0,1767355.0,1338473.0,2265067.0,3105828.0,840761.0,346995.0,2809396.0,3156391.0,68412.0,9509.0,0.0,2565.0,574.0,3895.0,0.0,12400.0,0.0,21000.0,0.0,0.0,0.0,0.0,37295.0,25000.0,35000.0,95000.0,-56187.92000000001,-100891.31999999999,118428.0,85532.0,0.0,0.0,98600.0,0.0,-29896.9,56187.92000000001,100891.31999999999,29896.9,25000.0,35000.0,332456.9,149420.85999999996,0.43095528792966,0.2873536175237224,0.500180451195237,-1991.0
С1,Апрель,4,1202287.0,1125070.0,1507378.0,721575.0,1900369.0,1063839.0,2228953.0,2964208.0,735255.0,340747.0,2643278.0,2984025.0,54212.0,2586.0,9851.0,10453.0,0.0,5172.0,0.0,12000.0,12000.0,21000.0,0.0,0.0,0.0,0.0,50172.0,25000.0,35000.0,95000.0,-52865.56,-88230.59999999998,118429.0,59214.0,0.0,0.0,88600.0,0.0,-30529.84,52865.56,88230.59999999998,30529.84,25000.0,35000.0,296772.84,89628.00000000003,0.3588948548819786,0.2607116463156554,0.4743290718220559,-602.0
С1,Май,5,1125070.0,1225633.0,1819374.0,742862.0,2346015.0,1068658.0,2562236.0,3414673.0,852437.0,439662.0,2805224.0,3244886.0,62613.0,1965.0,0.0,4646.0,0.0,6510.0,0.0,12400.0,0.0,23000.0,0.0,0.0,0.0,0.0,41910.0,25000.0,35000.0,95000.0,-56104.48000000001,-102292.44,118428.0,59214.0,93433.0,46716.0,40500.0,0.0,-18130.2,56104.48000000001,102292.44,18130.2,25000.0,35000.0,376421.2,118743.88000000002,0.31296056752725665,0.2894627492753002,0.43856867089715185,-4646.0
С1,Июнь,6,1225633.0,1670433.0,1821737.0,768450.0,2333735.0,1115586.0,2590187.0,3449321.0,859134.0,388783.0,2863959.0,3252742.0,88830.0,777.0,343068.0,5240.0,0.0,3883.0,0.0,12000.0,3000.0,23000.0,0.0,0.0,0.0,0.0,41883.0,25000.0,35000.0,95000.0,-57279.18,-103096.07999999999,30702.0,12062.0,0.0,0.0,169000.0,0.0,-46394.26,57279.18,103096.07999999999,46394.26,25000.0,35000.0,258158.26,242940.47999999998,0.32342191405206994,0.281049350153178,0.45173531134101114,337828.0
С1,Июль,7,1670433.0,1478313.0,1734491.0,728063.0,2178894.0,1033402.0,2462554.0,3212296.0,749742.0,404413.0,2937798.0,3342211.0,61566.0,3047.0,5013.0,2605.0,0.0,7913.0,0.0,12400.0,24000.0,17000.0,0.0,0.0,0.0,0.0,61313.0,20000.0,35000.0,95000.0,-58755.96000000001,-89969.04,7798.0,3899.0,0.0,0.0,195300.0,70000.0,-71854.86,58755.96000000001,89969.04,71854.86,20000.0,35000.0,348851.86,37805.14,0.3217019851221681,0.25621522394754426,0.4193854103285018,2408.0
С1,Август,8,1478313.0,1016904.0,1417875.0,651706.0,1778111.0,936537.0,2069581.0,2714648.0,645067.0,417864.0,2721756.0,3139620.0,36437.0,0.0,0.0,0.0,0.0,16914.0,0.0,12400.0,0.0,14000.0,0.0,0.0,0.0,3350.0,46664.0,20000.0,35000.0,95000.0,-54435.12,-77408.04000000001,49909.0,24954.0,0.0,0.0,152900.0,93500.0,-64474.08,54435.12,77408.04000000001,64474.08,20000.0,35000.0,385737.08,-69177.24000000003,0.34499389976158973,0.2540675306356343,0.43705443865792243,0.0
С3,Январь,1,1296611.0,1216984.0,380814.0,246517.0,485192.0,358480.0,627331.0,843672.0,216341.0,113372.0,805834.0,919206.0,2320.0,538.0,0.0,4235.0,3000.0,0.0,0.0,4000.0,6000.0,15000.0,0.0,0.0,0.0,0.0,25000.0,25000.0,23000.0,34000.0,-16116.68,-25960.92,52635.0,0.0,0.0,0.0,41400.0,0.0,-14608.0,16116.68,25960.92,14608.0,25000.0,23000.0,108643.0,-41917.59999999999,0.4249044652424165,0.27409181385138154,0.4541796306137102,-1235.0
С3,Февраль,2,1216984.0,1274633.0,499968.0,422963.0,648216.0,623716.0,922931.0,1271932.0,349001.0,117132.0,1092170.0,1209302.0,1840.0,0.0,0.0,3141.0,0.0,1132.0,0.0,4000.0,0.0,15000.0,0.0,0.0,0.0,0.0,20132.0,25000.0,23000.0,34000.0,-21843.40000000001,-41880.119999999995,52634.0,26317.0,93000.0,46500.0,43400.0,0.0,-13977.04,21843.40000000001,41880.119999999995,13977.04,25000.0,23000.0,275828.04,-92682.56000000003,0.4903689819896032,0.29651497695852536,0.4746348971423032,-3141.0
С3,Март,3,1274633.0,1155652.0,484981.0,339442.0,617763.0,507013.0,824423.0,1124776.0,300353.0,151000.0,1091557.0,1242557.0,0.0,0.0,0.0,1200.0,0.0,0.0,0.0,4000.0,0.0,15000.0,0.0,0.0,0.0,0.0,19000.0,25000.0,23000.0,34000.0,-21831.14,-36042.35999999999,0.0,0.0,0.0,0.0,108500.0,0.0,-28050.0,21831.14,36042.35999999999,28050.0,25000.0,23000.0,136550.0,4929.5,0.4507679751346046,0.2737880453048676,0.49366607550038005,-1200.0
С3,Апрель,4,1155652.0,1163478.0,405716.0,308884.0,506937.0,450060.0,714600.0,956997.0,242397.0,155384.0,780172.0,935556.0,2366.0,0.0,-9851.0,1398.0,0.0,2384.0,0.0,4000.0,6000.0,15000.0,0.0,0.0,0.0,0.0,27384.0,25000.0,23000.0,34000.0,-15603.439999999999,-29087.64,14170.0,7085.0,0.0,0.0,105000.0,0.0,-29124.48,15603.439999999999,29087.64,29124.48,25000.0,23000.0,155379.48,-67057.56,0.4702836059047207,0.2494873261098897,0.45705183823053314,-11249.0
С3,Май,5,1163478.0,1135110.0,488912.0,276682.0,625292.0,404225.0,765594.0,1029517.0,263923.0,141000.0,916075.0,1057075.0,0.0,0.0,0.0,810.0,0.0,0.0,0.0,4000.0,0.0,15000.0,0.0,0.0,0.0,0.0,19000.0,20000.0,23000.0,34000.0,-18321.5,-31670.76,10543.0,5271.0,0.0,0.0,98000.0,0.0,-25740.0,18321.5,31670.76,25740.0,20000.0,23000.0,139554.0,-21623.259999999995,0.39263557571171726,0.27894590437542954,0.4609732472658142,-810.0
С3,Июнь,6,1135110.0,1181253.0,436869.0,258023.0,548269.0,376117.0,694892.0,924386.0,229494.0,142336.0,1051780.0,1194116.0,0.0,0.0,310300.0,2932.0,8505.0,2435.0,0.0,4000.0,0.0,17000.0,0.0,0.0,0.0,0.0,23435.0,20000.0,23000.0,34000.0,-21035.600000000006,-27539.28,52635.0,26317.0,0.0,0.0,52365.0,0.0,-16676.0,21035.600000000006,27539.28,16676.0,20000.0,23000.0,147993.0,-67508.88,0.4068830553470087,0.25499634901995794,0.45768788053778153,315873.0
С3,Июль,7,1181253.0,1104546.0,465965.0,319222.0,575962.0,447480.0,785187.0,1023442.0,238255.0,116311.0,982802.0,1099113.0,0.0,1036.0,0.0,0.0,0.0,6111.0,0.0,4000.0,12000.0,16000.0,0.0,0.0,0.0,0.0,38111.0,20000.0,23000.0,34000.0,-19656.039999999997,-28590.6,52635.0,26317.0,0.0,0.0,55900.0,93000.0,-41142.42,19656.039999999997,28590.6,41142.42,20000.0,23000.0,268994.42,-195133.06,0.4372304439333152,0.2360627944158896,0.40178308512571187,0.0
С3,Август,8,1104546.0,956789.0,410672.0,325786.0,512687.0,462051.0,736458.0,974738.0,238280.0,75727.0,1042299.0,1118026.0,4469.0,0.0,0.0,0.0,0.0,17027.0,0.0,4000.0,0.0,16000.0,0.0,0.0,0.0,1655.0,38682.0,20000.0,23000.0,34000.0,-20845.979999999996,-28593.6,52635.0,26318.0,0.0,0.0,55900.0,0.0,-20808.04,20845.979999999996,28593.6,20808.04,20000.0,23000.0,155661.04,-82502.62,0.47402584079003796,0.24840992324775002,0.4182653643802987,0.0
ПОЛ,Январь,1,784305.0,1080676.0,790540.0,839617.0,1014844.0,1241293.0,1630157.0,2256137.0,625980.0,209721.0,1726052.0,1935773.0,18358.0,859.0,0.0,4776.0,0.0,922.0,0.0,4000.0,4500.0,8000.0,0.0,0.0,0.0,0.0,17422.0,48000.0,0.0,51300.0,-34521.04000000001,-75117.6,52635.0,0.0,0.0,0.0,41283.0,0.0,-12915.1,34521.04000000001,75117.6,12915.1,48000.0,0.0,106833.1,291927.26,0.5501851173044899,0.2837351683659271,0.4784038436572866,-4776.0
ПОЛ,Февраль,2,1080676.0,1040363.0,663511.0,833220.0,848214.0,1223781.0,1496731.0,2071995.0,575264.0,213900.0,1886600.0,2100500.0,2679.0,1792.0,0.0,7337.0,0.0,2035.0,0.0,4000.0,0.0,8000.0,0.0,0.0,0.0,0.0,14035.0,48000.0,0.0,51300.0,-37732.00000000001,-69031.68,52634.0,26317.0,0.0,0.0,46200.0,0.0,-13251.699999999999,37732.00000000001,69031.68,13251.699999999999,48000.0,0.0,138402.7,214970.62,0.5906293210167013,0.27837217468888986,0.4687369482249586,-7337.0
ПОЛ,Март,3,1040363.0,1137883.0,638282.0,873297.0,1034417.0,1282499.0,1511579.0,2316916.0,805337.0,265653.0,1918415.0,2184068.0,28940.0,5478.0,0.0,910.0,0.0,788.0,0.0,4000.0,0.0,6000.0,0.0,0.0,0.0,0.0,10788.0,48000.0,0.0,51300.0,-38368.29999999999,-96640.44,52634.0,26316.0,0.0,0.0,55780.0,0.0,-14644.960000000001,38368.29999999999,96640.44,14644.960000000001,48000.0,0.0,149374.96,405387.3,0.5535371157176178,0.6206269329230654,0.4685714023980387,-910.0
ПОЛ,Апрель,4,1137883.0,1158971.0,896850.0,703268.0,1123575.0,1035854.0,1600118.0,2159429.0,559311.0,235188.0,1881290.0,2116478.0,12548.0,1186.0,0.0,8129.0,0.0,2323.0,0.0,4000.0,6000.0,6000.0,0.0,0.0,0.0,0.0,18323.0,48000.0,0.0,51300.0,-37625.80000000001,-67117.31999999999,52635.0,26317.0,0.0,0.0,69419.0,0.0,-19303.239999999998,37625.80000000001,67117.31999999999,19303.239999999998,48000.0,0.0,167674.24,168084.64,0.4796888436711742,0.25280147181802975,0.4729150195942372,-8129.0
ПОЛ,Май,5,1158971.0,1053185.0,814503.0,663342.0,1033408.0,955488.0,1477845.0,1988896.0,511051.0,235984.0,1761341.0,1997325.0,84654.0,8292.0,0.0,4411.0,0.0,3496.0,0.0,4000.0,0.0,6000.0,0.0,0.0,0.0,0.0,13496.0,36000.0,0.0,51300.0,-35226.82000000001,-61326.119999999995,52635.0,26317.0,0.0,0.0,55863.0,0.0,-15258.98,35226.82000000001,61326.119999999995,15258.98,36000.0,0.0,150073.98,155336.08,0.4804112432223706,0.26875898554087585,0.44041535135721843,-4411.0
ПОЛ,Июнь,6,1053185.0,901101.0,687004.0,548167.0,870583.0,796923.0,1235171.0,1667506.0,432335.0,197494.0,1569259.0,1766753.0,49678.0,1015.0,0.0,2144.0,0.0,1629.0,0.0,4000.0,0.0,6000.0,0.0,0.0,0.0,0.0,11629.0,24000.0,0.0,51300.0,-31385.18,-51880.2,52635.0,26317.0,0.0,0.0,52383.0,0.0,-14082.64,31385.18,51880.2,14082.64,24000.0,0.0,145417.64,115707.98,0.47791312295128174,0.26721678476398975,0.45379601471814246,-2144.0
ПОЛ,Июль,7,901101.0,969336.0,838449.0,685027.0,1034948.0,960698.0,1523476.0,1995646.0,472170.0,219655.0,1654427.0,1874082.0,41141.0,12003.0,0.0,185.0,0.0,2292.0,0.0,4000.0,12000.0,4000.0,0.0,0.0,0.0,0.0,22292.0,24000.0,0.0,51300.0,-33088.54,-56660.399999999994,52634.0,26316.0,93608.0,46804.0,56864.0,0.0,-17414.32,33088.54,56660.399999999994,17414.32,24000.0,0.0,293640.32,-20814.259999999944,0.48139700127176865,0.23436011015577574,0.4024235541080862,-185.0
ПОЛ,Август,8,969336.0,972727.0,826006.0,705605.0,995308.0,1017421.0,1531611.0,2012729.0,481118.0,206041.0,1700377.0,1906418.0,105788.0,0.0,2868.0,0.0,0.0,1858.0,0.0,4000.0,0.0,0.0,0.0,0.0,0.0,0.0,5858.0,24000.0,0.0,51300.0,-34007.54,-57734.159999999996,0.0,0.0,0.0,0.0,104500.0,0.0,-24278.760000000002,34007.54,57734.159999999996,24278.760000000002,24000.0,0.0,128778.76000000001,179439.54000000004,0.5054932879687231,0.20496461284784856,0.441912968303796,2868.0
СНЕЖ,Январь,1,958718.0,1236909.0,603423.0,679914.0,778690.0,1005903.0,1283337.0,1784593.0,501256.0,141409.0,1334051.0,1475460.0,15562.0,0.0,0.0,15380.0,0.0,1557.0,0.0,5000.0,6000.0,6000.0,0.0,0.0,0.0,0.0,18557.0,48000.0,30000.0,5000.0,-26681.019999999997,-60150.719999999994,105270.0,0.0,0.0,0.0,3400.0,0.0,-4830.54,26681.019999999997,60150.719999999994,4830.54,48000.0,30000.0,113500.54,199366.72,0.5636596131442856,0.29045462304221087,0.47945622534614674,-15380.0
СНЕЖ,Февраль,2,1236909.0,1289317.0,719995.0,520893.0,943776.0,784898.0,1240888.0,1728674.0,487786.0,138181.0,1507223.0,1645404.0,15011.0,730.0,0.0,15121.0,0.0,1001.0,0.0,5000.0,0.0,6000.0,0.0,0.0,0.0,0.0,12001.0,48000.0,30000.0,5000.0,-30144.46,-58534.32,105268.0,52634.0,0.0,0.0,0.0,0.0,-2640.22,30144.46,58534.32,2640.22,48000.0,30000.0,160542.22,142833.99999999997,0.45404628055955026,0.31080910284099195,0.5068315373790778,-15121.0
СНЕЖ,Март,3,1289317.0,1259192.0,651171.0,564601.0,818729.0,850157.0,1215772.0,1668886.0,453114.0,110430.0,1588233.0,1698663.0,422.0,3678.0,0.0,1173.0,4925.0,830.0,0.0,5000.0,0.0,6000.0,0.0,0.0,0.0,0.0,11830.0,48000.0,30000.0,5000.0,-31764.66,-54373.67999999999,105270.0,52635.0,0.0,0.0,3263.0,0.0,-3320.46,31764.66,54373.67999999999,3320.46,48000.0,30000.0,164488.46,103979.20000000003,0.5094158618383761,0.25731797024130376,0.5057660188345398,3752.0
СНЕЖ,Апрель,4,1259192.0,1192848.0,777682.0,377399.0,985081.0,559189.0,1155081.0,1544270.0,389189.0,137566.0,1454534.0,1592100.0,0.0,12578.0,0.0,5936.0,0.0,1166.0,0.0,5000.0,6000.0,6000.0,0.0,0.0,0.0,0.0,18166.0,48000.0,26830.0,5000.0,-29090.68,-46702.67999999999,105270.0,52635.0,0.0,0.0,0.0,0.0,-3996.52,29090.68,46702.67999999999,3996.52,48000.0,26830.0,161901.52,40920.12000000002,0.36210571985468865,0.26668869795109057,0.48169179038630205,-5936.0
СНЕЖ,Май,5,1192848.0,1108995.0,594594.0,394482.0,764332.0,564657.0,989076.0,1328989.0,339913.0,106850.0,1320953.0,1427803.0,12809.0,0.0,0.0,10201.0,37971.0,1150.0,0.0,5000.0,0.0,6000.0,0.0,0.0,0.0,0.0,12150.0,36000.0,30000.0,5000.0,-26419.059999999998,-40789.56,105270.0,52635.0,92400.0,46200.0,0.0,0.0,-2673.0,26419.059999999998,40789.56,2673.0,36000.0,30000.0,299178.0,-109623.62,0.4248771058300708,0.28546874001419453,0.43138850441845256,27770.0
СНЕЖ,Июнь,6,1108995.0,1201808.0,728447.0,329181.0,937637.0,476829.0,1057628.0,1414466.0,356838.0,129860.0,1219533.0,1349393.0,639.0,3872.0,0.0,1249.0,33500.0,1400.0,0.0,5000.0,0.0,8000.0,0.0,0.0,0.0,0.0,14400.0,24000.0,30000.0,5000.0,-24390.66,-42820.56,52635.0,26316.0,0.0,0.0,52400.0,0.0,-14696.0,24390.66,42820.56,14696.0,24000.0,30000.0,146047.0,66307.78,0.3371088453168899,0.2871725739827331,0.44853135509036063,32251.0
СНЕЖ,Июль,7,1201808.0,984483.0,644214.0,307260.0,802286.0,434748.0,951474.0,1237034.0,285560.0,157993.0,1280700.0,1438693.0,13771.0,537.0,0.0,1358.0,0.0,4493.0,0.0,5000.0,12000.0,0.0,0.0,0.0,0.0,0.0,21493.0,24000.0,30000.0,5000.0,-25613.999999999996,-34267.2,52639.0,26319.0,0.0,0.0,37700.0,0.0,-13022.46,25613.999999999996,34267.2,13022.46,24000.0,30000.0,129680.45999999999,14968.33999999999,0.3514438568382114,0.24537187953071496,0.4149189611404023,-1358.0
СНЕЖ,Август,8,984483.0,1106391.0,663891.0,390759.0,831600.0,566783.0,1054650.0,1398383.0,343733.0,126100.0,1144365.0,1270465.0,1202.0,2467.0,0.0,2341.0,0.0,300.0,0.0,5000.0,0.0,8000.0,0.0,0.0,0.0,500.0,13800.0,24000.0,30000.0,5000.0,-22887.299999999996,-41247.96,52635.0,26318.0,0.0,0.0,29700.0,0.0,-9570.0,22887.299999999996,41247.96,9570.0,24000.0,30000.0,118223.0,86107.74000000002,0.4053131366728572,0.25261526365020764,0.45046691183056564,-2341.0
ЗАО,Январь,1,758145.0,808511.0,486908.0,475402.0,627823.0,695811.0,962310.0,1323634.0,361324.0,108884.0,1159122.0,1268006.0,2337.0,0.0,0.0,7273.0,4348.0,0.0,0.0,0.0,6000.0,8000.0,0.0,0.0,0.0,0.0,14000.0,48000.0,25000.0,5000.0,-23182.440000000002,-43358.880000000005,105270.0,0.0,0.0,0.0,0.0,0.0,-3080.0,23182.440000000002,43358.880000000005,3080.0,48000.0,25000.0,108350.0,94432.68,0.5256823260810768,0.28940785528272284,0.46362657287937364,-2925.0
ЗАО,Февраль,2,808511.0,815596.0,557698.0,506340.0,711067.0,739218.0,1064038.0,1450285.0,386247.0,70620.0,1370780.0,1441400.0,0.0,0.0,0.0,1800.0,0.0,1294.0,0.0,0.0,0.0,8000.0,0.0,0.0,0.0,0.0,9294.0,48000.0,25000.0,5000.0,-27415.600000000002,-46349.64,105268.0,52634.0,0.0,0.0,0.0,0.0,-2044.68,27415.600000000002,46349.64,2044.68,48000.0,25000.0,159946.68,65241.08000000001,0.5097053337792227,0.2750036758245502,0.45992416163052496,-1800.0
ЗАО,Март,3,815596.0,848450.0,510853.0,591577.0,655154.0,876447.0,1102430.0,1531601.0,429171.0,89788.0,1415528.0,1505316.0,2938.0,0.0,0.0,523.0,10030.0,1288.0,0.0,0.0,0.0,8000.0,0.0,0.0,0.0,0.0,9288.0,48000.0,25000.0,5000.0,-28310.56,-51500.52,105270.0,52635.0,0.0,0.0,3230.0,0.0,-2753.96,28310.56,51500.52,2753.96,48000.0,25000.0,163888.96,98182.96,0.5722423790530301,0.2824706911773054,0.4815434000983811,9507.0
ЗАО,Апрель,4,848450.0,727851.0,414634.0,435305.0,574511.0,641034.0,849939.0,1215545.0,365606.0,81682.0,1246527.0,1328209.0,5872.0,0.0,0.0,2063.0,0.0,4000.0,0.0,0.0,6000.0,8000.0,0.0,0.0,0.0,0.0,18000.0,48000.0,25000.0,5000.0,-24930.540000000008,-43872.72,105270.0,52635.0,0.0,0.0,0.0,0.0,-3960.0,24930.540000000008,43872.72,3960.0,48000.0,25000.0,161865.0,38937.73999999999,0.5273634460262681,0.38558584197147366,0.47260886045416434,-2063.0
ЗАО,Май,5,727851.0,765169.0,559942.0,430315.0,716102.0,613005.0,990257.0,1329107.0,338850.0,113812.0,1160721.0,1274533.0,17256.0,0.0,0.0,0.0,0.0,2012.0,0.0,0.0,0.0,8000.0,0.0,0.0,0.0,0.0,10012.0,24000.0,25000.0,5000.0,-23214.42,-40662.0,105270.0,52635.0,93400.0,46700.0,3200.0,0.0,-2906.64,23214.42,40662.0,2906.64,24000.0,25000.0,304111.64,-93150.05999999998,0.4612156884283959,0.2788860274814177,0.42454945795521887,0.0
ЗАО,Июнь,6,765169.0,884578.0,689640.0,373077.0,874414.0,537011.0,1062717.0,1411425.0,348708.0,83692.0,1198460.0,1282152.0,0.0,0.0,-5780.0,4084.0,0.0,0.0,0.0,0.0,0.0,8000.0,0.0,0.0,0.0,0.0,8000.0,24000.0,25000.0,5000.0,-23969.2,-41844.95999999999,52635.0,26317.0,93064.0,46532.0,28367.0,0.0,-8000.74,23969.2,41844.95999999999,8000.74,24000.0,25000.0,254915.74,-34021.9,0.38047434330552454,0.26792819442027727,0.4394106310493544,-9864.0
ЗАО,Июль,7,884578.0,802571.0,607314.0,349277.0,767825.0,487000.0,956591.0,1254825.0,298234.0,84882.0,1251456.0,1336338.0,0.0,2778.0,0.0,0.0,2284.0,0.0,0.0,0.0,10200.0,8000.0,0.0,0.0,0.0,0.0,18200.0,24000.0,25000.0,5000.0,-25029.12,-35788.08,66281.0,33140.0,93468.0,46734.0,28000.0,0.0,-10164.0,25029.12,35788.08,10164.0,24000.0,25000.0,277787.0,-115348.20000000001,0.38810192656346504,0.264296558287805,0.39430881506655174,2284.0
ЗАО,Август,8,802571.0,1002671.0,531036.0,444841.0,667963.0,636641.0,975877.0,1304604.0,328727.0,73081.0,1029879.0,1102960.0,1544.0,0.0,0.0,0.0,0.0,3545.0,0.0,0.0,0.0,8000.0,0.0,0.0,0.0,1000.0,12545.0,24000.0,25000.0,5000.0,-20597.579999999998,-39447.240000000005,52635.0,26318.0,0.0,0.0,52718.0,0.0,-14357.86,20597.579999999998,39447.240000000005,14357.86,24000.0,25000.0,146028.86,56108.31999999999,0.4879955909992611,0.25784880874366334,0.4311652927675282,0.0
ЗАП,Январь,1,1106412.0,883901.0,984324.0,879386.0,1284940.0,1310451.0,1863710.0,2595391.0,731681.0,269030.0,2546581.0,2815611.0,18887.0,0.0,0.0,9664.0,26260.0,0.0,0.0,7000.0,9000.0,13000.0,0.0,0.0,0.0,0.0,29000.0,48000.0,30000.0,95600.0,-50931.62,-87801.71999999999,100884.0,0.0,0.0,0.0,43800.0,0.0,-16016.0,50931.62,87801.71999999999,16016.0,48000.0,30000.0,160700.0,229647.66000000003,0.5049146737428002,0.3054035053498645,0.49018860887027993,16596.0
ЗАП,Февраль,2,883901.0,770902.0,1188105.0,1046666.0,1501601.0,1542212.0,2234771.0,3043813.0,809042.0,335974.0,2833978.0,3169952.0,2952.0,0.0,0.0,927.0,17019.0,2954.0,0.0,7000.0,0.0,13000.0,0.0,0.0,0.0,6300.0,29254.0,48000.0,30000.0,95000.0,-56679.560000000005,-97085.03999999998,105268.0,52634.0,0.0,0.0,67800.0,0.0,-21351.88,56679.560000000005,97085.03999999998,21351.88,48000.0,30000.0,247053.88,205969.51999999996,0.506671073420082,0.26386220073141686,0.47345189391840375,16092.0
ЗАП,Март,3,770902.0,711711.0,1198683.0,998388.0,1523377.0,1466265.0,2197071.0,2989642.0,792571.0,319238.0,2724038.0,3043276.0,1972.0,0.0,-2549.0,1850.0,814.0,5400.0,0.0,7000.0,0.0,13000.0,0.0,0.0,0.0,6200.0,31600.0,48000.0,30000.0,95000.0,-54480.76000000001,-95108.51999999999,145273.0,72636.0,0.0,0.0,72300.0,0.0,-22858.0,54480.76000000001,95108.51999999999,22858.0,48000.0,30000.0,313067.0,125314.71999999997,0.49044835468594566,0.2708756193255431,0.4686324354860034,-3585.0
ЗАП,Апрель,4,711711.0,862500.0,1505409.0,929110.0,1958741.0,1365449.0,2434519.0,3324190.0,889671.0,328762.0,2788084.0,3116846.0,35650.0,0.0,0.0,24605.0,3700.0,5390.0,0.0,7000.0,9000.0,0.0,7000.0,0.0,0.0,2201.0,30591.0,48000.0,26482.0,95000.0,-55761.679999999986,-106760.52,139684.0,69844.0,0.0,0.0,41853.0,0.0,-15937.68,55761.679999999986,106760.52,15937.68,48000.0,26482.0,267318.68,259757.12000000005,0.4107614185711406,0.30113543894051387,0.46963115239315045,-20905.0
ЗАП,Май,5,862500.0,760648.0,1257727.0,714853.0,1617235.0,1021869.0,1972580.0,2639104.0,666524.0,280166.0,2237930.0,2518096.0,207139.0,12097.0,0.0,4200.0,576.0,2616.0,0.0,7000.0,0.0,5000.0,7000.0,0.0,0.0,0.0,21616.0,60000.0,35000.0,95000.0,-44758.6,-79982.87999999999,52635.0,26317.0,0.0,0.0,38400.0,0.0,-13203.52,44758.6,79982.87999999999,13203.52,60000.0,35000.0,130555.52,187514.00000000003,0.3872030052623921,0.2858394548260473,0.42948130594681705,-3624.0
ЗАП,Июнь,6,760648.0,744164.0,996468.0,629931.0,1262808.0,910616.0,1626399.0,2173424.0,547025.0,234035.0,1959374.0,2193409.0,0.0,489.0,3200.0,0.0,790.0,3182.0,0.0,7000.0,0.0,5000.0,7000.0,0.0,0.0,6375.0,28557.0,24000.0,35000.0,95000.0,-39187.48,-65643.0,56846.0,13158.0,54035.0,27018.0,101400.0,0.0,-28590.54,39187.48,65643.0,28590.54,24000.0,35000.0,281047.54,-21899.019999999982,0.41897761320386634,0.26728404725490434,0.44558054771078104,3990.0
ЗАП,Июль,7,744164.0,809427.0,1302927.0,681292.0,1653852.0,972888.0,1984219.0,2626740.0,642521.0,339780.0,2218302.0,2558082.0,2871.0,524.0,0.0,0.0,0.0,4230.0,0.0,0.0,12000.0,6000.0,9750.0,0.0,0.0,12300.0,44280.0,24000.0,35000.0,95000.0,-44366.03999999999,-77102.51999999999,62382.0,13158.0,0.0,0.0,38400.0,0.0,-18189.6,44366.03999999999,77102.51999999999,18189.6,24000.0,35000.0,132129.6,190118.84000000005,0.37037849197103634,0.26933588758234345,0.4280044386254352,0.0
ЗАП,Август,8,809427.0,1193760.0,1299905.0,901630.0,1642640.0,1291758.0,2201535.0,2934398.0,732863.0,332272.0,2189495.0,2521767.0,31108.0,290.0,0.0,0.0,3100.0,3822.0,0.0,7500.0,0.0,6000.0,0.0,0.0,0.0,15750.0,33072.0,24000.0,35000.0,95000.0,-43789.9,-87943.56,52635.0,26317.0,0.0,0.0,66400.0,0.0,-21883.84,43789.9,87943.56,21883.84,24000.0,35000.0,167235.84,246531.69999999998,0.4402122684107609,0.26366157526896195,0.4326919024433526,3100.0
НИК,Январь,1,809992.0,862860.0,590554.0,435397.0,749814.0,637850.0,1025951.0,1387664.0,361713.0,160307.0,1127804.0,1288111.0,37323.0,222.0,0.0,9140.0,0.0,1907.0,0.0,0.0,6000.0,7000.0,0.0,0.0,0.0,0.0,14907.0,48000.0,30000.0,95000.0,-22556.079999999998,-43405.56,105270.0,0.0,0.0,0.0,0.0,0.0,-3279.54,22556.079999999998,43405.56,3279.54,48000.0,30000.0,108549.54,-927.1799999999848,0.4596573810374846,0.269678979399005,0.4649848299368163,-9140.0
НИК,Февраль,2,862860.0,859907.0,592780.0,494184.0,751421.0,724981.0,1086964.0,1476402.0,389438.0,186916.0,1277127.0,1464043.0,5937.0,239.0,0.0,9136.0,0.0,0.0,0.0,0.0,3000.0,9000.0,0.0,0.0,0.0,0.0,12000.0,48000.0,30000.0,95000.0,-25542.54,-46732.56,105268.0,52634.0,0.0,0.0,0.0,0.0,-2640.0,25542.54,46732.56,2640.0,48000.0,30000.0,160542.0,-28618.100000000006,0.4910457991793563,0.2676220520260468,0.4670264516860117,-9136.0
НИК,Март,3,859907.0,785478.0,723210.0,436198.0,926854.0,639291.0,1159408.0,1566145.0,406737.0,209400.0,1424110.0,1633510.0,5138.0,0.0,0.0,1926.0,0.0,0.0,0.0,0.0,0.0,10000.0,0.0,48000.0,0.0,0.0,58000.0,48000.0,30000.0,95000.0,-28482.199999999997,-48808.439999999995,105268.0,52634.0,0.0,0.0,3400.0,0.0,-13508.0,28482.199999999997,48808.439999999995,13508.0,96000.0,30000.0,174810.0,-76363.64000000001,0.4081940050250775,0.28158349580343195,0.46559819164691263,-1926.0
НИК,Апрель,4,785478.0,770649.0,572054.0,338829.0,754829.0,499712.0,910883.0,1254541.0,343658.0,154296.0,1070050.0,1224346.0,43751.0,0.0,0.0,1273.0,0.0,5046.0,0.0,0.0,6000.0,0.0,0.0,0.0,0.0,0.0,11046.0,48000.0,30979.0,95000.0,-21401.000000000004,-41238.96,105270.0,52635.0,93665.0,46832.0,0.0,0.0,-2430.12,21401.000000000004,41238.96,2430.12,48000.0,30979.0,300832.12,-204839.08,0.3983225737540662,0.3195065500809364,0.4748206322363198,-1273.0
НИК,Май,5,770649.0,813709.0,505942.0,289072.0,650231.0,413886.0,795014.0,1064117.0,269103.0,132195.0,843138.0,975333.0,34444.0,0.0,-10000.0,1280.0,0.0,595.0,0.0,0.0,0.0,0.0,0.0,0.0,0.0,0.0,595.0,24000.0,35000.0,95000.0,-16862.760000000002,-32292.359999999997,52635.0,26317.0,93600.0,46800.0,38300.0,0.0,-8556.9,16862.760000000002,32292.359999999997,8556.9,24000.0,35000.0,266208.9,-200856.02,0.3889478318643533,0.2851888161093564,0.43177478275308573,-11280.0
НИК,Июнь,6,813709.0,731087.0,519596.0,228528.0,666988.0,339565.0,748124.0,1006553.0,258429.0,206793.0,827761.0,1034554.0,48638.0,0.0,0.0,5983.0,0.0,1693.0,0.0,0.0,0.0,0.0,0.0,0.0,0.0,0.0,1693.0,24000.0,35000.0,95000.0,-16555.219999999998,-31011.479999999996,10527.0,0.0,0.0,0.0,91200.0,0.0,-20436.46,16555.219999999998,31011.479999999996,20436.46,24000.0,35000.0,122163.45999999999,-66994.16,0.3373543171596528,0.28366654092795174,0.48587919204648883,-5983.0
НИК,Июль,7,731087.0,870434.0,626662.0,289506.0,778124.0,411237.0,916168.0,1189361.0,273193.0,159612.0,880240.0,1039852.0,10162.0,0.0,0.0,0.0,0.0,1242.0,0.0,0.0,12000.0,0.0,0.0,0.0,0.0,0.0,13242.0,24000.0,35000.0,95000.0,-17604.800000000003,-32783.16,76808.0,33140.0,0.0,0.0,42800.0,0.0,-12329.24,17604.800000000003,32783.16,12329.24,24000.0,35000.0,165077.24,-109514.20000000001,0.34576297692626545,0.24169648071847344,0.42047833205529417,0.0
НИК,Август,8,870434.0,828655.0,498600.0,253220.0,631641.0,366452.0,751820.0,998093.0,246273.0,145860.0,861684.0,1007544.0,29828.0,0.0,0.0,5000.0,2500.0,560.0,0.0,0.0,0.0,0.0,0.0,0.0,0.0,0.0,560.0,24000.0,35000.0,95000.0,-17233.679999999997,-29552.76,105271.0,52636.0,0.0,0.0,3400.0,0.0,-871.2,17233.679999999997,29552.76,871.2,24000.0,35000.0,162178.2,-117251.63999999998,0.36715215916753247,0.26682912154031285,0.447168470105047,-2500.0
ОЛЕ,Январь,1,1290357.0,1063685.0,992198.0,1143896.0,1269004.0,1680825.0,2136094.0,2949829.0,813735.0,388970.0,2799112.0,3188082.0,5701.0,1078.0,0.0,10697.0,29057.0,2558.0,12000.0,13500.0,12000.0,19000.0,0.0,0.0,0.0,0.0,59058.0,39000.0,0.0,30750.0,-55982.24,-97648.20000000001,184222.0,0.0,0.0,0.0,0.0,0.0,-12992.759999999998,55982.24,97648.20000000001,12992.759999999998,39000.0,0.0,197214.76,333003.80000000005,0.5698042157697955,0.2789826224201218,0.46938620294152616,18360.0
ОЛЕ,Февраль,2,1063685.0,1250336.0,1351820.0,1504329.0,1721435.0,2194304.0,2856149.0,3915739.0,1059590.0,456885.0,3253321.0,3710206.0,14593.0,1209.0,0.0,3947.0,867.0,699.0,12000.0,15000.0,0.0,19000.0,0.0,0.0,0.0,0.0,46699.0,39000.0,0.0,30750.0,-65066.420000000006,-127150.8,157902.0,78951.0,0.0,0.0,0.0,0.0,-10273.78,65066.420000000006,127150.8,10273.78,39000.0,0.0,247126.78,502587.9999999999,0.5603805565181949,0.27342027784764245,0.45865964160765366,-3080.0
ОЛЕ,Март,3,1250336.0,1374989.0,1326543.0,1287103.0,1685098.0,1917788.0,2613646.0,3602886.0,989240.0,459587.0,3006283.0,3465870.0,13394.0,5502.0,-2835.0,2932.0,12300.0,499.0,13000.0,15000.0,0.0,19000.0,0.0,0.0,0.0,0.0,47499.0,39000.0,0.0,30750.0,-60125.659999999996,-118708.79999999999,157905.0,78952.0,0.0,0.0,45085.0,0.0,-20368.48,60125.659999999996,118708.79999999999,20368.48,39000.0,0.0,302310.48,385344.06000000006,0.5322921680008749,0.2702927835735442,0.4900035195318479,6533.0
ОЛЕ,Апрель,4,1374989.0,1234899.0,1220979.0,1058261.0,1565870.0,1533356.0,2279240.0,3099226.0,819986.0,493608.0,2736807.0,3230415.0,0.0,6501.0,0.0,2400.0,0.0,250.0,13000.0,15000.0,12000.0,20000.0,0.0,0.0,0.0,10500.0,70750.0,39000.0,0.0,30750.0,-54736.140000000014,-98398.32,176522.0,88261.0,0.0,0.0,3363.0,0.0,-16304.86,54736.140000000014,98398.32,16304.86,39000.0,0.0,284450.86,235399.68,0.4947544967679027,0.28247086968735746,0.44893934483081205,-2400.0
ОЛЕ,Май,5,1234899.0,1286911.0,1565300.0,953418.0,2025526.0,1372605.0,2518718.0,3398131.0,879413.0,437714.0,2861391.0,3299105.0,33078.0,6628.0,0.0,7308.0,0.0,1349.0,9000.0,15000.0,0.0,20000.0,0.0,0.0,0.0,0.0,45349.0,17000.0,0.0,30750.0,-57227.82,-105529.56,210540.0,105270.0,93400.0,46700.0,6700.0,0.0,-11450.78,57227.82,105529.56,11450.78,17000.0,0.0,474060.78,142867.8400000001,0.40392939530583133,0.2940177601737686,0.43966759595476484,-7308.0
ОЛЕ,Июнь,6,1286911.0,1365217.0,1398623.0,1137892.0,1789225.0,1629688.0,2536515.0,3418913.0,882398.0,452350.0,2883928.0,3336278.0,420.0,1953.0,0.0,1956.0,0.0,3552.0,9000.0,15000.0,0.0,21000.0,0.0,0.0,0.0,0.0,48552.0,17000.0,35000.0,30750.0,-57678.56,-105887.76,131588.0,26317.0,0.0,0.0,44122.0,0.0,-20388.28,57678.56,105887.76,20388.28,17000.0,35000.0,222415.28,363161.3999999999,0.47666846158413506,0.27927611658037943,0.4321991893782538,-1956.0
ОЛЕ,Июль,7,1365217.0,1282458.0,1358572.0,928152.0,1754511.0,1340917.0,2286724.0,3095428.0,808704.0,448193.0,2695283.0,3143476.0,16921.0,3819.0,0.0,8038.0,-5933.0,3889.0,0.0,15000.0,24000.0,21000.0,0.0,0.0,0.0,8000.0,71889.0,17000.0,35000.0,30750.0,-53905.659999999996,-97044.48,118916.0,59458.0,93414.0,46707.0,98084.0,0.0,-37394.06,53905.659999999996,97044.48,37394.06,17000.0,35000.0,453973.06,45322.79999999999,0.43319276041956073,0.2914376271555722,0.4447170291073014,-13971.0
ОЛЕ,Август,8,1282458.0,1476235.0,1438339.0,1285764.0,1820247.0,1855663.0,2724103.0,3675910.0,951807.0,509466.0,2945068.0,3454534.0,26699.0,900.0,0.0,0.0,0.0,3685.0,9000.0,15000.0,3000.0,21000.0,0.0,0.0,0.0,6000.0,57685.0,17000.0,35000.0,30750.0,-58901.35999999999,-114216.83999999998,95149.0,47574.0,0.0,0.0,49452.0,0.0,-23570.14,58901.35999999999,114216.83999999998,23570.14,17000.0,35000.0,215745.14,421608.66000000003,0.5048173105435116,0.26552015901675474,0.44323763925572657,0.0
МОН,Январь,1,751941.0,977599.0,806974.0,663851.0,1024845.0,969319.0,1470825.0,1994164.0,523339.0,215090.0,1510461.0,1725551.0,58485.0,0.0,0.0,3834.0,19364.0,0.0,0.0,15000.0,6000.0,7000.0,0.0,0.0,0.0,0.0,28000.0,39000.0,75000.0,75000.0,-30209.22,-62800.68000000001,84216.0,0.0,0.0,0.0,10200.0,0.0,-8404.0,30209.22,62800.68000000001,8404.0,39000.0,75000.0,102820.0,110509.10000000003,0.48607787523995016,0.2699851544163753,0.4601454241991049,15530.0
МОН,Февраль,2,977599.0,950006.0,740043.0,701459.0,979336.0,1012823.0,1441502.0,1992159.0,550657.0,265150.0,1734583.0,1999733.0,6699.0,1499.0,0.0,11821.0,0.0,0.0,0.0,15000.0,6000.0,7000.0,0.0,0.0,0.0,0.0,28000.0,39000.0,75000.0,75000.0,-34691.66,-66078.84,105268.0,52634.0,0.0,0.0,57900.0,0.0,-18898.0,34691.66,66078.84,18898.0,39000.0,75000.0,234700.0,-3312.500000000029,0.5084047006288153,0.32335012965462817,0.4438805404164748,-11821.0
МОН,Март,3,950006.0,904063.0,859653.0,693149.0,1102026.0,1026796.0,1552802.0,2128822.0,576020.0,317650.0,1869624.0,2187274.0,2369.0,0.0,2835.0,2415.0,14458.0,0.0,0.0,15000.0,0.0,7000.0,0.0,0.0,0.0,0.0,22000.0,39000.0,75000.0,75000.0,-37392.479999999996,-69122.4,105270.0,52635.0,93785.0,46892.0,62600.0,0.0,-18612.0,37392.479999999996,69122.4,18612.0,39000.0,75000.0,379794.0,-121288.87999999998,0.4823306034980849,0.2819428304211118,0.48134960881426647,14878.0
МОН,Апрель,4,904063.0,927975.0,1239169.0,802230.0,1564025.0,1169933.0,2041399.0,2733958.0,692559.0,390400.0,2313815.0,2704215.0,1739.0,0.0,0.0,4092.0,0.0,650.0,0.0,15000.0,6000.0,7000.0,0.0,0.0,0.0,0.0,28650.0,39000.0,76000.0,75000.0,-46276.29999999999,-83107.08,52635.0,26317.0,0.0,0.0,99000.0,0.0,-28083.0,46276.29999999999,83107.08,28083.0,39000.0,76000.0,206035.0,138490.62,0.4279264714381128,0.2621563321871351,0.4583510963190108,-4092.0
МОН,Май,5,927975.0,866651.0,855931.0,582954.0,1092385.0,827937.0,1438885.0,1920322.0,481437.0,262500.0,1683340.0,1945840.0,16571.0,6482.0,-9815.0,2938.0,0.0,0.0,0.0,15000.0,0.0,7000.0,0.0,39000.0,0.0,0.0,61000.0,17000.0,76000.0,75000.0,-33666.8,-57772.44,65794.0,32896.0,0.0,0.0,94150.0,0.0,-34133.0,33666.8,57772.44,34133.0,56000.0,76000.0,226973.0,-72457.23999999999,0.4311448809105973,0.2762535765149294,0.4202441359009459,-12753.0
МОН,Июнь,6,866651.0,937726.0,765225.0,616457.0,983367.0,885744.0,1381682.0,1869111.0,487429.0,249100.0,1547987.0,1797087.0,0.0,0.0,0.0,949.0,0.0,2750.0,0.0,9000.0,0.0,8000.0,0.0,0.0,0.0,0.0,19750.0,17000.0,76000.0,75000.0,-30959.740000000005,-58491.479999999996,105269.0,52635.0,0.0,0.0,58800.0,0.0,-17281.0,30959.740000000005,58491.479999999996,17281.0,17000.0,76000.0,233985.0,-23757.219999999972,0.47388517856884904,0.2850690973243164,0.4368301438705376,-949.0
МОН,Июль,7,937726.0,964971.0,899092.0,498751.0,1126632.0,706339.0,1397843.0,1832971.0,435128.0,247100.0,1539879.0,1786979.0,9695.0,0.0,-9052.0,0.0,0.0,2200.0,0.0,9000.0,12000.0,8000.0,0.0,0.0,0.0,0.0,31200.0,17000.0,76000.0,75000.0,-30797.579999999998,-52215.35999999999,105269.0,52635.0,91452.0,45726.0,55600.0,0.0,-19096.0,30797.579999999998,52215.35999999999,19096.0,17000.0,76000.0,369778.0,-216862.93999999997,0.38535197774541985,0.25307754934978843,0.4162157068356755,-9052.0
МОН,Август,8,964971.0,1131216.0,857488.0,601762.0,1091018.0,859598.0,1459250.0,1950616.0,491366.0,267150.0,1515724.0,1782874.0,1497.0,0.0,0.0,0.0,0.0,6400.0,0.0,9000.0,0.0,8000.0,0.0,0.0,0.0,0.0,23400.0,17000.0,76000.0,75000.0,-30314.48,-58963.92,52635.0,26317.0,0.0,0.0,97800.0,0.0,-26664.0,30314.48,58963.92,26664.0,17000.0,76000.0,203416.0,7271.600000000035,0.44068027740980287,0.2723420036198757,0.4284683978051123,0.0
А1,Январь,1,839772.0,880726.0,1041767.0,1600799.0,1309702.0,2332085.0,2642566.0,3641787.0,999221.0,679100.0,2919403.0,3598503.0,2140.0,0.0,0.0,13840.0,13650.0,1100.0,0.0,18000.0,6000.0,18000.0,0.0,39000.0,0.0,0.0,82100.0,39000.0,30000.0,145000.0,-58388.06000000001,-119906.52,78953.0,0.0,0.0,0.0,117100.0,0.0,-43824.0,58388.06000000001,119906.52,43824.0,78000.0,30000.0,239877.0,284949.4199999999,0.6403683136877583,0.25719282718688535,0.45682562270466187,-190.0
А1,Февраль,2,880726.0,817983.0,1004193.0,1605046.0,1340214.0,2329001.0,2609239.0,3669215.0,1059976.0,656200.0,3078853.0,3735053.0,2465.0,0.0,0.0,2120.0,7680.0,500.0,0.0,18000.0,0.0,18000.0,0.0,0.0,0.0,0.0,36500.0,39000.0,35000.0,145000.0,-61577.06,-127197.12,105268.0,52634.0,0.0,0.0,71800.0,0.0,-23826.0,61577.06,127197.12,23826.0,39000.0,35000.0,253528.0,362173.81999999995,0.6347409459516545,0.33461794694844516,0.45104937802405665,5560.0
А1,Март,3,817983.0,938113.0,1295387.0,2018646.0,1650910.0,2965999.0,3314033.0,4616909.0,1302876.0,808100.0,3680347.0,4488447.0,4863.0,739.0,0.0,6330.0,3600.0,0.0,0.0,18000.0,0.0,18000.0,0.0,0.0,0.0,0.0,36000.0,39000.0,35000.0,145000.0,-73606.94000000002,-156345.11999999997,101059.0,50529.0,0.0,0.0,116000.0,0.0,-33440.0,73606.94000000002,156345.11999999997,33440.0,39000.0,35000.0,301028.0,516156.93999999994,0.6424209357386078,0.27445311709936876,0.4693012048670247,-2730.0
А1,Апрель,4,938113.0,875963.0,1281090.0,1406055.0,1613672.0,2070665.0,2687145.0,3684337.0,997192.0,717950.0,3025190.0,3743140.0,896.0,649.0,0.0,3652.0,1850.0,2700.0,0.0,18000.0,9000.0,18000.0,0.0,0.0,0.0,0.0,47700.0,39000.0,26655.0,145000.0,-60503.799999999996,-119663.04000000001,121961.0,59346.0,0.0,0.0,68040.0,0.0,-25462.8,60503.799999999996,119663.04000000001,25462.8,39000.0,26655.0,274809.8,283211.3599999999,0.5620183495700855,0.2596086145391815,0.47267710011343794,-1802.0
А1,Май,5,875963.0,724393.0,972459.0,1201075.0,1219539.0,1740802.0,2173534.0,2960341.0,786807.0,568200.0,2533179.0,3101379.0,5824.0,0.0,0.0,4708.0,0.0,0.0,0.0,18000.0,0.0,18000.0,0.0,0.0,0.0,0.0,36000.0,17000.0,30000.0,145000.0,-50663.58,-94416.84,115436.0,57717.0,0.0,0.0,58700.0,0.0,-20834.0,50663.58,94416.84,20834.0,17000.0,30000.0,252687.0,161039.57999999996,0.588041039866691,0.25407754979901465,0.4493699394292613,-4708.0
А1,Июнь,6,724393.0,870252.0,1113359.0,1275339.0,1423693.0,1841783.0,2388698.0,3265476.0,876778.0,600700.0,2520511.0,3121211.0,2059.0,279.0,0.0,2822.0,6754.0,1700.0,0.0,6000.0,0.0,18000.0,0.0,0.0,0.0,0.0,25700.0,17000.0,30000.0,145000.0,-50410.22,-105213.35999999999,67144.0,15352.0,0.0,0.0,111100.0,0.0,-30096.0,50410.22,105213.35999999999,30096.0,17000.0,30000.0,223692.0,279483.42000000004,0.5640167007811419,0.27873668780689786,0.44415171181936725,3932.0
А1,Июль,7,870252.0,936717.0,1251674.0,1388366.0,1563512.0,2017575.0,2640040.0,3581087.0,941047.0,594400.0,2921898.0,3516298.0,829.0,3455.0,0.0,0.0,5960.0,1700.0,0.0,5000.0,18000.0,20000.0,15000.0,0.0,0.0,0.0,59700.0,17000.0,30000.0,145000.0,-58437.96000000001,-112925.63999999998,105271.0,52636.0,92541.0,46270.0,111800.0,0.0,-37730.0,58437.96000000001,112925.63999999998,37730.0,17000.0,30000.0,446248.0,68280.40000000002,0.56339737068661,0.2491367560562894,0.45320110115056117,5960.0
А1,Август,8,936717.0,897558.0,1009806.0,1184223.0,1244010.0,1710075.0,2194029.0,2954085.0,760056.0,553300.0,2447391.0,3000691.0,1600.0,748.0,9795.0,0.0,0.0,0.0,0.0,11000.0,3000.0,20000.0,0.0,0.0,0.0,2000.0,36000.0,17000.0,30000.0,145000.0,-48947.81999999999,-91206.71999999999,52635.0,26318.0,93005.0,46502.0,107500.0,0.0,-31570.0,48947.81999999999,91206.71999999999,31570.0,17000.0,30000.0,357530.0,33623.46000000002,0.5788848323592585,0.23192969738741898,0.4440481226931076,9795.0
А2,Январь,1,1763552.0,1374975.0,1708428.0,1951949.0,2259012.0,2827294.0,3660377.0,5086306.0,1425929.0,888664.0,4582928.0,5471592.0,11409.0,0.0,0.0,12355.0,20473.0,0.0,0.0,15000.0,7500.0,9000.0,0.0,0.0,0.0,0.0,31500.0,39000.0,46000.0,190000.0,-91658.56000000001,-171111.47999999998,105270.0,0.0,0.0,0.0,119600.0,0.0,-33242.0,91658.56000000001,171111.47999999998,33242.0,39000.0,46000.0,258112.0,598546.96,0.5558639216751804,0.32227521440763085,0.44844665511240306,8118.0
А2,Февраль,2,1374975.0,1501662.0,1945370.0,2324591.0,2522289.0,3408250.0,4269961.0,5930539.0,1660578.0,912507.0,4846329.0,5758836.0,17916.0,10580.0,-9935.0,20828.0,14243.0,1080.0,0.0,15000.0,0.0,9000.0,0.0,0.0,0.0,0.0,25080.0,39000.0,75000.0,190000.0,-96926.57999999999,-199269.36,105268.0,52634.0,0.0,0.0,136600.0,0.0,-35569.6,96926.57999999999,199269.36,35569.6,39000.0,75000.0,330071.6,694650.46,0.5746948127311868,0.29656003742218706,0.4661718986264681,-16520.0
А2,Март,3,1501662.0,1319876.0,2278066.0,2465762.0,2925063.0,3597667.0,4743828.0,6522730.0,1778902.0,1022479.0,5694812.0,6717291.0,0.0,798.0,0.0,3916.0,17489.0,1361.0,0.0,15000.0,0.0,9000.0,0.0,0.0,0.0,0.0,25361.0,39000.0,75000.0,190000.0,-113896.24,-213468.24,105270.0,26317.0,0.0,0.0,176880.0,0.0,-44493.02,113896.24,213468.24,44493.02,39000.0,75000.0,352960.02,768418.5,0.5515584732159694,0.28401152556598447,0.4590487646415185,13573.0
А2,Апрель,4,1319876.0,1202979.0,2574563.0,2273196.0,3241639.0,3326328.0,4847759.0,6567967.0,1720208.0,1200182.0,5471937.0,6672119.0,5642.0,9221.0,0.0,7182.0,9300.0,1500.0,0.0,15000.0,6000.0,9000.0,0.0,0.0,0.0,0.0,31500.0,39000.0,37135.0,190000.0,-109438.73999999999,-206424.96000000002,105270.0,52635.0,0.0,0.0,175450.0,0.0,-45529.0,109438.73999999999,206424.96000000002,45529.0,39000.0,37135.0,378884.0,718604.3,0.5064471243537003,0.2591026127540868,0.4632825326104744,2118.0
А2,Май,5,1202979.0,1347009.0,1773944.0,1806574.0,2265215.0,2593706.0,3580518.0,4858921.0,1278403.0,788098.0,3926299.0,4714397.0,0.0,0.0,0.0,4494.0,4000.0,2606.0,0.0,15000.0,0.0,9000.0,0.0,0.0,0.0,0.0,26606.0,17000.0,37500.0,190000.0,-78525.98,-153408.36000000002,105270.0,52635.0,0.0,0.0,45900.0,0.0,-15951.319999999998,78525.98,153408.36000000002,15951.319999999998,17000.0,37500.0,219756.32,555606.3400000001,0.533802875165083,0.27693715246930006,0.4357042667502134,-494.0
А2,Июнь,6,1347009.0,1693660.0,1964409.0,1813983.0,2500156.0,2609673.0,3778392.0,5109829.0,1331437.0,882911.0,3857813.0,4740724.0,20962.0,13417.0,0.0,578.0,12503.0,3628.0,0.0,15000.0,0.0,10000.0,0.0,0.0,0.0,0.0,28628.0,17000.0,37500.0,190000.0,-77156.26000000001,-159772.44,105270.0,52635.0,0.0,0.0,93854.0,0.0,-26946.04,77156.26000000001,159772.44,26946.04,17000.0,37500.0,278705.04,529258.26,0.5107163077277146,0.2727268099464012,0.4386424790088992,11925.0
А2,Июль,7,1693660.0,1568862.0,1908093.0,1891915.0,2382238.0,2696193.0,3800008.0,5078431.0,1278423.0,896969.0,4302705.0,5199674.0,3555.0,0.0,0.0,0.0,0.0,27615.0,0.0,9000.0,18000.0,10000.0,0.0,0.0,0.0,19000.0,83615.0,17000.0,37500.0,190000.0,-86054.1,-153410.76,76928.0,0.0,93413.0,46707.0,141500.0,0.0,-49525.3,86054.1,153410.76,49525.3,17000.0,37500.0,408073.3,302769.84,0.5309106296807026,0.24849155675326098,0.42511317897474254,0.0
А2,Август,8,1568862.0,1832018.0,2151976.0,2058266.0,2708962.0,2946559.0,4210242.0,5655521.0,1445279.0,894424.0,4462623.0,5357047.0,34539.0,0.0,0.0,779.0,0.0,2324.0,0.0,15000.0,0.0,10000.0,0.0,0.0,0.0,36800.0,64124.0,17000.0,37500.0,190000.0,-89252.46,-173433.48,54060.0,26318.0,93415.0,6708.0,213762.0,0.0,-61134.92,89252.46,173433.48,61134.92,17000.0,37500.0,455397.92,418571.1400000001,0.5210057570292816,0.25882537723469035,0.4315734700957019,-779.0
А3,Январь,1,811816.0,790214.0,630122.0,777629.0,802104.0,1147151.0,1407751.0,1949255.0,541504.0,336651.0,1570202.0,1906853.0,23666.0,35433.0,0.0,6000.0,1095.0,0.0,0.0,6000.0,6000.0,2000.0,0.0,0.0,0.0,0.0,14000.0,39000.0,31000.0,170000.0,-31404.039999999997,-64980.48,52635.0,0.0,0.0,0.0,48682.0,0.0,-13790.04,31404.039999999997,64980.48,13790.04,39000.0,31000.0,115107.04000000001,40579.43999999998,0.5885074041108013,0.2729344476149063,0.4751906114612495,-4905.0
А3,Февраль,2,790214.0,712163.0,545286.0,770460.0,697816.0,1117291.0,1315746.0,1815107.0,499361.0,370538.0,1504255.0,1874793.0,0.0,0.0,0.0,18365.0,0.0,6256.0,0.0,6000.0,0.0,0.0,0.0,0.0,0.0,0.0,12256.0,39000.0,45000.0,170000.0,-30085.1,-59923.32000000001,0.0,0.0,0.0,0.0,77000.0,0.0,-19636.32,30085.1,59923.32000000001,19636.32,39000.0,45000.0,96636.32,46460.25999999999,0.6155510391398413,0.2797247682867339,0.4501609428133842,-18365.0
А3,Март,3,712163.0,794054.0,749245.0,859727.0,954321.0,1260019.0,1608972.0,2214340.0,605368.0,378100.0,1760486.0,2138586.0,1641.0,2688.0,0.0,0.0,10466.0,3500.0,0.0,6000.0,0.0,0.0,0.0,0.0,0.0,0.0,9500.0,39000.0,45000.0,170000.0,-35209.72000000001,-72644.15999999999,0.0,0.0,0.0,0.0,94500.0,0.0,-22880.0,35209.72000000001,72644.15999999999,22880.0,39000.0,45000.0,117380.0,113946.12,0.5690268883730593,0.27371020160294696,0.4656036160316007,10466.0
А3,Апрель,4,794054.0,736296.0,885287.0,851099.0,1117562.0,1236773.0,1736386.0,2354335.0,617949.0,431318.0,1977511.0,2408829.0,716.0,0.0,0.0,3161.0,613.0,0.0,0.0,6000.0,6000.0,0.0,0.0,0.0,0.0,0.0,12000.0,39000.0,33741.0,170000.0,-39550.219999999994,-74153.87999999998,0.0,0.0,0.0,0.0,107500.0,0.0,-26290.0,39550.219999999994,74153.87999999998,26290.0,39000.0,33741.0,133790.0,115713.90000000005,0.5253173401406341,0.26237254133405324,0.4531482236496577,-2548.0
А3,Май,5,736296.0,650258.0,559563.0,515868.0,702496.0,742175.0,1075431.0,1444671.0,369240.0,303951.0,1205256.0,1509207.0,19477.0,936.0,0.0,1089.0,0.0,2151.0,0.0,6000.0,0.0,0.0,1000.0,0.0,0.0,0.0,9151.0,17000.0,34000.0,170000.0,-24105.12,-44308.799999999996,0.0,0.0,0.0,0.0,56000.0,0.0,-14333.22,24105.12,44308.799999999996,14333.22,17000.0,34000.0,70333.22,-594.139999999983,0.5137328845114216,0.25543683195636596,0.4386916808175735,-1089.0
А3,Июнь,6,650258.0,787436.0,501439.0,559945.0,634918.0,795851.0,1061384.0,1430769.0,369385.0,270791.0,1022800.0,1293591.0,0.0,0.0,0.0,0.0,0.0,491.0,0.0,6000.0,0.0,0.0,0.0,0.0,0.0,0.0,6491.0,17000.0,34000.0,0.0,-20455.999999999996,-44326.2,0.0,0.0,0.0,0.0,101500.0,0.0,-23758.02,20455.999999999996,44326.2,23758.02,17000.0,34000.0,125258.02,121853.77999999998,0.556240035952694,0.2661918997126271,0.42130209216976666,0.0
А3,Июль,7,787436.0,648015.0,417644.0,402381.0,516407.0,574164.0,820025.0,1090571.0,270546.0,259398.0,967935.0,1227333.0,5723.0,0.0,0.0,0.0,3064.0,1398.0,0.0,6000.0,12000.0,0.0,1000.0,0.0,0.0,0.0,20398.0,17000.0,34000.0,0.0,-19358.699999999997,-32465.519999999997,0.0,0.0,0.0,0.0,98000.0,0.0,-26047.559999999998,19358.699999999997,32465.519999999997,26047.559999999998,17000.0,34000.0,124047.56,23276.22,0.526480164977796,0.23647652067310915,0.42691628083830996,3064.0
А3,Август,8,648015.0,789964.0,515729.0,632984.0,628596.0,907932.0,1148713.0,1536528.0,387815.0,313333.0,1079114.0,1392447.0,2132.0,0.0,0.0,0.0,0.0,5933.0,0.0,6000.0,0.0,1000.0,0.0,0.0,0.0,0.0,12933.0,17000.0,34000.0,0.0,-21582.28,-46537.8,0.0,0.0,0.0,0.0,108500.0,0.0,-26715.260000000002,21582.28,46537.8,26715.260000000002,17000.0,34000.0,135215.26,120546.65999999997,0.590898441160851,0.21884943448981928,0.4343680093019729,0.0
КИР1,Январь,1,1462093.0,1747647.0,1833725.0,2401762.0,2324611.0,3509352.0,4235487.0,5833963.0,1598476.0,861750.0,4615755.0,5477505.0,11743.0,0.0,-65172.0,15940.0,21951.0,3000.0,32500.0,15000.0,0.0,12000.0,0.0,0.0,0.0,0.0,62500.0,39000.0,0.0,210000.0,-92315.10000000003,-191817.12,0.0,0.0,0.0,0.0,246400.0,0.0,-67958.0,92315.10000000003,191817.12,67958.0,39000.0,0.0,314358.0,688485.7799999999,0.6015382682406454,0.2676988097997246,0.4611572670397816,-59161.0
КИР1,Февраль,2,1747647.0,1873680.0,2502926.0,2237687.0,3109948.0,3296574.0,4740613.0,6406522.0,1665909.0,978300.0,5294169.0,6272469.0,0.0,1434.0,0.0,6586.0,0.0,0.0,30000.0,15000.0,0.0,12000.0,0.0,0.0,0.0,0.0,57000.0,39000.0,0.0,210000.0,-105883.38000000002,-199909.08,0.0,26317.0,0.0,0.0,294000.0,0.0,-77220.0,105883.38000000002,199909.08,77220.0,39000.0,0.0,397537.0,655145.5399999998,0.5145653132854301,0.24252494879992456,0.4732060381992656,-6586.0
КИР1,Март,3,1873680.0,1656358.0,3776598.0,2867031.0,4740506.0,4215424.0,6643629.0,8955930.0,2312301.0,1176080.0,7988469.0,9164549.0,12131.0,3734.0,7625.0,5850.0,5387.0,3580.0,30000.0,15000.0,0.0,12000.0,0.0,0.0,0.0,0.0,60580.0,39000.0,0.0,210000.0,-159769.38000000006,-277476.12,0.0,52634.0,0.0,0.0,424000.0,0.0,-106607.6,159769.38000000006,277476.12,106607.6,39000.0,0.0,583241.6,978499.9,0.4706852331360339,0.2552318250446566,0.47030987805852115,7162.0
КИР1,Апрель,4,1656358.0,1538750.0,4444503.0,2983319.0,5582018.0,4349196.0,7427822.0,9931214.0,2503392.0,1433850.0,8610125.0,10043975.0,0.0,0.0,0.0,4847.0,0.0,950.0,0.0,15000.0,0.0,12000.0,0.0,0.0,0.0,0.0,27950.0,39000.0,0.0,210000.0,-172202.49999999997,-300407.04000000004,0.0,52634.0,0.0,0.0,464000.0,0.0,-108229.0,172202.49999999997,300407.04000000004,108229.0,39000.0,0.0,624863.0,1128969.46,0.43793195877160634,0.2559375030233977,0.45783806559070617,-4847.0
КИР1,Май,5,1538750.0,1766491.0,1806855.0,1594047.0,2270836.0,2305730.0,3400902.0,4576566.0,1175664.0,859900.0,3498925.0,4358825.0,8540.0,0.0,14370.0,8120.0,12290.0,650.0,0.0,15000.0,0.0,12000.0,0.0,39000.0,0.0,0.0,66650.0,17000.0,0.0,210000.0,-69978.50000000001,-141079.68,0.0,52635.0,0.0,0.0,255000.0,0.0,-70763.0,69978.50000000001,141079.68,70763.0,56000.0,0.0,378398.0,292557.82000000007,0.5038122469991693,0.25678928303599347,0.4464629963859284,18540.0
КИР1,Июнь,6,1766491.0,1349277.0,1128805.0,1052303.0,1427914.0,1508846.0,2181108.0,2936760.0,755652.0,701000.0,2632166.0,3333166.0,26586.0,524.0,0.0,719.0,7021.0,14000.0,0.0,18000.0,0.0,13000.0,0.0,0.0,0.0,0.0,45000.0,17000.0,0.0,210000.0,-52643.31999999999,-90678.23999999999,0.0,52634.0,0.0,0.0,240000.0,0.0,-62700.0,52643.31999999999,90678.23999999999,62700.0,17000.0,0.0,355334.0,-15527.559999999998,0.5137791307427233,0.2649784506624262,0.4338512766760144,6302.0
КИР1,Июль,7,1349277.0,1377783.0,1687938.0,1118427.0,2154930.0,1591929.0,2806365.0,3746859.0,940494.0,756350.0,3165696.0,3922046.0,0.0,0.0,117460.0,0.0,86233.0,2200.0,0.0,0.0,18000.0,13000.0,0.0,0.0,0.0,15000.0,48200.0,17000.0,0.0,210000.0,-63313.92000000001,-112859.28,0.0,0.0,0.0,0.0,164000.0,93000.0,-67144.0,63313.92000000001,112859.28,67144.0,17000.0,0.0,324144.0,164976.79999999993,0.4248702713392738,0.27666419027239153,0.4233642428160264,203693.0
КИР1,Август,8,1377783.0,2034953.0,2105046.0,1973011.0,2675584.0,2870580.0,4078057.0,5546164.0,1468107.0,869630.0,3941594.0,4811224.0,11985.0,0.0,-65785.0,0.0,0.0,8480.0,20000.0,8000.0,0.0,0.0,0.0,0.0,0.0,10000.0,46480.0,17000.0,0.0,210000.0,-78831.88,-176172.84,0.0,26318.0,0.0,46500.0,244000.0,93000.0,-84365.6,78831.88,176172.84,84365.6,17000.0,0.0,494183.6,445438.68000000017,0.5175793575523551,0.271033507106258,0.4549234646943175,-65785.0
КИР2,Январь,1,875051.0,865897.0,409633.0,617325.0,519098.0,919550.0,1026958.0,1438648.0,411690.0,301800.0,1131190.0,1432990.0,7587.0,725.0,0.0,7137.0,637.0,0.0,0.0,0.0,0.0,0.0,0.0,0.0,0.0,0.0,0.0,39000.0,37000.0,100000.0,-22623.8,-49402.8,0.0,0.0,0.0,0.0,112000.0,0.0,-24640.0,22623.8,49402.8,24640.0,39000.0,37000.0,136640.0,26298.400000000023,0.6391765046071033,0.2672270056367529,0.48957194346575955,-6500.0
КИР2,Февраль,2,865897.0,821380.0,457930.0,624099.0,581989.0,919608.0,1082029.0,1501597.0,419568.0,351276.0,1190031.0,1541307.0,2304.0,487.0,0.0,2016.0,0.0,2450.0,0.0,0.0,0.0,0.0,0.0,0.0,0.0,0.0,2450.0,39000.0,45000.0,100000.0,-23800.620000000003,-50348.159999999996,105268.0,0.0,0.0,0.0,10600.0,0.0,-2871.0,23800.620000000003,50348.159999999996,2871.0,39000.0,45000.0,118739.0,39743.22,0.6124199768646315,0.27091258489288755,0.47349699326549155,-2016.0
КИР2,Март,3,821380.0,871523.0,726597.0,817300.0,929485.0,1196431.0,1543897.0,2125916.0,582019.0,321728.0,1738668.0,2060396.0,8145.0,2778.0,1469.0,5923.0,0.0,0.0,0.0,0.0,0.0,0.0,0.0,0.0,0.0,0.0,0.0,39000.0,45000.0,100000.0,-34773.36,-69842.28,105270.0,52635.0,0.0,0.0,18743.0,0.0,-4123.46,34773.36,69842.28,4123.46,39000.0,45000.0,180771.46,109853.89999999998,0.562783760035674,0.27923043998254876,0.46388229536277986,-4454.0
КИР2,Апрель,4,871523.0,788282.0,740936.0,704217.0,923070.0,1029923.0,1445153.0,1952993.0,507840.0,345254.0,1684406.0,2029660.0,5457.0,0.0,0.0,1117.0,0.0,2500.0,0.0,0.0,0.0,2000.0,0.0,0.0,0.0,0.0,4500.0,39000.0,30264.0,100000.0,-33688.12,-60940.799999999996,76928.0,38464.0,93414.0,46707.0,43090.0,0.0,-10469.8,33688.12,60940.799999999996,10469.8,39000.0,30264.0,309072.8,-69625.71999999999,0.5273562168425591,0.24581610287528208,0.4625080053449434,-1117.0
КИР2,Май,5,788282.0,935223.0,513404.0,583416.0,648511.0,841656.0,1096820.0,1490167.0,393347.0,258000.0,1065983.0,1323983.0,22338.0,0.0,0.0,0.0,3095.0,2500.0,0.0,0.0,0.0,2000.0,0.0,0.0,0.0,0.0,4500.0,17000.0,30264.0,100000.0,-21319.660000000003,-47201.64,52635.0,26317.0,0.0,0.0,37600.0,0.0,-9262.0,21319.660000000003,47201.64,9262.0,17000.0,30264.0,125814.0,47247.70000000001,0.5648064948425243,0.263159227431029,0.44263441523715497,3095.0
КИР2,Июнь,6,935223.0,770394.0,293194.0,314389.0,378400.0,455999.0,607583.0,834399.0,226816.0,154000.0,795104.0,949104.0,38116.0,0.0,-12790.0,1050.0,1832.0,2500.0,0.0,0.0,0.0,0.0,0.0,0.0,0.0,0.0,2500.0,17000.0,30264.0,0.0,-15902.08,-27217.920000000002,39943.0,19971.0,0.0,0.0,67400.0,0.0,-15378.0,15902.08,27217.920000000002,15378.0,17000.0,30264.0,142692.0,-8760.0,0.5464999358819941,0.29061304119456743,0.45042924529802253,-12008.0
КИР2,Июль,7,770394.0,687978.0,410425.0,400576.0,520904.0,563504.0,811001.0,1084408.0,273407.0,259500.0,878981.0,1138481.0,34391.0,2628.0,8676.0,0.0,0.0,3500.0,0.0,6000.0,12000.0,2000.0,0.0,0.0,0.0,0.0,23500.0,17000.0,30264.0,0.0,-17579.620000000003,-32808.840000000004,105269.0,52634.0,93414.0,46707.0,11366.0,0.0,-7670.52,17579.620000000003,32808.840000000004,7670.52,17000.0,30264.0,317060.52,-167433.97999999998,0.5196420535444224,0.2691819455442529,0.40673430260424986,8676.0
КИР2,Август,8,687978.0,772315.0,366177.0,518934.0,450763.0,749274.0,885111.0,1200037.0,314926.0,254500.0,803429.0,1057929.0,57771.0,0.0,0.0,0.0,0.0,2500.0,0.0,6000.0,0.0,2000.0,0.0,0.0,0.0,0.0,10500.0,17000.0,30264.0,0.0,-16068.58,-37791.119999999995,52635.0,26317.0,0.0,0.0,72700.0,0.0,-18304.0,16068.58,37791.119999999995,18304.0,17000.0,30264.0,169956.0,33346.30000000002,0.6243757484144239,0.23099757767418488,0.44387147498525825,0.0
КИР3,Январь,1,1031202.0,918746.0,853985.0,915891.0,1086771.0,1363298.0,1769876.0,2450069.0,680193.0,383280.0,2114812.0,2498092.0,36345.0,9000.0,10718.0,29806.0,0.0,0.0,0.0,6000.0,0.0,0.0,0.0,0.0,0.0,0.0,6000.0,39000.0,43000.0,110000.0,-42296.24,-81623.15999999999,0.0,0.0,0.0,0.0,103100.0,0.0,-24002.0,42296.24,81623.15999999999,24002.0,39000.0,43000.0,127102.0,222171.60000000003,0.5564324923094003,0.2725879260174359,0.4884937181389489,-19088.0
КИР3,Февраль,2,918746.0,897158.0,1021773.0,1061371.0,1288061.0,1565124.0,2083144.0,2853185.0,770041.0,388000.0,2468709.0,2856709.0,8519.0,1476.0,-6990.0,1079.0,0.0,0.0,0.0,6000.0,0.0,0.0,0.0,0.0,0.0,0.0,6000.0,39000.0,45000.0,110000.0,-49374.18,-92404.92,0.0,0.0,0.0,0.0,113000.0,0.0,-26180.0,49374.18,92404.92,26180.0,39000.0,45000.0,139180.0,287605.9,0.5485532834358795,0.26061365880679954,0.47462480131829493,-8069.0
КИР3,Март,3,897158.0,1009937.0,1668375.0,1359472.0,2090710.0,1991185.0,3027847.0,4081895.0,1054048.0,544000.0,3423816.0,3967816.0,0.0,0.0,-1300.0,0.0,0.0,0.0,0.0,6000.0,0.0,0.0,0.0,0.0,0.0,0.0,6000.0,39000.0,45000.0,110000.0,-68476.32,-126485.75999999998,0.0,26317.0,0.0,0.0,158000.0,0.0,-36080.0,68476.32,126485.75999999998,36080.0,39000.0,45000.0,220397.0,438688.9199999999,0.48780897107838395,0.2531415299318199,0.46467525627596595,-1300.0
КИР3,Апрель,4,1009937.0,737762.0,2033955.0,1268929.0,2545816.0,1858504.0,3302884.0,4404320.0,1101436.0,831500.0,3842746.0,4674246.0,0.0,2249.0,0.0,0.0,0.0,0.0,0.0,6000.0,0.0,0.0,0.0,0.0,0.0,0.0,6000.0,39000.0,27158.0,110000.0,-76854.91999999998,-132172.32,0.0,26317.0,0.0,0.0,186000.0,0.0,-42240.0,76854.91999999998,132172.32,42240.0,39000.0,27158.0,254557.0,453444.76,0.421972971991136,0.25165797670056617,0.4646241042643048,0.0
КИР3,Май,5,737762.0,778501.0,869673.0,775068.0,1102195.0,1123648.0,1644741.0,2225843.0,581102.0,240941.0,1949663.0,2190604.0,0.0,0.0,0.0,0.0,5500.0,841.0,0.0,6000.0,0.0,0.0,0.0,0.0,0.0,0.0,6841.0,17000.0,28000.0,110000.0,-38993.26,-69732.24,0.0,26317.0,93600.0,46800.0,124000.0,0.0,-28785.02,38993.26,69732.24,28785.02,17000.0,28000.0,319502.02,-8966.52,0.5048190730433368,0.26736715984053777,0.44974118399933943,5500.0
КИР3,Июнь,6,778501.0,519786.0,366677.0,314302.0,468231.0,446923.0,680979.0,915154.0,234175.0,197800.0,974179.0,1171979.0,12712.0,1968.0,12790.0,0.0,0.0,2500.0,0.0,0.0,0.0,0.0,0.0,0.0,0.0,0.0,2500.0,17000.0,0.0,0.0,-19483.579999999998,-28101.0,52635.0,0.0,0.0,0.0,33000.0,0.0,-7810.0,19483.579999999998,28101.0,7810.0,17000.0,0.0,93445.0,71677.42000000001,0.48835824353059704,0.2769576493753358,0.42195404419952787,12790.0
КИР3,Июль,7,519786.0,289920.0,35100.0,39333.0,43260.0,55083.0,74433.0,98343.0,23910.0,31500.0,166813.0,198313.0,0.0,0.0,-129896.0,0.0,0.0,0.0,0.0,0.0,0.0,0.0,0.0,0.0,0.0,6000.0,6000.0,0.0,0.0,0.0,-3336.2599999999998,-2869.2,0.0,0.0,0.0,0.0,0.0,0.0,-1320.0,3336.2599999999998,2869.2,1320.0,0.0,0.0,1320.0,10384.54,0.5601110399316678,0.23247863247863249,0.400427122263748,-129896.0
КИР3,Август,8,289920.0,289920.0,0.0,0.0,0.0,0.0,0.0,0.0,0.0,0.0,0.0,0.0,0.0,0.0,0.0,0.0,0.0,0.0,0.0,0.0,0.0,0.0,0.0,0.0,0.0,0.0,0.0,0.0,0.0,0.0,0.0,0.0,0.0,0.0,0.0,0.0,0.0,0.0,0.0,-0.0,-0.0,-0.0,0.0,0.0,0.0,0.0,0.0,0.0,0.0,0.0
КА2,Январь,1,946249.0,886020.0,289454.0,972671.0,383371.0,1411266.0,1262125.0,1794637.0,532512.0,463140.0,1382296.0,1845436.0,6032.0,1718.0,0.0,1680.0,0.0,2140.0,0.0,5000.0,6000.0,4000.0,0.0,0.0,0.0,0.0,17140.0,20000.0,0.0,60000.0,-27645.920000000006,-63901.43999999999,105270.0,0.0,0.0,0.0,0.0,0.0,-3770.8,27645.920000000006,63901.43999999999,3770.8,20000.0,0.0,109040.8,233065.84000000003,0.7863796411196248,0.32446260891195144,0.4509181418999847,-1680.0
КА2,Февраль,2,886020.0,887487.0,291423.0,1042562.0,402407.0,1517242.0,1333985.0,1919649.0,585664.0,409149.0,1495862.0,1905011.0,2624.0,0.0,0.0,10547.0,0.0,2849.0,0.0,5000.0,0.0,4000.0,0.0,0.0,0.0,0.0,11849.0,20000.0,0.0,60000.0,-29917.240000000005,-70279.68000000001,105268.0,52634.0,0.0,0.0,0.0,0.0,-2606.7799999999997,29917.240000000005,70279.68000000001,2606.7799999999997,20000.0,0.0,160508.78,233109.30000000002,0.7903746987079409,0.3808347316443795,0.45530145928971133,-10547.0
КА2,Март,3,887487.0,792183.0,390673.0,1043089.0,522882.0,1534671.0,1433762.0,2057553.0,623791.0,504514.0,1633109.0,2137623.0,12824.0,0.0,0.0,2410.0,0.0,1750.0,0.0,5000.0,0.0,4000.0,0.0,0.0,0.0,0.0,10750.0,20000.0,0.0,60000.0,-32662.180000000008,-74854.92,105270.0,52635.0,0.0,0.0,3300.0,0.0,-3091.0,32662.180000000008,74854.92,3091.0,20000.0,0.0,164296.0,261227.90000000002,0.7458719167865907,0.3384134557545569,0.4712752219609257,-2410.0
КА2,Апрель,4,792183.0,760188.0,304518.0,965918.0,397962.0,1429223.0,1270436.0,1827185.0,556749.0,466284.0,1389140.0,1855424.0,0.0,0.0,0.0,3756.0,0.0,1984.0,0.0,5000.0,0.0,4000.0,0.0,0.0,0.0,0.0,10984.0,20000.0,0.0,60000.0,-27782.8,-66809.87999999999,105270.0,52635.0,0.0,0.0,0.0,0.0,-2416.48,27782.8,66809.87999999999,2416.48,20000.0,0.0,160321.48,210850.84,0.7821993941500176,0.30685870785963393,0.47965251708737183,-3756.0
КА2,Май,5,760188.0,906011.0,233099.0,929592.0,304626.0,1356150.0,1162691.0,1660776.0,498085.0,376500.0,1133634.0,1510134.0,0.0,0.0,0.0,4819.0,0.0,1600.0,0.0,5000.0,0.0,4000.0,0.0,20000.0,0.0,0.0,30600.0,20000.0,0.0,60000.0,-22672.679999999993,-59770.200000000004,105270.0,52635.0,0.0,0.0,0.0,0.0,-6732.0,22672.679999999993,59770.200000000004,6732.0,40000.0,0.0,164637.0,140405.12,0.8165761065911357,0.3068524532494777,0.4588658250070999,-4819.0
КА2,Июнь,6,906011.0,1073142.0,306878.0,698655.0,399666.0,993922.0,1005533.0,1393588.0,388055.0,365550.0,1214258.0,1579808.0,5381.0,3314.0,362046.0,0.0,0.0,2830.0,0.0,0.0,0.0,4000.0,0.0,0.0,0.0,0.0,6830.0,20000.0,0.0,60000.0,-24285.16,-46566.6,105270.0,52635.0,0.0,0.0,0.0,0.0,-1502.6,24285.16,46566.6,1502.6,20000.0,0.0,159407.6,67651.64000000001,0.7132107911376964,0.30236119891292307,0.42262203805884163,362046.0
КА2,Июль,7,1073142.0,1002424.0,479223.0,791469.0,631111.0,1128616.0,1270692.0,1759727.0,489035.0,386890.0,1432916.0,1819806.0,6275.0,0.0,0.0,4364.0,0.0,6290.0,0.0,6000.0,12000.0,0.0,0.0,0.0,0.0,0.0,24290.0,20000.0,0.0,60000.0,-28658.32,-58684.2,52634.0,13158.0,93608.0,46804.0,42700.0,0.0,-14737.8,28658.32,58684.2,14737.8,20000.0,0.0,263641.8,33760.67999999998,0.6413585743697744,0.3169463903026357,0.42597625428159536,-4364.0
КА2,Август,8,1002424.0,1210988.0,500821.0,974351.0,651172.0,1384013.0,1475172.0,2035185.0,560013.0,362200.0,1464421.0,1826621.0,0.0,0.0,0.0,0.0,0.0,1450.0,3250.0,6000.0,0.0,4000.0,0.0,0.0,0.0,3250.0,17950.0,20000.0,0.0,60000.0,-29288.420000000002,-67201.56000000001,16195.0,8100.0,0.0,0.0,74800.0,0.0,-20405.0,29288.420000000002,67201.56000000001,20405.0,20000.0,0.0,119500.0,246073.02000000002,0.6800428462277385,0.30020905672885123,0.42044601996611075,0.0
П.ЗОР,Январь,1,556859.0,850722.0,605979.0,943322.0,793401.0,1391295.0,1549301.0,2184696.0,635395.0,253536.0,1631574.0,1885110.0,5723.0,0.0,0.0,0.0,0.0,0.0,0.0,10000.0,0.0,15000.0,10000.0,0.0,42500.0,0.0,77500.0,108000.0,0.0,100000.0,-32631.479999999992,-76247.40000000001,105270.0,0.0,0.0,0.0,22300.0,0.0,-21956.0,32631.479999999992,76247.40000000001,21956.0,108000.0,42500.0,149526.0,91490.12,0.6368368871458546,0.309287945621878,0.4748887442463973,0.0
П.ЗОР,Февраль,2,850722.0,935656.0,926765.0,1050940.0,1199505.0,1582533.0,1977705.0,2782038.0,804333.0,304887.0,2367134.0,2672021.0,0.0,30000.0,0.0,1345.0,6262.0,1767.0,0.0,10000.0,0.0,15000.0,10000.0,0.0,45000.0,0.0,81767.0,108000.0,0.0,100000.0,-47342.680000000015,-96519.96,105268.0,52634.0,0.0,0.0,35100.0,0.0,-25710.739999999998,47342.680000000015,96519.96,25710.739999999998,108000.0,45000.0,218712.74,121990.62,0.5688394622934697,0.2942925121255119,0.5058262127238472,4917.0
П.ЗОР,Март,3,935656.0,792806.0,838836.0,837028.0,1080058.0,1242970.0,1675864.0,2323028.0,647164.0,232070.0,2233808.0,2465878.0,0.0,0.0,0.0,0.0,0.0,1300.0,0.0,10000.0,0.0,15000.0,10000.0,0.0,45000.0,0.0,81300.0,108000.0,0.0,100000.0,-44676.159999999996,-77659.68000000001,78952.0,39476.0,0.0,0.0,48600.0,0.0,-28578.0,44676.159999999996,77659.68000000001,28578.0,108000.0,45000.0,195606.0,39922.16000000003,0.5350645795057141,0.28756753405910096,0.48498019182154,0.0
П.ЗОР,Апрель,4,792806.0,746947.0,692249.0,892608.0,880983.0,1329551.0,1584857.0,2210534.0,625677.0,299674.0,1967385.0,2267059.0,0.0,0.0,0.0,0.0,10666.0,359.0,0.0,10000.0,0.0,15000.0,10000.0,0.0,45000.0,0.0,80359.0,108000.0,0.0,100000.0,-39347.7,-75081.23999999999,105270.0,52635.0,93665.0,46832.0,47600.0,0.0,-28150.98,39347.7,75081.23999999999,28150.98,108000.0,45000.0,374152.98,-151263.92,0.6014614568244596,0.2726388914971347,0.4895127536387754,10666.0
П.ЗОР,Май,5,746947.0,791450.0,541359.0,594575.0,691036.0,863041.0,1135934.0,1554077.0,418143.0,162580.0,1351441.0,1514021.0,0.0,0.0,4928.0,481.0,0.0,0.0,0.0,10000.0,0.0,15000.0,10000.0,108000.0,45000.0,0.0,188000.0,90000.0,0.0,100000.0,-27028.820000000003,-50177.16,52635.0,26317.0,0.0,0.0,48800.0,0.0,-52096.0,27028.820000000003,50177.16,52096.0,198000.0,45000.0,179848.0,-216910.98,0.5553399220244557,0.2764838120360057,0.45152587983013076,4447.0
П.ЗОР,Июнь,6,791450.0,794553.0,572770.0,632395.0,721996.0,934767.0,1205165.0,1656763.0,451598.0,165459.0,1504141.0,1669600.0,7160.0,0.0,0.0,0.0,23100.0,420.0,0.0,0.0,0.0,15000.0,0.0,0.0,45000.0,0.0,60420.0,60000.0,0.0,100000.0,-30082.820000000003,-54191.76,63162.0,13158.0,93632.0,46816.0,82350.0,0.0,-31409.4,30082.820000000003,54191.76,31409.4,60000.0,45000.0,330527.4,-183623.98,0.5642128656905061,0.26053389667754945,0.47813787269032804,23100.0
П.ЗОР,Июль,7,794553.0,735361.0,661698.0,667933.0,838559.0,959439.0,1329631.0,1797998.0,468367.0,228670.0,1628520.0,1857190.0,0.0,0.0,0.0,0.0,0.0,0.0,0.0,0.0,12000.0,5000.0,0.0,0.0,5170.0,0.0,22170.0,60000.0,0.0,122500.0,-32570.400000000005,-56204.03999999999,52635.0,26318.0,0.0,0.0,48900.0,0.0,-15635.4,32570.400000000005,56204.03999999999,15635.4,60000.0,5170.0,143488.4,31434.159999999996,0.5336151653116411,0.2672835644055143,0.4364300012126965,0.0
П.ЗОР,Август,8,735361.0,930943.0,712481.0,804908.0,898155.0,1170744.0,1517389.0,2068899.0,551510.0,243265.0,1630052.0,1873317.0,0.0,0.0,0.0,0.0,0.0,0.0,0.0,0.0,0.0,14000.0,0.0,0.0,33583.0,0.0,47583.0,60000.0,0.0,100000.0,-32601.04,-66181.2,68830.0,34415.0,0.0,0.0,95682.0,0.0,-31518.3,32601.04,66181.2,31518.3,60000.0,33583.0,230445.3,14699.46000000001,0.565877792971044,0.26060203710695445,0.4545066019967499,0.0
КОВ,Январь,1,587967.0,734013.0,976673.0,1449339.0,1240061.0,2148421.0,2426012.0,3388482.0,962470.0,494320.0,2739578.0,3233898.0,10451.0,0.0,0.0,2887.0,4800.0,0.0,0.0,8000.0,6000.0,11000.0,0.0,0.0,0.0,0.0,25000.0,84000.0,22000.0,195000.0,-54791.560000000005,-115496.40000000001,105270.0,0.0,0.0,0.0,77500.0,0.0,-22550.0,54791.560000000005,115496.40000000001,22550.0,84000.0,22000.0,205320.0,260862.03999999992,0.6340364210286494,0.2696787973047274,0.4823454002134766,1913.0
КОВ,Февраль,2,734013.0,627377.0,898026.0,1668599.0,1148314.0,2498314.0,2566625.0,3646628.0,1080003.0,604623.0,3145127.0,3749750.0,0.0,0.0,0.0,4032.0,518.0,4293.0,0.0,8000.0,0.0,11000.0,0.0,0.0,0.0,0.0,23293.0,84000.0,45000.0,195000.0,-62902.54,-129600.35999999999,105268.0,52634.0,0.0,0.0,62500.0,0.0,-18874.46,62902.54,129600.35999999999,18874.46,84000.0,45000.0,239276.46,300930.63999999996,0.6851025111418,0.27870907969257014,0.497252485468348,-3514.0
КОВ,Март,3,627377.0,789429.0,1305773.0,1700269.0,1652116.0,2557335.0,3006042.0,4209451.0,1203409.0,597410.0,3449989.0,4047399.0,0.0,0.0,0.0,0.0,0.0,3570.0,0.0,0.0,0.0,11000.0,0.0,0.0,0.0,0.0,14570.0,84000.0,45000.0,195000.0,-68999.78,-144409.08,105270.0,52635.0,0.0,0.0,89642.0,0.0,-22926.64,68999.78,144409.08,22926.64,84000.0,45000.0,270473.64,380956.5,0.6075222160799592,0.26523982346089253,0.5040767078621089,0.0
КОВ,Апрель,4,789429.0,923685.0,1333271.0,1461705.0,1693843.0,2168583.0,2794976.0,3862426.0,1067450.0,575650.0,3152520.0,3728170.0,0.0,0.0,0.0,0.0,0.0,5303.0,0.0,4000.0,0.0,11000.0,0.0,0.0,0.0,0.0,20303.0,84000.0,26505.0,195000.0,-63050.40000000001,-128094.00000000001,105270.0,52635.0,0.0,0.0,55063.0,0.0,-16580.52,63050.40000000001,128094.00000000001,16580.52,84000.0,26505.0,229548.52,320949.07999999996,0.5614561935943886,0.2704416431468171,0.48359826367153425,0.0
КОВ,Май,5,923685.0,830008.0,1026318.0,1256354.0,1297950.0,1847253.0,2282672.0,3145203.0,862531.0,510958.0,2702452.0,3213410.0,490.0,0.0,-24980.0,0.0,0.0,3810.0,0.0,6000.0,0.0,11000.0,0.0,84000.0,0.0,0.0,104810.0,72000.0,27000.0,195000.0,-54049.04,-103503.71999999999,105270.0,52636.0,0.0,0.0,53383.0,0.0,-34802.46,54049.04,103503.71999999999,34802.46,156000.0,27000.0,246091.46,60076.78000000005,0.5873239342579796,0.26466650687213905,0.4703284265422007,-24980.0
КОВ,Июнь,6,830008.0,897838.0,927625.0,1118484.0,1173665.0,1633335.0,2046109.0,2807000.0,760891.0,516668.0,2214023.0,2730691.0,11766.0,129.0,0.0,0.0,3416.0,15554.0,0.0,6000.0,0.0,11000.0,0.0,0.0,0.0,0.0,32554.0,54000.0,27000.0,195000.0,-44280.46000000001,-91306.92000000001,105270.0,52635.0,0.0,0.0,75364.0,0.0,-23741.96,44280.46000000001,91306.92000000001,23741.96,54000.0,27000.0,257010.96,59609.659999999996,0.5818792304951906,0.26523649103894353,0.46031145729398004,3416.0
КОВ,Июль,7,897838.0,684936.0,918577.0,1128711.0,1167602.0,1650554.0,2047288.0,2818156.0,770868.0,483086.0,2551472.0,3034558.0,0.0,0.0,0.0,0.0,3500.0,9039.0,0.0,0.0,12000.0,3000.0,0.0,0.0,0.0,6000.0,30039.0,54000.0,37000.0,195000.0,-51029.44000000001,-92504.16,52634.0,26316.0,93608.0,46804.0,95366.0,0.0,-27589.1,51029.44000000001,92504.16,27589.1,54000.0,37000.0,342317.1,-31021.699999999975,0.5856858172507129,0.2710986667421457,0.46233535422264865,3500.0
КОВ,Август,8,684936.0,1019803.0,1087362.0,1145732.0,1369987.0,1644341.0,2233094.0,3014328.0,781234.0,481507.0,2197954.0,2679461.0,0.0,0.0,0.0,0.0,0.0,2949.0,0.0,6000.0,0.0,6000.0,0.0,0.0,0.0,0.0,14949.0,54000.0,37000.0,195000.0,-43959.07999999999,-93748.08,16195.0,8098.0,0.0,0.0,131805.0,0.0,-32285.879999999997,43959.07999999999,93748.08,32285.879999999997,54000.0,37000.0,188383.88,154193.96000000002,0.5455083189354311,0.2599180401742934,0.4351881591855687,0.0
УМБА,Январь,1,928085.0,821897.0,234921.0,341807.0,306624.0,497675.0,576728.0,804299.0,227571.0,259364.0,635616.0,894980.0,0.0,10680.0,0.0,4827.0,0.0,0.0,0.0,4000.0,6000.0,6000.0,0.0,0.0,0.0,0.0,16000.0,20000.0,24000.0,65000.0,-12712.32,-27308.519999999997,105270.0,0.0,0.0,0.0,0.0,0.0,-3520.0,12712.32,27308.519999999997,3520.0,20000.0,24000.0,108790.0,-56919.840000000004,0.6187686420099988,0.30522175539862334,0.45601172591550204,-4827.0
УМБА,Февраль,2,821897.0,717368.0,260873.0,412326.0,329291.0,583216.0,673199.0,912507.0,239308.0,255343.0,749243.0,1004586.0,10609.0,0.0,0.0,1841.0,0.0,543.0,0.0,4000.0,0.0,6000.0,0.0,0.0,0.0,0.0,10543.0,20000.0,45000.0,65000.0,-14984.86,-28716.96,105268.0,52634.0,0.0,0.0,0.0,0.0,-2319.46,14984.86,28716.96,2319.46,20000.0,45000.0,160221.46,-105158.28000000001,0.639135918957334,0.2622655468369666,0.4144536119478277,-1841.0
УМБА,Март,3,717368.0,687758.0,353063.0,369225.0,452841.0,532269.0,722288.0,985110.0,262822.0,254442.0,742623.0,997065.0,15327.0,1176.0,0.0,1152.0,0.0,500.0,0.0,4000.0,0.0,6000.0,0.0,0.0,0.0,0.0,10500.0,20000.0,45000.0,65000.0,-14852.459999999995,-31538.639999999996,105270.0,52635.0,0.0,0.0,3200.0,0.0,-3014.0,14852.459999999995,31538.639999999996,3014.0,20000.0,45000.0,164119.0,-89364.09999999999,0.5403142796235954,0.2826067868907249,0.4415843997562462,-1152.0
УМБА,Апрель,4,687758.0,746151.0,356270.0,429637.0,450732.0,635140.0,785907.0,1085872.0,299965.0,284300.0,749336.0,1033636.0,0.0,0.0,0.0,445.0,6602.0,0.0,0.0,4000.0,0.0,6000.0,0.0,0.0,0.0,0.0,10000.0,20000.0,34424.0,65000.0,-14986.719999999998,-35995.8,105270.0,52635.0,0.0,0.0,0.0,0.0,-2200.0,14986.719999999998,35995.8,2200.0,20000.0,34424.0,160105.0,-40546.520000000004,0.5849124021984174,0.26514160608527243,0.4783177426525183,6157.0
УМБА,Май,5,746151.0,548583.0,262207.0,269907.0,328188.0,389127.0,532114.0,717315.0,185201.0,255000.0,656130.0,911130.0,0.0,1312.0,0.0,2441.0,0.0,0.0,0.0,4000.0,0.0,6000.0,0.0,20000.0,0.0,0.0,30000.0,20000.0,35000.0,65000.0,-13122.6,-22224.12,105270.0,52635.0,0.0,0.0,3200.0,0.0,-7304.0,13122.6,22224.12,7304.0,40000.0,35000.0,168409.0,-169866.72,0.5424771543882395,0.25163706537201525,0.4417076993186542,-2441.0
УМБА,Июнь,6,548583.0,726840.0,481563.0,426467.0,615528.0,614797.0,908030.0,1230325.0,322295.0,313536.0,691658.0,1005194.0,46874.0,0.0,0.0,0.0,0.0,1336.0,0.0,0.0,3000.0,7000.0,0.0,0.0,0.0,0.0,11336.0,20000.0,35000.0,0.0,-13833.159999999996,-38675.4,105270.0,52635.0,0.0,0.0,0.0,0.0,-2493.92,13833.159999999996,38675.4,2493.92,20000.0,35000.0,160398.92,43051.520000000004,0.49970292402413996,0.2781879006485133,0.4416050948842466,0.0
УМБА,Июль,7,726840.0,794049.0,547028.0,508677.0,690520.0,716254.0,1055705.0,1406774.0,351069.0,338409.0,993116.0,1331525.0,6177.0,0.0,0.0,1863.0,0.0,0.0,0.0,0.0,12000.0,7000.0,0.0,0.0,0.0,0.0,19000.0,20000.0,35000.0,0.0,-19862.320000000007,-42128.27999999999,70854.0,0.0,93831.0,46916.0,34145.0,0.0,-11691.9,19862.320000000007,42128.27999999999,11691.9,20000.0,35000.0,257437.9,-42359.50000000001,0.5091464584929776,0.26231198403006795,0.40807231307882996,-1863.0
УМБА,Август,8,794049.0,756110.0,494331.0,430512.0,630448.0,618386.0,924843.0,1248834.0,323991.0,368119.0,923454.0,1291573.0,0.0,0.0,0.0,0.0,4800.0,650.0,0.0,0.0,0.0,1000.0,0.0,0.0,0.0,0.0,1650.0,20000.0,35000.0,0.0,-18469.08,-38878.920000000006,26317.0,13159.0,0.0,0.0,52369.0,0.0,-11884.18,18469.08,38878.920000000006,11884.18,20000.0,35000.0,103729.18,106263.81999999998,0.4951706952245054,0.27535598617120915,0.4363966625785112,4800.0
