row	column	value	formula
1	A1	Январь	
2	A2	Дата	
2	B2	Остаток	
2	C2	З. Коп	
2	D2	З. Мор	
2	E2	П. Коп	
2	F2	П. Мор	
2	G2	Закупка	
2	H2	Продажа	
2	I2	% коп	
2	J2	% мор	
2	K2	% общий	
2	L2	Грязная	
2	M2	Выр нал	
2	N2	Б/нал	
2	O2	Общая	
2	P2	Списания К.	
2	Q2	Списания М.	
2	R2	Перемещение	
2	S2	Уценка	
2	T2	Переоценка	
2	U2	Хоз. Нужды	
2	V2	Доставка	
2	W2	Уборка	
2	X2	Премия	
2	Y2	Выслуга	
2	Z2	Доплата	
2	AA2	Водитель	
2	AB2	Ком. Плат.	
2	AC2	Расходы	
2	AD2	Траты нал	
2	AE2	Вод. Б/нал	
2	AF2	Ком. Б/нал	
2	AG2	Аренда	
2	AH2	-% банк	
2	AI2	Налоги	
2	AJ2	Зарпл. Б/нал	
2	AK2	Налоги з/п	
2	AL2	Отпускные	
2	AM2	Налоги отпуск.	
2	AN2	Зарпл. Нал	
2	AO2	Отпуск. Нал	
2	AP2	НДФЛ 22%	
2	AQ2	Итог	
3	A3	1	
3	B3	2207919	
3	C3	0	=ЗакПро!B4
3	D3	0	=ЗакПро!C4
3	E3	0	=ЗакПро!D4
3	F3	0	=ЗакПро!E4
3	G3	0	=SUM(C3:D3)
3	H3	0	=SUM(E3:F3)
3	I3	-	=IFERROR((E3-C3)/C3*100,"-")
3	J3	-	=IFERROR((F3-D3)/D3*100,"-")
3	K3	-	=IFERROR((H3-G3)/G3*100,"-")
3	L3	0	=H3-G3
3	O3	0	=M3+N3
3	W3	8000	
3	X3	21000	
3	Y3	40000	
3	AD3	69000	=SUM(U3:AC3)
3	AE3	13000	
3	AF3	50000	
3	AG3	71400	
3	AH3	0	=N3-N3-(N3*0.02)
3	AI3	0	=L3-L3-(L3*0.12)
3	AP3	-15180	=(AD3-AD3-(AD3*0.22))+(AN3-AN3-(AN3*0.22))+(AO3-AO3-(AO3*0.22))
3	AQ3	760296.26	=L34-Q34-AD34-AE34-AF34-AG34+AH34+AI34-AJ34-AK34-AL34-AM34-AN34-AO34+AP34
4	A4	2	
4	B4	2207919	=B3+H3-O3-P3-Q3+R3-S3+T3
4	C4	0	=ЗакПро!G4
4	D4	0	=ЗакПро!H4
4	E4	0	=ЗакПро!I4
4	F4	0	=ЗакПро!J4
4	G4	0	=SUM(C4:D4)
4	H4	0	=SUM(E4:F4)
4	I4	-	=IFERROR((E4-C4)/C4*100,"-")
4	J4	-	=IFERROR((F4-D4)/D4*100,"-")
4	K4	-	=IFERROR((H4-G4)/G4*100,"-")
4	L4	0	=H4-G4
4	O4	0	=M4+N4
4	AD4	0	=SUM(U4:AC4)
4	AH4	0	=N4-N4-(N4*0.02)
4	AI4	0	=L4-L4-(L4*0.12)
4	AP4	0	=(AD4-AD4-(AD4*0.22))+(AN4-AN4-(AN4*0.22))+(AO4-AO4-(AO4*0.22))
5	A5	3	
5	B5	2207919	=B4+H4-O4-P4-Q4+R4-S4+T4
5	C5	0	=ЗакПро!L4
5	D5	0	=ЗакПро!M4
5	E5	0	=ЗакПро!N4
5	F5	0	=ЗакПро!O4
5	G5	0	=SUM(C5:D5)
5	H5	0	=SUM(E5:F5)
5	I5	-	=IFERROR((E5-C5)/C5*100,"-")
5	J5	-	=IFERROR((F5-D5)/D5*100,"-")
5	K5	-	=IFERROR((H5-G5)/G5*100,"-")
5	L5	0	=H5-G5
5	O5	0	=M5+N5
5	AD5	0	=SUM(U5:AC5)
5	AH5	0	=N5-N5-(N5*0.02)
5	AI5	0	=L5-L5-(L5*0.12)
5	AP5	0	=(AD5-AD5-(AD5*0.22))+(AN5-AN5-(AN5*0.22))+(AO5-AO5-(AO5*0.22))
6	A6	4	
6	B6	2207919	=B5+H5-O5-P5-Q5+R5-S5+T5
6	C6	0	=ЗакПро!Q4
6	D6	0	=ЗакПро!R4
6	E6	0	=ЗакПро!S4
6	F6	0	=ЗакПро!T4
6	G6	0	=SUM(C6:D6)
6	H6	0	=SUM(E6:F6)
6	I6	-	=IFERROR((E6-C6)/C6*100,"-")
6	J6	-	=IFERROR((F6-D6)/D6*100,"-")
6	K6	-	=IFERROR((H6-G6)/G6*100,"-")
6	L6	0	=H6-G6
6	M6	38400	
6	N6	331531	
6	O6	369931	=M6+N6
6	AD6	0	=SUM(U6:AC6)
6	AH6	-6630.62	=N6-N6-(N6*0.02)
6	AI6	0	=L6-L6-(L6*0.12)
6	AP6	0	=(AD6-AD6-(AD6*0.22))+(AN6-AN6-(AN6*0.22))+(AO6-AO6-(AO6*0.22))
7	A7	5	
7	B7	1837988	=B6+H6-O6-P6-Q6+R6-S6+T6
7	C7	687130	=ЗакПро!V4
7	D7	45291	=ЗакПро!W4
7	E7	825665	=ЗакПро!X4
7	F7	71037	=ЗакПро!Y4
7	G7	732421	=SUM(C7:D7)
7	H7	896702	=SUM(E7:F7)
7	I7	20.161395951275594	=IFERROR((E7-C7)/C7*100,"-")
7	J7	56.845730939921836	=IFERROR((F7-D7)/D7*100,"-")
7	K7	22.429859329538612	=IFERROR((H7-G7)/G7*100,"-")
7	L7	164281	=H7-G7
7	M7	100000	
7	N7	691737	
7	O7	791737	=M7+N7
7	S7	1035	
7	AD7	0	=SUM(U7:AC7)
7	AH7	-13834.74	=N7-N7-(N7*0.02)
7	AI7	-19713.719999999998	=L7-L7-(L7*0.12)
7	AP7	0	=(AD7-AD7-(AD7*0.22))+(AN7-AN7-(AN7*0.22))+(AO7-AO7-(AO7*0.22))
8	A8	6	
8	B8	1941918	=B7+H7-O7-P7-Q7+R7-S7+T7
8	C8	636424	=ЗакПро!AA4
8	D8	216185	=ЗакПро!AB4
8	E8	780705	=ЗакПро!AC4
8	F8	344621	=ЗакПро!AD4
8	G8	852609	=SUM(C8:D8)
8	H8	1125326	=SUM(E8:F8)
8	I8	22.670578105162594	=IFERROR((E8-C8)/C8*100,"-")
8	J8	59.41022735157389	=IFERROR((F8-D8)/D8*100,"-")
8	K8	31.986174201773615	=IFERROR((H8-G8)/G8*100,"-")
8	L8	272717	=H8-G8
8	M8	121000	
8	N8	655422	
8	O8	776422	=M8+N8
8	AD8	0	=SUM(U8:AC8)
8	AH8	-13108.44	=N8-N8-(N8*0.02)
8	AI8	-32726.039999999997	=L8-L8-(L8*0.12)
8	AP8	0	=(AD8-AD8-(AD8*0.22))+(AN8-AN8-(AN8*0.22))+(AO8-AO8-(AO8*0.22))
9	A9	7	
9	B9	2290822	=B8+H8-O8-P8-Q8+R8-S8+T8
9	C9	0	=ЗакПро!AF4
9	D9	0	=ЗакПро!AG4
9	E9	0	=ЗакПро!AH4
9	F9	0	=ЗакПро!AI4
9	G9	0	=SUM(C9:D9)
9	H9	0	=SUM(E9:F9)
9	I9	-	=IFERROR((E9-C9)/C9*100,"-")
9	J9	-	=IFERROR((F9-D9)/D9*100,"-")
9	K9	-	=IFERROR((H9-G9)/G9*100,"-")
9	L9	0	=H9-G9
9	M9	90000	
9	N9	392000	
9	O9	482000	=M9+N9
9	AD9	0	=SUM(U9:AC9)
9	AH9	-7840	=N9-N9-(N9*0.02)
9	AI9	0	=L9-L9-(L9*0.12)
9	AP9	0	=(AD9-AD9-(AD9*0.22))+(AN9-AN9-(AN9*0.22))+(AO9-AO9-(AO9*0.22))
10	A10	8	
10	B10	1808822	=B9+H9-O9-P9-Q9+R9-S9+T9
10	C10	444033	=ЗакПро!AK4
10	D10	226164	=ЗакПро!AL4
10	E10	538045	=ЗакПро!AM4
10	F10	331418	=ЗакПро!AN4
10	G10	670197	=SUM(C10:D10)
10	H10	869463	=SUM(E10:F10)
10	I10	21.172300256962885	=IFERROR((E10-C10)/C10*100,"-")
10	J10	46.538794856829554	=IFERROR((F10-D10)/D10*100,"-")
10	K10	29.732451801485233	=IFERROR((H10-G10)/G10*100,"-")
10	L10	199266	=H10-G10
10	M10	300000	
10	N10	582517	
10	O10	882517	=M10+N10
10	AD10	0	=SUM(U10:AC10)
10	AH10	-11650.34	=N10-N10-(N10*0.02)
10	AI10	-23911.92	=L10-L10-(L10*0.12)
10	AP10	0	=(AD10-AD10-(AD10*0.22))+(AN10-AN10-(AN10*0.22))+(AO10-AO10-(AO10*0.22))
11	A11	9	
11	B11	1795768	=B10+H10-O10-P10-Q10+R10-S10+T10
11	C11	572606	=ЗакПро!AP4
11	D11	199897	=ЗакПро!AQ4
11	E11	706727	=ЗакПро!AR4
11	F11	278325	=ЗакПро!AS4
11	G11	772503	=SUM(C11:D11)
11	H11	985052	=SUM(E11:F11)
11	I11	23.422912089639297	=IFERROR((E11-C11)/C11*100,"-")
11	J11	39.234205615892186	=IFERROR((F11-D11)/D11*100,"-")
11	K11	27.514326805203343	=IFERROR((H11-G11)/G11*100,"-")
11	L11	212549	=H11-G11
11	M11	50000	
11	N11	474187	
11	O11	524187	=M11+N11
11	Q11	27783	
11	AD11	0	=SUM(U11:AC11)
11	AH11	-9483.74	=N11-N11-(N11*0.02)
11	AI11	-25505.879999999997	=L11-L11-(L11*0.12)
11	AP11	0	=(AD11-AD11-(AD11*0.22))+(AN11-AN11-(AN11*0.22))+(AO11-AO11-(AO11*0.22))
12	A12	10	
12	B12	2228850	=B11+H11-O11-P11-Q11+R11-S11+T11
12	C12	166040	=ЗакПро!AU4
12	D12	165273	=ЗакПро!AV4
12	E12	213617	=ЗакПро!AW4
12	F12	241430	=ЗакПро!AX4
12	G12	331313	=SUM(C12:D12)
12	H12	455047	=SUM(E12:F12)
12	I12	28.653938809925318	=IFERROR((E12-C12)/C12*100,"-")
12	J12	46.07951692048913	=IFERROR((F12-D12)/D12*100,"-")
12	K12	37.346557484916076	=IFERROR((H12-G12)/G12*100,"-")
12	L12	123734	=H12-G12
12	M12	41100	
12	N12	357181	
12	O12	398281	=M12+N12
12	Q12	6156	
12	AD12	0	=SUM(U12:AC12)
12	AH12	-7143.62	=N12-N12-(N12*0.02)
12	AI12	-14848.08	=L12-L12-(L12*0.12)
12	AP12	0	=(AD12-AD12-(AD12*0.22))+(AN12-AN12-(AN12*0.22))+(AO12-AO12-(AO12*0.22))
13	A13	11	
13	B13	2279460	=B12+H12-O12-P12-Q12+R12-S12+T12
13	C13	0	=ЗакПро!AZ4
13	D13	0	=ЗакПро!BA4
13	E13	0	=ЗакПро!BB4
13	F13	0	=ЗакПро!BC4
13	G13	0	=SUM(C13:D13)
13	H13	0	=SUM(E13:F13)
13	I13	-	=IFERROR((E13-C13)/C13*100,"-")
13	J13	-	=IFERROR((F13-D13)/D13*100,"-")
13	K13	-	=IFERROR((H13-G13)/G13*100,"-")
13	L13	0	=H13-G13
13	M13	0	
13	N13	285082	
13	O13	285082	=M13+N13
13	AD13	0	=SUM(U13:AC13)
13	AH13	-5701.64	=N13-N13-(N13*0.02)
13	AI13	0	=L13-L13-(L13*0.12)
13	AP13	0	=(AD13-AD13-(AD13*0.22))+(AN13-AN13-(AN13*0.22))+(AO13-AO13-(AO13*0.22))
14	A14	12	
14	B14	1994378	=B13+H13-O13-P13-Q13+R13-S13+T13
14	C14	599387	=ЗакПро!BE4
14	D14	23550	=ЗакПро!BF4
14	E14	745481	=ЗакПро!BG4
14	F14	39572	=ЗакПро!BH4
14	G14	622937	=SUM(C14:D14)
14	H14	785053	=SUM(E14:F14)
14	I14	24.37390200321328	=IFERROR((E14-C14)/C14*100,"-")
14	J14	68.03397027600849	=IFERROR((F14-D14)/D14*100,"-")
14	K14	26.02446154266001	=IFERROR((H14-G14)/G14*100,"-")
14	L14	162116	=H14-G14
14	M14	34000	
14	N14	173990	
14	O14	207990	=M14+N14
14	Q14	1239	
14	S14	24338	
14	AD14	0	=SUM(U14:AC14)
14	AH14	-3479.8	=N14-N14-(N14*0.02)
14	AI14	-19453.92	=L14-L14-(L14*0.12)
14	AP14	0	=(AD14-AD14-(AD14*0.22))+(AN14-AN14-(AN14*0.22))+(AO14-AO14-(AO14*0.22))
15	A15	13	
15	B15	2545864	=B14+H14-O14-P14-Q14+R14-S14+T14
15	C15	62965	=ЗакПро!BJ4
15	D15	2019	=ЗакПро!BK4
15	E15	78470	=ЗакПро!BL4
15	F15	2487	=ЗакПро!BM4
15	G15	64984	=SUM(C15:D15)
15	H15	80957	=SUM(E15:F15)
15	I15	24.62479155086159	=IFERROR((E15-C15)/C15*100,"-")
15	J15	23.179791976225854	=IFERROR((F15-D15)/D15*100,"-")
15	K15	24.579896589929827	=IFERROR((H15-G15)/G15*100,"-")
15	L15	15973	=H15-G15
15	M15	0	
15	N15	283999	
15	O15	283999	=M15+N15
15	S15	3022	
15	AD15	0	=SUM(U15:AC15)
15	AH15	-5679.9800000000005	=N15-N15-(N15*0.02)
15	AI15	-1916.76	=L15-L15-(L15*0.12)
15	AP15	0	=(AD15-AD15-(AD15*0.22))+(AN15-AN15-(AN15*0.22))+(AO15-AO15-(AO15*0.22))
16	A16	14	
16	B16	2339800	=B15+H15-O15-P15-Q15+R15-S15+T15
16	C16	0	=ЗакПро!BO4
16	D16	0	=ЗакПро!BP4
16	E16	0	=ЗакПро!BQ4
16	F16	0	=ЗакПро!BR4
16	G16	0	=SUM(C16:D16)
16	H16	0	=SUM(E16:F16)
16	I16	-	=IFERROR((E16-C16)/C16*100,"-")
16	J16	-	=IFERROR((F16-D16)/D16*100,"-")
16	K16	-	=IFERROR((H16-G16)/G16*100,"-")
16	L16	0	=H16-G16
16	M16	0	
16	N16	217609	
16	O16	217609	=M16+N16
16	Q16	5609	
16	S16	20203	
16	AD16	0	=SUM(U16:AC16)
16	AH16	-4352.18	=N16-N16-(N16*0.02)
16	AI16	0	=L16-L16-(L16*0.12)
16	AP16	0	=(AD16-AD16-(AD16*0.22))+(AN16-AN16-(AN16*0.22))+(AO16-AO16-(AO16*0.22))
17	A17	15	
17	B17	2096379	=B16+H16-O16-P16-Q16+R16-S16+T16
17	C17	64406	=ЗакПро!BT4
17	D17	64108	=ЗакПро!BU4
17	E17	78515	=ЗакПро!BV4
17	F17	104271	=ЗакПро!BW4
17	G17	128514	=SUM(C17:D17)
17	H17	182786	=SUM(E17:F17)
17	I17	21.906344129428934	=IFERROR((E17-C17)/C17*100,"-")
17	J17	62.64896736756723	=IFERROR((F17-D17)/D17*100,"-")
17	K17	42.23041847580809	=IFERROR((H17-G17)/G17*100,"-")
17	L17	54272	=H17-G17
17	M17	0	
17	N17	186548	
17	O17	186548	=M17+N17
17	AD17	0	=SUM(U17:AC17)
17	AH17	-3730.96	=N17-N17-(N17*0.02)
17	AI17	-6512.639999999999	=L17-L17-(L17*0.12)
17	AP17	0	=(AD17-AD17-(AD17*0.22))+(AN17-AN17-(AN17*0.22))+(AO17-AO17-(AO17*0.22))
18	A18	16	
18	B18	2092617	=B17+H17-O17-P17-Q17+R17-S17+T17
18	C18	41300	=ЗакПро!BY4
18	D18	17635	=ЗакПро!BZ4
18	E18	56133	=ЗакПро!CA4
18	F18	29746	=ЗакПро!CB4
18	G18	58935	=SUM(C18:D18)
18	H18	85879	=SUM(E18:F18)
18	I18	35.91525423728814	=IFERROR((E18-C18)/C18*100,"-")
18	J18	68.67592855117664	=IFERROR((F18-D18)/D18*100,"-")
18	K18	45.71816407907016	=IFERROR((H18-G18)/G18*100,"-")
18	L18	26944	=H18-G18
18	M18	0	
18	N18	234425	
18	O18	234425	=M18+N18
18	AD18	0	=SUM(U18:AC18)
18	AH18	-4688.5	=N18-N18-(N18*0.02)
18	AI18	-3233.2799999999997	=L18-L18-(L18*0.12)
18	AP18	0	=(AD18-AD18-(AD18*0.22))+(AN18-AN18-(AN18*0.22))+(AO18-AO18-(AO18*0.22))
19	A19	17	
19	B19	1944071	=B18+H18-O18-P18-Q18+R18-S18+T18
19	C19	250669	=ЗакПро!CD4
19	D19	68281	=ЗакПро!CE4
19	E19	319529	=ЗакПро!CF4
19	F19	97956	=ЗакПро!CG4
19	G19	318950	=SUM(C19:D19)
19	H19	417485	=SUM(E19:F19)
19	I19	27.470488971512236	=IFERROR((E19-C19)/C19*100,"-")
19	J19	43.4601133551061	=IFERROR((F19-D19)/D19*100,"-")
19	K19	30.89355698385327	=IFERROR((H19-G19)/G19*100,"-")
19	L19	98535	=H19-G19
19	M19	20000	
19	N19	245838	
19	O19	265838	=M19+N19
19	AD19	0	=SUM(U19:AC19)
19	AH19	-4916.76	=N19-N19-(N19*0.02)
19	AI19	-11824.199999999999	=L19-L19-(L19*0.12)
19	AP19	0	=(AD19-AD19-(AD19*0.22))+(AN19-AN19-(AN19*0.22))+(AO19-AO19-(AO19*0.22))
20	A20	18	
20	B20	2095718	=B19+H19-O19-P19-Q19+R19-S19+T19
20	C20	0	=ЗакПро!CI4
20	D20	0	=ЗакПро!CJ4
20	E20	0	=ЗакПро!CK4
20	F20	0	=ЗакПро!CL4
20	G20	0	=SUM(C20:D20)
20	H20	0	=SUM(E20:F20)
20	I20	-	=IFERROR((E20-C20)/C20*100,"-")
20	J20	-	=IFERROR((F20-D20)/D20*100,"-")
20	K20	-	=IFERROR((H20-G20)/G20*100,"-")
20	L20	0	=H20-G20
20	M20	30000	
20	N20	186979	
20	O20	216979	=M20+N20
20	AD20	0	=SUM(U20:AC20)
20	AH20	-3739.58	=N20-N20-(N20*0.02)
20	AI20	0	=L20-L20-(L20*0.12)
20	AP20	0	=(AD20-AD20-(AD20*0.22))+(AN20-AN20-(AN20*0.22))+(AO20-AO20-(AO20*0.22))
21	A21	19	
21	B21	1878739	=B20+H20-O20-P20-Q20+R20-S20+T20
21	C21	223728	=ЗакПро!CN4
21	D21	35388	=ЗакПро!CO4
21	E21	272925	=ЗакПро!CP4
21	F21	49738	=ЗакПро!CQ4
21	G21	259116	=SUM(C21:D21)
21	H21	322663	=SUM(E21:F21)
21	I21	21.98964814417507	=IFERROR((E21-C21)/C21*100,"-")
21	J21	40.55046908556573	=IFERROR((F21-D21)/D21*100,"-")
21	K21	24.524537272881645	=IFERROR((H21-G21)/G21*100,"-")
21	L21	63547	=H21-G21
21	M21	0	
21	N21	236757	
21	O21	236757	=M21+N21
21	P21	1050	
21	AD21	0	=SUM(U21:AC21)
21	AH21	-4735.14	=N21-N21-(N21*0.02)
21	AI21	-7625.639999999999	=L21-L21-(L21*0.12)
21	AP21	0	=(AD21-AD21-(AD21*0.22))+(AN21-AN21-(AN21*0.22))+(AO21-AO21-(AO21*0.22))
22	A22	20	
22	B22	1963595	=B21+H21-O21-P21-Q21+R21-S21+T21
22	C22	45900	=ЗакПро!CS4
22	D22	10192	=ЗакПро!CT4
22	E22	57903	=ЗакПро!CU4
22	F22	15491	=ЗакПро!CV4
22	G22	56092	=SUM(C22:D22)
22	H22	73394	=SUM(E22:F22)
22	I22	26.15032679738562	=IFERROR((E22-C22)/C22*100,"-")
22	J22	51.99175824175825	=IFERROR((F22-D22)/D22*100,"-")
22	K22	30.845753405120156	=IFERROR((H22-G22)/G22*100,"-")
22	L22	17302	=H22-G22
22	M22	30000	
22	N22	97797	
22	O22	127797	=M22+N22
22	S22	11260	
22	AD22	0	=SUM(U22:AC22)
22	AH22	-1955.94	=N22-N22-(N22*0.02)
22	AI22	-2076.24	=L22-L22-(L22*0.12)
22	AP22	0	=(AD22-AD22-(AD22*0.22))+(AN22-AN22-(AN22*0.22))+(AO22-AO22-(AO22*0.22))
23	A23	21	
23	B23	1897932	=B22+H22-O22-P22-Q22+R22-S22+T22
23	C23	0	=ЗакПро!CX4
23	D23	0	=ЗакПро!CY4
23	E23	0	=ЗакПро!CZ4
23	F23	0	=ЗакПро!DA4
23	G23	0	=SUM(C23:D23)
23	H23	0	=SUM(E23:F23)
23	I23	-	=IFERROR((E23-C23)/C23*100,"-")
23	J23	-	=IFERROR((F23-D23)/D23*100,"-")
23	K23	-	=IFERROR((H23-G23)/G23*100,"-")
23	L23	0	=H23-G23
23	M23	55000	
23	N23	243690	
23	O23	298690	=M23+N23
23	AD23	0	=SUM(U23:AC23)
23	AH23	-4873.8	=N23-N23-(N23*0.02)
23	AI23	0	=L23-L23-(L23*0.12)
23	AJ23	157902	
23	AP23	0	=(AD23-AD23-(AD23*0.22))+(AN23-AN23-(AN23*0.22))+(AO23-AO23-(AO23*0.22))
24	A24	22	
24	B24	1599242	=B23+H23-O23-P23-Q23+R23-S23+T23
24	C24	281577	=ЗакПро!DC4
24	D24	81322	=ЗакПро!DD4
24	E24	356850	=ЗакПро!DE4
24	F24	126065	=ЗакПро!DF4
24	G24	362899	=SUM(C24:D24)
24	H24	482915	=SUM(E24:F24)
24	I24	26.732652169743975	=IFERROR((E24-C24)/C24*100,"-")
24	J24	55.019551904773614	=IFERROR((F24-D24)/D24*100,"-")
24	K24	33.07146065434184	=IFERROR((H24-G24)/G24*100,"-")
24	L24	120016	=H24-G24
24	M24	26150	
24	N24	288526	
24	O24	314676	=M24+N24
24	Q24	1620	
24	AD24	0	=SUM(U24:AC24)
24	AH24	-5770.52	=N24-N24-(N24*0.02)
24	AI24	-14401.92	=L24-L24-(L24*0.12)
24	AP24	0	=(AD24-AD24-(AD24*0.22))+(AN24-AN24-(AN24*0.22))+(AO24-AO24-(AO24*0.22))
25	A25	23	
25	B25	1765861	=B24+H24-O24-P24-Q24+R24-S24+T24
25	C25	264112	=ЗакПро!DH4
25	D25	47168	=ЗакПро!DI4
25	E25	337169	=ЗакПро!DJ4
25	F25	65223	=ЗакПро!DK4
25	G25	311280	=SUM(C25:D25)
25	H25	402392	=SUM(E25:F25)
25	I25	27.661370933543346	=IFERROR((E25-C25)/C25*100,"-")
25	J25	38.27806987788331	=IFERROR((F25-D25)/D25*100,"-")
25	K25	29.27011051143665	=IFERROR((H25-G25)/G25*100,"-")
25	L25	91112	=H25-G25
25	M25	40000	
25	N25	287480	
25	O25	327480	=M25+N25
25	Q25	2541	
25	AD25	0	=SUM(U25:AC25)
25	AH25	-5749.6	=N25-N25-(N25*0.02)
25	AI25	-10933.439999999999	=L25-L25-(L25*0.12)
25	AP25	0	=(AD25-AD25-(AD25*0.22))+(AN25-AN25-(AN25*0.22))+(AO25-AO25-(AO25*0.22))
26	A26	24	
26	B26	1838232	=B25+H25-O25-P25-Q25+R25-S25+T25
26	C26	222009	=ЗакПро!DM4
26	D26	77078	=ЗакПро!DN4
26	E26	279168	=ЗакПро!DO4
26	F26	118745	=ЗакПро!DP4
26	G26	299087	=SUM(C26:D26)
26	H26	397913	=SUM(E26:F26)
26	I26	25.746253530262287	=IFERROR((E26-C26)/C26*100,"-")
26	J26	54.058226731363035	=IFERROR((F26-D26)/D26*100,"-")
26	K26	33.04255952281443	=IFERROR((H26-G26)/G26*100,"-")
26	L26	98826	=H26-G26
26	M26	30000	
26	N26	251716	
26	O26	281716	=M26+N26
26	AD26	0	=SUM(U26:AC26)
26	AH26	-5034.32	=N26-N26-(N26*0.02)
26	AI26	-11859.119999999999	=L26-L26-(L26*0.12)
26	AP26	0	=(AD26-AD26-(AD26*0.22))+(AN26-AN26-(AN26*0.22))+(AO26-AO26-(AO26*0.22))
27	A27	25	
27	B27	1954429	=B26+H26-O26-P26-Q26+R26-S26+T26
27	C27	0	=ЗакПро!DR4
27	D27	0	=ЗакПро!DS4
27	E27	0	=ЗакПро!DT4
27	F27	0	=ЗакПро!DU4
27	G27	0	=SUM(C27:D27)
27	H27	0	=SUM(E27:F27)
27	I27	-	=IFERROR((E27-C27)/C27*100,"-")
27	J27	-	=IFERROR((F27-D27)/D27*100,"-")
27	K27	-	=IFERROR((H27-G27)/G27*100,"-")
27	L27	0	=H27-G27
27	M27	20000	
27	N27	115445	
27	O27	135445	=M27+N27
27	Q27	4826	
27	AD27	0	=SUM(U27:AC27)
27	AH27	-2308.9	=N27-N27-(N27*0.02)
27	AI27	0	=L27-L27-(L27*0.12)
27	AP27	0	=(AD27-AD27-(AD27*0.22))+(AN27-AN27-(AN27*0.22))+(AO27-AO27-(AO27*0.22))
28	A28	26	
28	B28	1814158	=B27+H27-O27-P27-Q27+R27-S27+T27
28	C28	153977	=ЗакПро!DW4
28	D28	21140	=ЗакПро!DX4
28	E28	190157	=ЗакПро!DY4
28	F28	30805	=ЗакПро!DZ4
28	G28	175117	=SUM(C28:D28)
28	H28	220962	=SUM(E28:F28)
28	I28	23.497015788072247	=IFERROR((E28-C28)/C28*100,"-")
28	J28	45.719016083254495	=IFERROR((F28-D28)/D28*100,"-")
28	K28	26.179639897896834	=IFERROR((H28-G28)/G28*100,"-")
28	L28	45845	=H28-G28
28	M28	33000	
28	N28	288231	
28	O28	321231	=M28+N28
28	AD28	0	=SUM(U28:AC28)
28	AH28	-5764.62	=N28-N28-(N28*0.02)
28	AI28	-5501.4	=L28-L28-(L28*0.12)
28	AP28	0	=(AD28-AD28-(AD28*0.22))+(AN28-AN28-(AN28*0.22))+(AO28-AO28-(AO28*0.22))
29	A29	27	
29	B29	1713889	=B28+H28-O28-P28-Q28+R28-S28+T28
29	C29	193893	=ЗакПро!EB4
29	D29	108530	=ЗакПро!EC4
29	E29	240080	=ЗакПро!ED4
29	F29	161415	=ЗакПро!EE4
29	G29	302423	=SUM(C29:D29)
29	H29	401495	=SUM(E29:F29)
29	I29	23.82087027381081	=IFERROR((E29-C29)/C29*100,"-")
29	J29	48.72846217635677	=IFERROR((F29-D29)/D29*100,"-")
29	K29	32.75941313987362	=IFERROR((H29-G29)/G29*100,"-")
29	L29	99072	=H29-G29
29	M29	35000	
29	N29	280033	
29	O29	315033	=M29+N29
29	S29	4950	
29	AD29	0	=SUM(U29:AC29)
29	AH29	-5600.66	=N29-N29-(N29*0.02)
29	AI29	-11888.64	=L29-L29-(L29*0.12)
29	AP29	0	=(AD29-AD29-(AD29*0.22))+(AN29-AN29-(AN29*0.22))+(AO29-AO29-(AO29*0.22))
30	A30	28	
30	B30	1795401	=B29+H29-O29-P29-Q29+R29-S29+T29
30	C30	133220	=ЗакПро!EG4
30	D30	40080	=ЗакПро!EH4
30	E30	164336	=ЗакПро!EI4
30	F30	61968	=ЗакПро!EJ4
30	G30	173300	=SUM(C30:D30)
30	H30	226304	=SUM(E30:F30)
30	I30	23.356853325326526	=IFERROR((E30-C30)/C30*100,"-")
30	J30	54.61077844311377	=IFERROR((F30-D30)/D30*100,"-")
30	K30	30.585112521638774	=IFERROR((H30-G30)/G30*100,"-")
30	L30	53004	=H30-G30
30	M30	50000	
30	N30	221820	
30	O30	271820	=M30+N30
30	AD30	0	=SUM(U30:AC30)
30	AH30	-4436.400000000001	=N30-N30-(N30*0.02)
30	AI30	-6360.48	=L30-L30-(L30*0.12)
30	AP30	0	=(AD30-AD30-(AD30*0.22))+(AN30-AN30-(AN30*0.22))+(AO30-AO30-(AO30*0.22))
31	A31	29	
31	B31	1749885	=B30+H30-O30-P30-Q30+R30-S30+T30
31	C31	195425	=ЗакПро!EL4
31	D31	73579	=ЗакПро!EM4
31	E31	246543	=ЗакПро!EN4
31	F31	115747	=ЗакПро!EO4
31	G31	269004	=SUM(C31:D31)
31	H31	362290	=SUM(E31:F31)
31	I31	26.15734936676474	=IFERROR((E31-C31)/C31*100,"-")
31	J31	57.309830250479074	=IFERROR((F31-D31)/D31*100,"-")
31	K31	34.67829474654652	=IFERROR((H31-G31)/G31*100,"-")
31	L31	93286	=H31-G31
31	M31	0	
31	N31	295286	
31	O31	295286	=M31+N31
31	AD31	0	=SUM(U31:AC31)
31	AH31	-5905.72	=N31-N31-(N31*0.02)
31	AI31	-11194.32	=L31-L31-(L31*0.12)
31	AJ31	52634	
31	AP31	0	=(AD31-AD31-(AD31*0.22))+(AN31-AN31-(AN31*0.22))+(AO31-AO31-(AO31*0.22))
32	A32	30	
32	B32	1816889	=B31+H31-O31-P31-Q31+R31-S31+T31
32	C32	212964	=ЗакПро!EQ4
32	D32	100332	=ЗакПро!ER4
32	E32	263733	=ЗакПро!ES4
32	F32	158806	=ЗакПро!ET4
32	G32	313296	=SUM(C32:D32)
32	H32	422539	=SUM(E32:F32)
32	I32	23.8392404350031	=IFERROR((E32-C32)/C32*100,"-")
32	J32	58.280508711079214	=IFERROR((F32-D32)/D32*100,"-")
32	K32	34.86894183136714	=IFERROR((H32-G32)/G32*100,"-")
32	L32	109243	=H32-G32
32	M32	550	
32	N32	373274	
32	O32	373824	=M32+N32
32	AD32	0	=SUM(U32:AC32)
32	AH32	-7465.4800000000005	=N32-N32-(N32*0.02)
32	AI32	-13109.16	=L32-L32-(L32*0.12)
32	AP32	0	=(AD32-AD32-(AD32*0.22))+(AN32-AN32-(AN32*0.22))+(AO32-AO32-(AO32*0.22))
33	A33	31	
33	B33	1865604	=B32+H32-O32-P32-Q32+R32-S32+T32
33	C33	150545	=ЗакПро!EV4
33	D33	74880	=ЗакПро!EW4
33	E33	187212	=ЗакПро!EX4
33	F33	102177	=ЗакПро!EY4
33	G33	225425	=SUM(C33:D33)
33	H33	289389	=SUM(E33:F33)
33	I33	24.35617257298482	=IFERROR((E33-C33)/C33*100,"-")
33	J33	36.45432692307693	=IFERROR((F33-D33)/D33*100,"-")
33	K33	28.374847510258398	=IFERROR((H33-G33)/G33*100,"-")
33	L33	63964	=H33-G33
33	M33	165000	
33	N33	243563	
33	O33	408563	=M33+N33
33	Q33	47366	
33	AD33	0	=SUM(U33:AC33)
33	AH33	-4871.26	=N33-N33-(N33*0.02)
33	AI33	-7675.679999999999	=L33-L33-(L33*0.12)
33	AJ33	157908	
33	AK33	184222	
33	AN33	101800	
33	AP33	-22396	=(AD33-AD33-(AD33*0.22))+(AN33-AN33-(AN33*0.22))+(AO33-AO33-(AO33*0.22))
34	A34	Итого	
34	C34	5602310	=SUM(C3:C33)
34	D34	1698092	=SUM(D3:D33)
34	E34	6938963	=SUM(E3:E33)
34	F34	2547043	=SUM(F3:F33)
34	G34	7300402	=SUM(G3:G33)
34	H34	9486006	=SUM(H3:H33)
34	I34	24.937126640111543	=IFERROR(AVERAGE(I3:I33),"-")
34	J34	50.24324979235691	=IFERROR(AVERAGE(J3:J33),"-")
34	K34	31.26935896706734	=IFERROR(AVERAGE(K3:K33),"-")
34	L34	2185604	=SUM(L3:L33)
34	M34	1309200	=SUM(M3:M33)
34	N34	8522663	=SUM(N3:N33)
34	O34	9831863	=SUM(O3:O33)
34	P34	1050	=SUM(P3:P33)
34	Q34	97140	=SUM(Q3:Q33)
34	R34	0	=SUM(R3:R33)
34	S34	64808	=SUM(S3:S33)
34	T34	0	=SUM(T3:T33)
34	U34	0	=SUM(U3:U33)
34	V34	0	=SUM(V3:V33)
34	W34	8000	=SUM(W3:W33)
34	X34	21000	=SUM(X3:X33)
34	Y34	40000	=SUM(Y3:Y33)
34	Z34	0	=SUM(Z3:Z33)
34	AA34	0	=SUM(AA3:AA33)
34	AB34	0	=SUM(AB3:AB33)
34	AC34	0	=SUM(AC3:AC33)
34	AD34	69000	=SUM(AD3:AD33)
34	AE34	13000	=SUM(AE3:AE33)
34	AF34	50000	=SUM(AF3:AF33)
34	AG34	71400	=SUM(AG3:AG33)
34	AH34	-170453.26000000004	=SUM(AH3:AH33)
34	AI34	-262272.48000000004	=SUM(AI3:AI33)
34	AJ34	368444	=SUM(AJ3:AJ33)
34	AK34	184222	=SUM(AK3:AK33)
34	AL34	0	=SUM(AL3:AL33)
34	AM34	0	=SUM(AM3:AM33)
34	AN34	101800	=SUM(AN3:AN33)
34	AO34	0	=SUM(AO3:AO33)
34	AP34	-37576	=SUM(AP3:AP33)
58	A58	Февраль	
59	A59	Дата	
59	B59	Остаток	
59	C59	З. Коп	
59	D59	З. Мор	
59	E59	П. Коп	
59	F59	П. Мор	
59	G59	Закупка	
59	H59	Продажа	
59	I59	% коп	
59	J59	% мор	
59	K59	% общий	
59	L59	Грязная	
59	M59	Выр нал	
59	N59	Б/нал	
59	O59	Общая	
59	P59	Списания К.	
59	Q59	Списания М.	
59	R59	Перемещение	
59	S59	Уценка	
59	T59	Переоценка	
59	U59	Хоз. Нужды	
59	V59	Доставка	
59	W59	Уборка	
59	X59	Премия	
59	Y59	Выслуга	
59	Z59	Доплата	
59	AA59	Водитель	
59	AB59	Ком. Плат.	
59	AC59	Расходы	
59	AD59	Траты нал	
59	AE59	Вод. Б/нал	
59	AF59	Ком. Б/нал	
59	AG59	Аренда	
59	AH59	-% банк	
59	AI59	Налоги	
59	AJ59	Зарпл. Б/нал	
59	AK59	Налоги з/п	
59	AL59	Отпускные	
59	AM59	Налоги отпуск.	
59	AN59	Зарпл. Нал	
59	AO59	Отпуск. Нал	
59	AP59	НДФЛ 22%	
59	AQ59	Итог	
60	A60	1	
60	B60	1699064	=B33+H33-O33-P33-Q33+R33-S33+T33
60	C60	0	=ЗакПро!B61
60	D60	0	=ЗакПро!C61
60	E60	0	=ЗакПро!D61
60	F60	0	=ЗакПро!E61
60	G60	0	=SUM(C60:D60)
60	H60	0	=SUM(E60:F60)
60	I60	-	=IFERROR((E60-C60)/C60*100,"-")
60	J60	-	=IFERROR((F60-D60)/D60*100,"-")
60	K60	-	=IFERROR((H60-G60)/G60*100,"-")
60	L60	0	=H60-G60
60	M60	45000	
60	N60	250389	
60	O60	295389	=M60+N60
60	Q60	17283	
60	W60	8000	
60	Y60	46000	
60	AD60	54000	=SUM(U60:AC60)
60	AE60	13000	
60	AF60	50000	
60	AG60	71400	
60	AH60	-5007.78	=N60-N60-(N60*0.02)
60	AI60	0	=L60-L60-(L60*0.12)
60	AP60	-11880	=(AD60-AD60-(AD60*0.22))+(AN60-AN60-(AN60*0.22))+(AO60-AO60-(AO60*0.22))
60	AQ60	929654.32	=L91-Q91-AD91-AE91-AF91-AG91+AH91+AI91-AJ91-AK91-AL91-AM91-AN91-AO91+AP91
61	A61	2	
61	B61	1386392	=B60+H60-O60-P60-Q60+R60-S60+T60
61	C61	347773	=ЗакПро!G61
61	D61	244431	=ЗакПро!H61
61	E61	431496	=ЗакПро!I61
61	F61	366749	=ЗакПро!J61
61	G61	592204	=SUM(C61:D61)
61	H61	798245	=SUM(E61:F61)
61	I61	24.07403679986658	=IFERROR((E61-C61)/C61*100,"-")
61	J61	50.04193412455867	=IFERROR((F61-D61)/D61*100,"-")
61	K61	34.79223375728634	=IFERROR((H61-G61)/G61*100,"-")
61	L61	206041	=H61-G61
61	M61	29000	
61	N61	181656	
61	O61	210656	=M61+N61
61	P61	9810	
61	AD61	0	=SUM(U61:AC61)
61	AH61	-3633.12	=N61-N61-(N61*0.02)
61	AI61	-24724.92	=L61-L61-(L61*0.12)
61	AP61	0	=(AD61-AD61-(AD61*0.22))+(AN61-AN61-(AN61*0.22))+(AO61-AO61-(AO61*0.22))
62	A62	3	
62	B62	1964171	=B61+H61-O61-P61-Q61+R61-S61+T61
62	C62	138535	=ЗакПро!L61
62	D62	58072	=ЗакПро!M61
62	E62	193535	=ЗакПро!N61
62	F62	83527	=ЗакПро!O61
62	G62	196607	=SUM(C62:D62)
62	H62	277062	=SUM(E62:F62)
62	I62	39.701158551990474	=IFERROR((E62-C62)/C62*100,"-")
62	J62	43.83351701336272	=IFERROR((F62-D62)/D62*100,"-")
62	K62	40.921737272833624	=IFERROR((H62-G62)/G62*100,"-")
62	L62	80455	=H62-G62
62	M62	20000	
62	N62	345949	
62	O62	365949	=M62+N62
62	AD62	0	=SUM(U62:AC62)
62	AH62	-6918.9800000000005	=N62-N62-(N62*0.02)
62	AI62	-9654.6	=L62-L62-(L62*0.12)
62	AP62	0	=(AD62-AD62-(AD62*0.22))+(AN62-AN62-(AN62*0.22))+(AO62-AO62-(AO62*0.22))
63	A63	4	
63	B63	1875284	=B62+H62-O62-P62-Q62+R62-S62+T62
63	C63	166589	=ЗакПро!Q61
63	D63	45685	=ЗакПро!R61
63	E63	205678	=ЗакПро!S61
63	F63	73241	=ЗакПро!T61
63	G63	212274	=SUM(C63:D63)
63	H63	278919	=SUM(E63:F63)
63	I63	23.464334379820997	=IFERROR((E63-C63)/C63*100,"-")
63	J63	60.317390828499505	=IFERROR((F63-D63)/D63*100,"-")
63	K63	31.39574323751378	=IFERROR((H63-G63)/G63*100,"-")
63	L63	66645	=H63-G63
63	M63	60000	
63	N63	219959	
63	O63	279959	=M63+N63
63	P63	7945	
63	AD63	0	=SUM(U63:AC63)
63	AH63	-4399.18	=N63-N63-(N63*0.02)
63	AI63	-7997.4	=L63-L63-(L63*0.12)
63	AP63	0	=(AD63-AD63-(AD63*0.22))+(AN63-AN63-(AN63*0.22))+(AO63-AO63-(AO63*0.22))
64	A64	5	
64	B64	1866299	=B63+H63-O63-P63-Q63+R63-S63+T63
64	C64	238050	=ЗакПро!V61
64	D64	8200	=ЗакПро!W61
64	E64	296457	=ЗакПро!X61
64	F64	12377	=ЗакПро!Y61
64	G64	246250	=SUM(C64:D64)
64	H64	308834	=SUM(E64:F64)
64	I64	24.535601764335226	=IFERROR((E64-C64)/C64*100,"-")
64	J64	50.9390243902439	=IFERROR((F64-D64)/D64*100,"-")
64	K64	25.414822335025384	=IFERROR((H64-G64)/G64*100,"-")
64	L64	62584	=H64-G64
64	M64	30000	
64	N64	327313	
64	O64	357313	=M64+N64
64	AD64	0	=SUM(U64:AC64)
64	AH64	-6546.26	=N64-N64-(N64*0.02)
64	AI64	-7510.08	=L64-L64-(L64*0.12)
64	AP64	0	=(AD64-AD64-(AD64*0.22))+(AN64-AN64-(AN64*0.22))+(AO64-AO64-(AO64*0.22))
65	A65	6	
65	B65	1817820	=B64+H64-O64-P64-Q64+R64-S64+T64
65	C65	144203	=ЗакПро!AA61
65	D65	39795	=ЗакПро!AB61
65	E65	178851	=ЗакПро!AC61
65	F65	63607	=ЗакПро!AD61
65	G65	183998	=SUM(C65:D65)
65	H65	242458	=SUM(E65:F65)
65	I65	24.027239377821545	=IFERROR((E65-C65)/C65*100,"-")
65	J65	59.836662897348916	=IFERROR((F65-D65)/D65*100,"-")
65	K65	31.77208447917912	=IFERROR((H65-G65)/G65*100,"-")
65	L65	58460	=H65-G65
65	M65	90000	
65	N65	269386	
65	O65	359386	=M65+N65
65	P65	15269	
65	AD65	0	=SUM(U65:AC65)
65	AH65	-5387.72	=N65-N65-(N65*0.02)
65	AI65	-7015.2	=L65-L65-(L65*0.12)
65	AP65	0	=(AD65-AD65-(AD65*0.22))+(AN65-AN65-(AN65*0.22))+(AO65-AO65-(AO65*0.22))
66	A66	7	
66	B66	1685623	=B65+H65-O65-P65-Q65+R65-S65+T65
66	C66	255277	=ЗакПро!AF61
66	D66	59559	=ЗакПро!AG61
66	E66	320389	=ЗакПро!AH61
66	F66	91210	=ЗакПро!AI61
66	G66	314836	=SUM(C66:D66)
66	H66	411599	=SUM(E66:F66)
66	I66	25.506410683296966	=IFERROR((E66-C66)/C66*100,"-")
66	J66	53.14226229453147	=IFERROR((F66-D66)/D66*100,"-")
66	K66	30.7344141076624	=IFERROR((H66-G66)/G66*100,"-")
66	L66	96763	=H66-G66
66	M66	40670	
66	N66	238107	
66	O66	278777	=M66+N66
66	P66	3762	
66	AD66	0	=SUM(U66:AC66)
66	AH66	-4762.14	=N66-N66-(N66*0.02)
66	AI66	-11611.56	=L66-L66-(L66*0.12)
66	AP66	0	=(AD66-AD66-(AD66*0.22))+(AN66-AN66-(AN66*0.22))+(AO66-AO66-(AO66*0.22))
67	A67	8	
67	B67	1814683	=B66+H66-O66-P66-Q66+R66-S66+T66
67	C67	0	=ЗакПро!AK61
67	D67	0	=ЗакПро!AL61
67	E67	0	=ЗакПро!AM61
67	F67	0	=ЗакПро!AN61
67	G67	0	=SUM(C67:D67)
67	H67	0	=SUM(E67:F67)
67	I67	-	=IFERROR((E67-C67)/C67*100,"-")
67	J67	-	=IFERROR((F67-D67)/D67*100,"-")
67	K67	-	=IFERROR((H67-G67)/G67*100,"-")
67	L67	0	=H67-G67
67	M67	20000	
67	N67	211000	
67	O67	231000	=M67+N67
67	T67	16200	
67	AD67	0	=SUM(U67:AC67)
67	AH67	-4220	=N67-N67-(N67*0.02)
67	AI67	0	=L67-L67-(L67*0.12)
67	AP67	0	=(AD67-AD67-(AD67*0.22))+(AN67-AN67-(AN67*0.22))+(AO67-AO67-(AO67*0.22))
68	A68	9	
68	B68	1599883	=B67+H67-O67-P67-Q67+R67-S67+T67
68	C68	183459	=ЗакПро!AP61
68	D68	49376	=ЗакПро!AQ61
68	E68	235222	=ЗакПро!AR61
68	F68	70212	=ЗакПро!AS61
68	G68	232835	=SUM(C68:D68)
68	H68	305434	=SUM(E68:F68)
68	I68	28.215023520241576	=IFERROR((E68-C68)/C68*100,"-")
68	J68	42.19863901490603	=IFERROR((F68-D68)/D68*100,"-")
68	K68	31.180449674662313	=IFERROR((H68-G68)/G68*100,"-")
68	L68	72599	=H68-G68
68	M68	40000	
68	N68	149575	
68	O68	189575	=M68+N68
68	AD68	0	=SUM(U68:AC68)
68	AH68	-2991.5	=N68-N68-(N68*0.02)
68	AI68	-8711.88	=L68-L68-(L68*0.12)
68	AP68	0	=(AD68-AD68-(AD68*0.22))+(AN68-AN68-(AN68*0.22))+(AO68-AO68-(AO68*0.22))
69	A69	10	
69	B69	1715742	=B68+H68-O68-P68-Q68+R68-S68+T68
69	C69	178422	=ЗакПро!AU61
69	D69	3890	=ЗакПро!AV61
69	E69	215711	=ЗакПро!AW61
69	F69	5380	=ЗакПро!AX61
69	G69	182312	=SUM(C69:D69)
69	H69	221091	=SUM(E69:F69)
69	I69	20.89932855813745	=IFERROR((E69-C69)/C69*100,"-")
69	J69	38.303341902313626	=IFERROR((F69-D69)/D69*100,"-")
69	K69	21.270678836280663	=IFERROR((H69-G69)/G69*100,"-")
69	L69	38779	=H69-G69
69	M69	20900	
69	N69	158115	
69	O69	179015	=M69+N69
69	AD69	0	=SUM(U69:AC69)
69	AH69	-3162.3	=N69-N69-(N69*0.02)
69	AI69	-4653.48	=L69-L69-(L69*0.12)
69	AP69	0	=(AD69-AD69-(AD69*0.22))+(AN69-AN69-(AN69*0.22))+(AO69-AO69-(AO69*0.22))
70	A70	11	
70	B70	1757818	=B69+H69-O69-P69-Q69+R69-S69+T69
70	C70	212179	=ЗакПро!AZ61
70	D70	22898	=ЗакПро!BA61
70	E70	262966	=ЗакПро!BB61
70	F70	32345	=ЗакПро!BC61
70	G70	235077	=SUM(C70:D70)
70	H70	295311	=SUM(E70:F70)
70	I70	23.935922028098915	=IFERROR((E70-C70)/C70*100,"-")
70	J70	41.256878329985156	=IFERROR((F70-D70)/D70*100,"-")
70	K70	25.623093709720646	=IFERROR((H70-G70)/G70*100,"-")
70	L70	60234	=H70-G70
70	M70	120000	
70	N70	433131	
70	O70	553131	=M70+N70
70	Q70	3531	
70	AD70	0	=SUM(U70:AC70)
70	AH70	-8662.62	=N70-N70-(N70*0.02)
70	AI70	-7228.08	=L70-L70-(L70*0.12)
70	AP70	0	=(AD70-AD70-(AD70*0.22))+(AN70-AN70-(AN70*0.22))+(AO70-AO70-(AO70*0.22))
71	A71	12	
71	B71	1496467	=B70+H70-O70-P70-Q70+R70-S70+T70
71	C71	297835	=ЗакПро!BE61
71	D71	55769	=ЗакПро!BF61
71	E71	365637	=ЗакПро!BG61
71	F71	82879	=ЗакПро!BH61
71	G71	353604	=SUM(C71:D71)
71	H71	448516	=SUM(E71:F71)
71	I71	22.764953749559318	=IFERROR((E71-C71)/C71*100,"-")
71	J71	48.61123563269917	=IFERROR((F71-D71)/D71*100,"-")
71	K71	26.84132532437416	=IFERROR((H71-G71)/G71*100,"-")
71	L71	94912	=H71-G71
71	M71	105750	
71	N71	290640	
71	O71	396390	=M71+N71
71	AD71	0	=SUM(U71:AC71)
71	AH71	-5812.8	=N71-N71-(N71*0.02)
71	AI71	-11389.439999999999	=L71-L71-(L71*0.12)
71	AP71	0	=(AD71-AD71-(AD71*0.22))+(AN71-AN71-(AN71*0.22))+(AO71-AO71-(AO71*0.22))
72	A72	13	
72	B72	1548593	=B71+H71-O71-P71-Q71+R71-S71+T71
72	C72	144000	=ЗакПро!BJ61
72	D72	83012	=ЗакПро!BK61
72	E72	193983	=ЗакПро!BL61
72	F72	125517	=ЗакПро!BM61
72	G72	227012	=SUM(C72:D72)
72	H72	319500	=SUM(E72:F72)
72	I72	34.71041666666667	=IFERROR((E72-C72)/C72*100,"-")
72	J72	51.203440466438586	=IFERROR((F72-D72)/D72*100,"-")
72	K72	40.741458601307414	=IFERROR((H72-G72)/G72*100,"-")
72	L72	92488	=H72-G72
72	M72	55000	
72	N72	335684	
72	O72	390684	=M72+N72
72	AD72	0	=SUM(U72:AC72)
72	AH72	-6713.68	=N72-N72-(N72*0.02)
72	AI72	-11098.56	=L72-L72-(L72*0.12)
72	AP72	0	=(AD72-AD72-(AD72*0.22))+(AN72-AN72-(AN72*0.22))+(AO72-AO72-(AO72*0.22))
73	A73	14	
73	B73	1477409	=B72+H72-O72-P72-Q72+R72-S72+T72
73	C73	302184	=ЗакПро!BO61
73	D73	111923	=ЗакПро!BP61
73	E73	369283	=ЗакПро!BQ61
73	F73	177158	=ЗакПро!BR61
73	G73	414107	=SUM(C73:D73)
73	H73	546441	=SUM(E73:F73)
73	I73	22.20468323935086	=IFERROR((E73-C73)/C73*100,"-")
73	J73	58.28560706914575	=IFERROR((F73-D73)/D73*100,"-")
73	K73	31.95647501732644	=IFERROR((H73-G73)/G73*100,"-")
73	L73	132334	=H73-G73
73	M73	30000	
73	N73	345578	
73	O73	375578	=M73+N73
73	Q73	9019	
73	AD73	0	=SUM(U73:AC73)
73	AH73	-6911.56	=N73-N73-(N73*0.02)
73	AI73	-15880.08	=L73-L73-(L73*0.12)
73	AP73	0	=(AD73-AD73-(AD73*0.22))+(AN73-AN73-(AN73*0.22))+(AO73-AO73-(AO73*0.22))
74	A74	15	
74	B74	1639253	=B73+H73-O73-P73-Q73+R73-S73+T73
74	C74	0	=ЗакПро!BT61
74	D74	0	=ЗакПро!BU61
74	E74	0	=ЗакПро!BV61
74	F74	0	=ЗакПро!BW61
74	G74	0	=SUM(C74:D74)
74	H74	0	=SUM(E74:F74)
74	I74	-	=IFERROR((E74-C74)/C74*100,"-")
74	J74	-	=IFERROR((F74-D74)/D74*100,"-")
74	K74	-	=IFERROR((H74-G74)/G74*100,"-")
74	L74	0	=H74-G74
74	M74	15000	
74	N74	258383	
74	O74	273383	=M74+N74
74	AD74	0	=SUM(U74:AC74)
74	AH74	-5167.66	=N74-N74-(N74*0.02)
74	AI74	0	=L74-L74-(L74*0.12)
74	AP74	0	=(AD74-AD74-(AD74*0.22))+(AN74-AN74-(AN74*0.22))+(AO74-AO74-(AO74*0.22))
75	A75	16	
75	B75	1365870	=B74+H74-O74-P74-Q74+R74-S74+T74
75	C75	364442	=ЗакПро!BY61
75	D75	49044	=ЗакПро!BZ61
75	E75	447630	=ЗакПро!CA61
75	F75	70384	=ЗакПро!CB61
75	G75	413486	=SUM(C75:D75)
75	H75	518014	=SUM(E75:F75)
75	I75	22.826128711838923	=IFERROR((E75-C75)/C75*100,"-")
75	J75	43.51194845444907	=IFERROR((F75-D75)/D75*100,"-")
75	K75	25.279695080365478	=IFERROR((H75-G75)/G75*100,"-")
75	L75	104528	=H75-G75
75	M75	30300	
75	N75	312707	
75	O75	343007	=M75+N75
75	T75	4312	
75	U75	300	
75	AD75	300	=SUM(U75:AC75)
75	AH75	-6254.14	=N75-N75-(N75*0.02)
75	AI75	-12543.359999999999	=L75-L75-(L75*0.12)
75	AP75	-66	=(AD75-AD75-(AD75*0.22))+(AN75-AN75-(AN75*0.22))+(AO75-AO75-(AO75*0.22))
76	A76	17	
76	B76	1545189	=B75+H75-O75-P75-Q75+R75-S75+T75
76	C76	153126	=ЗакПро!CD61
76	D76	26540	=ЗакПро!CE61
76	E76	183883	=ЗакПро!CF61
76	F76	37852	=ЗакПро!CG61
76	G76	179666	=SUM(C76:D76)
76	H76	221735	=SUM(E76:F76)
76	I76	20.086072907278975	=IFERROR((E76-C76)/C76*100,"-")
76	J76	42.6224566691786	=IFERROR((F76-D76)/D76*100,"-")
76	K76	23.415114712856077	=IFERROR((H76-G76)/G76*100,"-")
76	L76	42069	=H76-G76
76	M76	60000	
76	N76	301760	
76	O76	361760	=M76+N76
76	AD76	0	=SUM(U76:AC76)
76	AH76	-6035.2	=N76-N76-(N76*0.02)
76	AI76	-5048.28	=L76-L76-(L76*0.12)
76	AP76	0	=(AD76-AD76-(AD76*0.22))+(AN76-AN76-(AN76*0.22))+(AO76-AO76-(AO76*0.22))
77	A77	18	
77	B77	1405164	=B76+H76-O76-P76-Q76+R76-S76+T76
77	C77	158901	=ЗакПро!CI61
77	D77	20994	=ЗакПро!CJ61
77	E77	193110	=ЗакПро!CK61
77	F77	32098	=ЗакПро!CL61
77	G77	179895	=SUM(C77:D77)
77	H77	225208	=SUM(E77:F77)
77	I77	21.528498876659054	=IFERROR((E77-C77)/C77*100,"-")
77	J77	52.891302276841	=IFERROR((F77-D77)/D77*100,"-")
77	K77	25.188582228522193	=IFERROR((H77-G77)/G77*100,"-")
77	L77	45313	=H77-G77
77	M77	92500	
77	N77	245188	
77	O77	337688	=M77+N77
77	AD77	0	=SUM(U77:AC77)
77	AH77	-4903.76	=N77-N77-(N77*0.02)
77	AI77	-5437.5599999999995	=L77-L77-(L77*0.12)
77	AP77	0	=(AD77-AD77-(AD77*0.22))+(AN77-AN77-(AN77*0.22))+(AO77-AO77-(AO77*0.22))
78	A78	19	
78	B78	1292684	=B77+H77-O77-P77-Q77+R77-S77+T77
78	C78	349112	=ЗакПро!CN61
78	D78	167411	=ЗакПро!CO61
78	E78	418866	=ЗакПро!CP61
78	F78	270545	=ЗакПро!CQ61
78	G78	516523	=SUM(C78:D78)
78	H78	689411	=SUM(E78:F78)
78	I78	19.980407433717545	=IFERROR((E78-C78)/C78*100,"-")
78	J78	61.60527086033773	=IFERROR((F78-D78)/D78*100,"-")
78	K78	33.471500785057	=IFERROR((H78-G78)/G78*100,"-")
78	L78	172888	=H78-G78
78	M78	0	
78	N78	399696	
78	O78	399696	=M78+N78
78	Q78	1218	
78	AD78	0	=SUM(U78:AC78)
78	AH78	-7993.92	=N78-N78-(N78*0.02)
78	AI78	-20746.559999999998	=L78-L78-(L78*0.12)
78	AP78	0	=(AD78-AD78-(AD78*0.22))+(AN78-AN78-(AN78*0.22))+(AO78-AO78-(AO78*0.22))
79	A79	20	
79	B79	1581181	=B78+H78-O78-P78-Q78+R78-S78+T78
79	C79	234586	=ЗакПро!CS61
79	D79	73395	=ЗакПро!CT61
79	E79	301439	=ЗакПро!CU61
79	F79	122795	=ЗакПро!CV61
79	G79	307981	=SUM(C79:D79)
79	H79	424234	=SUM(E79:F79)
79	I79	28.498290605577488	=IFERROR((E79-C79)/C79*100,"-")
79	J79	67.3070372641188	=IFERROR((F79-D79)/D79*100,"-")
79	K79	37.74680905640283	=IFERROR((H79-G79)/G79*100,"-")
79	L79	116253	=H79-G79
79	M79	20000	
79	N79	397543	
79	O79	417543	=M79+N79
79	Q79	2354	
79	AD79	0	=SUM(U79:AC79)
79	AH79	-7950.860000000001	=N79-N79-(N79*0.02)
79	AI79	-13950.359999999999	=L79-L79-(L79*0.12)
79	AJ79	157902	
79	AP79	0	=(AD79-AD79-(AD79*0.22))+(AN79-AN79-(AN79*0.22))+(AO79-AO79-(AO79*0.22))
80	A80	21	
80	B80	1585518	=B79+H79-O79-P79-Q79+R79-S79+T79
80	C80	226531	=ЗакПро!CX61
80	D80	132024	=ЗакПро!CY61
80	E80	275878	=ЗакПро!CZ61
80	F80	194759	=ЗакПро!DA61
80	G80	358555	=SUM(C80:D80)
80	H80	470637	=SUM(E80:F80)
80	I80	21.783773523270547	=IFERROR((E80-C80)/C80*100,"-")
80	J80	47.51787553778101	=IFERROR((F80-D80)/D80*100,"-")
80	K80	31.259360488627962	=IFERROR((H80-G80)/G80*100,"-")
80	L80	112082	=H80-G80
80	M80	20000	
80	N80	377177	
80	O80	397177	=M80+N80
80	Q80	4700	
80	AD80	0	=SUM(U80:AC80)
80	AH80	-7543.54	=N80-N80-(N80*0.02)
80	AI80	-13449.84	=L80-L80-(L80*0.12)
80	AP80	0	=(AD80-AD80-(AD80*0.22))+(AN80-AN80-(AN80*0.22))+(AO80-AO80-(AO80*0.22))
81	A81	22	
81	B81	1654278	=B80+H80-O80-P80-Q80+R80-S80+T80
81	C81	0	=ЗакПро!DC61
81	D81	0	=ЗакПро!DD61
81	E81	0	=ЗакПро!DE61
81	F81	0	=ЗакПро!DF61
81	G81	0	=SUM(C81:D81)
81	H81	0	=SUM(E81:F81)
81	I81	-	=IFERROR((E81-C81)/C81*100,"-")
81	J81	-	=IFERROR((F81-D81)/D81*100,"-")
81	K81	-	=IFERROR((H81-G81)/G81*100,"-")
81	L81	0	=H81-G81
81	M81	140000	
81	N81	455822	
81	O81	595822	=M81+N81
81	AD81	0	=SUM(U81:AC81)
81	AH81	-9116.44	=N81-N81-(N81*0.02)
81	AI81	0	=L81-L81-(L81*0.12)
81	AP81	0	=(AD81-AD81-(AD81*0.22))+(AN81-AN81-(AN81*0.22))+(AO81-AO81-(AO81*0.22))
82	A82	23	
82	B82	1058456	=B81+H81-O81-P81-Q81+R81-S81+T81
82	C82	586138	=ЗакПро!DH61
82	D82	100580	=ЗакПро!DI61
82	E82	696258	=ЗакПро!DJ61
82	F82	147098	=ЗакПро!DK61
82	G82	686718	=SUM(C82:D82)
82	H82	843356	=SUM(E82:F82)
82	I82	18.787384540841916	=IFERROR((E82-C82)/C82*100,"-")
82	J82	46.249751441638494	=IFERROR((F82-D82)/D82*100,"-")
82	K82	22.8096540355721	=IFERROR((H82-G82)/G82*100,"-")
82	L82	156638	=H82-G82
82	M82	20000	
82	N82	242933	
82	O82	262933	=M82+N82
82	Q82	7154	
82	AD82	0	=SUM(U82:AC82)
82	AH82	-4858.66	=N82-N82-(N82*0.02)
82	AI82	-18796.559999999998	=L82-L82-(L82*0.12)
82	AP82	0	=(AD82-AD82-(AD82*0.22))+(AN82-AN82-(AN82*0.22))+(AO82-AO82-(AO82*0.22))
83	A83	24	
83	B83	1631725	=B82+H82-O82-P82-Q82+R82-S82+T82
83	C83	108815	=ЗакПро!DM61
83	D83	65625	=ЗакПро!DN61
83	E83	134553	=ЗакПро!DO61
83	F83	101703	=ЗакПро!DP61
83	G83	174440	=SUM(C83:D83)
83	H83	236256	=SUM(E83:F83)
83	I83	23.65298901805817	=IFERROR((E83-C83)/C83*100,"-")
83	J83	54.976	=IFERROR((F83-D83)/D83*100,"-")
83	K83	35.436826415959644	=IFERROR((H83-G83)/G83*100,"-")
83	L83	61816	=H83-G83
83	M83	45500	
83	N83	191290	
83	O83	236790	=M83+N83
83	Q83	970	
83	AD83	0	=SUM(U83:AC83)
83	AH83	-3825.8	=N83-N83-(N83*0.02)
83	AI83	-7417.92	=L83-L83-(L83*0.12)
83	AP83	0	=(AD83-AD83-(AD83*0.22))+(AN83-AN83-(AN83*0.22))+(AO83-AO83-(AO83*0.22))
84	A84	25	
84	B84	1630221	=B83+H83-O83-P83-Q83+R83-S83+T83
84	C84	212315	=ЗакПро!DR61
84	D84	66645	=ЗакПро!DS61
84	E84	261564	=ЗакПро!DT61
84	F84	99467	=ЗакПро!DU61
84	G84	278960	=SUM(C84:D84)
84	H84	361031	=SUM(E84:F84)
84	I84	23.19619433389068	=IFERROR((E84-C84)/C84*100,"-")
84	J84	49.24900592692625	=IFERROR((F84-D84)/D84*100,"-")
84	K84	29.420347003154575	=IFERROR((H84-G84)/G84*100,"-")
84	L84	82071	=H84-G84
84	M84	56500	
84	N84	217981	
84	O84	274481	=M84+N84
84	AD84	0	=SUM(U84:AC84)
84	AH84	-4359.62	=N84-N84-(N84*0.02)
84	AI84	-9848.52	=L84-L84-(L84*0.12)
84	AP84	0	=(AD84-AD84-(AD84*0.22))+(AN84-AN84-(AN84*0.22))+(AO84-AO84-(AO84*0.22))
85	A85	26	
85	B85	1716771	=B84+H84-O84-P84-Q84+R84-S84+T84
85	C85	186761	=ЗакПро!DW61
85	D85	166103	=ЗакПро!DX61
85	E85	225660	=ЗакПро!DY61
85	F85	228766	=ЗакПро!DZ61
85	G85	352864	=SUM(C85:D85)
85	H85	454426	=SUM(E85:F85)
85	I85	20.828224308072883	=IFERROR((E85-C85)/C85*100,"-")
85	J85	37.72538725971234	=IFERROR((F85-D85)/D85*100,"-")
85	K85	28.782193706357123	=IFERROR((H85-G85)/G85*100,"-")
85	L85	101562	=H85-G85
85	M85	53950	
85	N85	360371	
85	O85	414321	=M85+N85
85	Q85	8324	
85	U85	250	
85	AD85	250	=SUM(U85:AC85)
85	AH85	-7207.42	=N85-N85-(N85*0.02)
85	AI85	-12187.439999999999	=L85-L85-(L85*0.12)
85	AP85	-55	=(AD85-AD85-(AD85*0.22))+(AN85-AN85-(AN85*0.22))+(AO85-AO85-(AO85*0.22))
86	A86	27	
86	B86	1748552	=B85+H85-O85-P85-Q85+R85-S85+T85
86	C86	304622	=ЗакПро!EB61
86	D86	39780	=ЗакПро!EC61
86	E86	371946	=ЗакПро!ED61
86	F86	58951	=ЗакПро!EE61
86	G86	344402	=SUM(C86:D86)
86	H86	430897	=SUM(E86:F86)
86	I86	22.100833163724225	=IFERROR((E86-C86)/C86*100,"-")
86	J86	48.19255907491202	=IFERROR((F86-D86)/D86*100,"-")
86	K86	25.114546373133724	=IFERROR((H86-G86)/G86*100,"-")
86	L86	86495	=H86-G86
86	M86	50000	
86	N86	416450	
86	O86	466450	=M86+N86
86	Q86	17848	
86	AD86	0	=SUM(U86:AC86)
86	AH86	-8329	=N86-N86-(N86*0.02)
86	AI86	-10379.4	=L86-L86-(L86*0.12)
86	AP86	0	=(AD86-AD86-(AD86*0.22))+(AN86-AN86-(AN86*0.22))+(AO86-AO86-(AO86*0.22))
87	A87	28	
87	B87	1695151	=B86+H86-O86-P86-Q86+R86-S86+T86
87	C87	469927	=ЗакПро!EG61
87	D87	111150	=ЗакПро!EH61
87	E87	572385	=ЗакПро!EI61
87	F87	174140	=ЗакПро!EJ61
87	G87	581077	=SUM(C87:D87)
87	H87	746525	=SUM(E87:F87)
87	I87	21.80296088541412	=IFERROR((E87-C87)/C87*100,"-")
87	J87	56.67116509221772	=IFERROR((F87-D87)/D87*100,"-")
87	K87	28.47264648230785	=IFERROR((H87-G87)/G87*100,"-")
87	L87	165448	=H87-G87
87	M87	160070	
87	N87	265729	
87	O87	425799	=M87+N87
87	AD87	0	=SUM(U87:AC87)
87	AH87	-5314.58	=N87-N87-(N87*0.02)
87	AI87	-19853.76	=L87-L87-(L87*0.12)
87	AJ87	52634	
87	AK87	26317	
87	AP87	0	=(AD87-AD87-(AD87*0.22))+(AN87-AN87-(AN87*0.22))+(AO87-AO87-(AO87*0.22))
88	A88	29	
88	B88	2015877	=B87+H87-O87-P87-Q87+R87-S87+T87
88	C88	0	=ЗакПро!EL61
88	D88	0	=ЗакПро!EM61
88	E88	0	=ЗакПро!EN61
88	F88	0	=ЗакПро!EO61
88	G88	0	=SUM(C88:D88)
88	H88	0	=SUM(E88:F88)
88	I88	-	=IFERROR((E88-C88)/C88*100,"-")
88	J88	-	=IFERROR((F88-D88)/D88*100,"-")
88	K88	-	=IFERROR((H88-G88)/G88*100,"-")
88	L88	0	=H88-G88
88	O88	0	=M88+N88
88	AD88	0	=SUM(U88:AC88)
88	AH88	0	=N88-N88-(N88*0.02)
88	AI88	0	=L88-L88-(L88*0.12)
88	AP88	0	=(AD88-AD88-(AD88*0.22))+(AN88-AN88-(AN88*0.22))+(AO88-AO88-(AO88*0.22))
89	A89	30	
89	B89	2015877	=B88+H88-O88-P88-Q88+R88-S88+T88
89	C89	0	=ЗакПро!EQ61
89	D89	0	=ЗакПро!ER61
89	E89	0	=ЗакПро!ES61
89	F89	0	=ЗакПро!ET61
89	G89	0	=SUM(C89:D89)
89	H89	0	=SUM(E89:F89)
89	I89	-	=IFERROR((E89-C89)/C89*100,"-")
89	J89	-	=IFERROR((F89-D89)/D89*100,"-")
89	K89	-	=IFERROR((H89-G89)/G89*100,"-")
89	L89	0	=H89-G89
89	O89	0	=M89+N89
89	AD89	0	=SUM(U89:AC89)
89	AH89	0	=N89-N89-(N89*0.02)
89	AI89	0	=L89-L89-(L89*0.12)
89	AP89	0	=(AD89-AD89-(AD89*0.22))+(AN89-AN89-(AN89*0.22))+(AO89-AO89-(AO89*0.22))
90	A90	31	
90	B90	2015877	=B89+H89-O89-P89-Q89+R89-S89+T89
90	C90	0	=ЗакПро!EV61
90	D90	0	=ЗакПро!EW61
90	E90	0	=ЗакПро!EX61
90	F90	0	=ЗакПро!EY61
90	G90	0	=SUM(C90:D90)
90	H90	0	=SUM(E90:F90)
90	I90	-	=IFERROR((E90-C90)/C90*100,"-")
90	J90	-	=IFERROR((F90-D90)/D90*100,"-")
90	K90	-	=IFERROR((H90-G90)/G90*100,"-")
90	L90	0	=H90-G90
90	O90	0	=M90+N90
90	AD90	0	=SUM(U90:AC90)
90	AH90	0	=N90-N90-(N90*0.02)
90	AI90	0	=L90-L90-(L90*0.12)
90	AJ90	157902	
90	AK90	184219	
90	AN90	70780	
90	AP90	-15571.6	=(AD90-AD90-(AD90*0.22))+(AN90-AN90-(AN90*0.22))+(AO90-AO90-(AO90*0.22))
91	A91	Итого	
91	C91	5963782	=SUM(C60:C90)
91	D91	1801901	=SUM(D60:D90)
91	E91	7352380	=SUM(E60:E90)
91	F91	2722760	=SUM(F60:F90)
91	G91	7765683	=SUM(G60:G90)
91	H91	10075140	=SUM(H60:H90)
91	I91	24.12961948448046	=IFERROR(AVERAGE(I60:I90),"-")
91	J91	50.27040390925611	=IFERROR(AVERAGE(J60:J90),"-")
91	K91	29.9600746967287	=IFERROR(AVERAGE(K60:K90),"-")
91	L91	2309457	=SUM(L60:L90)
91	M91	1470140	=SUM(M60:M90)
91	N91	8199512	=SUM(N60:N90)
91	O91	9669652	=SUM(O60:O90)
91	P91	36786	=SUM(P60:P90)
91	Q91	72401	=SUM(Q60:Q90)
91	R91	0	=SUM(R60:R90)
91	S91	0	=SUM(S60:S90)
91	T91	20512	=SUM(T60:T90)
91	U91	550	=SUM(U60:U90)
91	V91	0	=SUM(V60:V90)
91	W91	8000	=SUM(W60:W90)
91	X91	0	=SUM(X60:X90)
91	Y91	46000	=SUM(Y60:Y90)
91	Z91	0	=SUM(Z60:Z90)
91	AA91	0	=SUM(AA60:AA90)
91	AB91	0	=SUM(AB60:AB90)
91	AC91	0	=SUM(AC60:AC90)
91	AD91	54550	=SUM(AD60:AD90)
91	AE91	13000	=SUM(AE60:AE90)
91	AF91	50000	=SUM(AF60:AF90)
91	AG91	71400	=SUM(AG60:AG90)
91	AH91	-163990.24	=SUM(AH60:AH90)
91	AI91	-277134.83999999997	=SUM(AI60:AI90)
91	AJ91	368438	=SUM(AJ60:AJ90)
91	AK91	210536	=SUM(AK60:AK90)
91	AL91	0	=SUM(AL60:AL90)
91	AM91	0	=SUM(AM60:AM90)
91	AN91	70780	=SUM(AN60:AN90)
91	AO91	0	=SUM(AO60:AO90)
91	AP91	-27572.6	=SUM(AP60:AP90)
115	A115	Март	
116	A116	Дата	
116	B116	Остаток	
116	C116	З. Коп	
116	D116	З. Мор	
116	E116	П. Коп	
116	F116	П. Мор	
116	G116	Закупка	
116	H116	Продажа	
116	I116	% коп	
116	J116	% мор	
116	K116	% общий	
116	L116	Грязная	
116	M116	Выр нал	
116	N116	Б/нал	
116	O116	Общая	
116	P116	Списания К.	
116	Q116	Списания М.	
116	R116	Перемещение	
116	S116	Уценка	
116	T116	Переоценка	
116	U116	Хоз. Нужды	
116	V116	Доставка	
116	W116	Уборка	
116	X116	Премия	
116	Y116	Выслуга	
116	Z116	Доплата	
116	AA116	Водитель	
116	AB116	Ком. Плат.	
116	AC116	Расходы	
116	AD116	Траты нал	
116	AE116	Вод. Б/нал	
116	AF116	Ком. Б/нал	
116	AG116	Аренда	
116	AH116	-% банк	
116	AI116	Налоги	
116	AJ116	Зарпл. Б/нал	
116	AK116	Налоги з/п	
116	AL116	Отпускные	
116	AM116	Налоги отпуск.	
116	AN116	Зарпл. Нал	
116	AO116	Отпуск. Нал	
116	AP116	НДФЛ 22%	
116	AQ116	Итог	
117	A117	1	
117	B117	2015877	=B90+H90-O90-P90-Q90+R90-S90+T90
117	C117	0	=ЗакПро!B118
117	D117	0	=ЗакПро!C118
117	E117	0	=ЗакПро!D118
117	F117	0	=ЗакПро!E118
117	G117	0	=SUM(C117:D117)
117	H117	0	=SUM(E117:F117)
117	I117	-	=IFERROR((E117-C117)/C117*100,"-")
117	J117	-	=IFERROR((F117-D117)/D117*100,"-")
117	K117	-	=IFERROR((H117-G117)/G117*100,"-")
117	L117	0	=H117-G117
117	M117	10000	
117	N117	274557	
117	O117	284557	=M117+N117
117	W117	8000	
117	Y117	46000	
117	AD117	54000	=SUM(U117:AC117)
117	AE117	13000	
117	AF117	50000	
117	AG117	71400	
117	AH117	-5491.14	=N117-N117-(N117*0.02)
117	AI117	0	=L117-L117-(L117*0.12)
117	AP117	-11880	=(AD117-AD117-(AD117*0.22))+(AN117-AN117-(AN117*0.22))+(AO117-AO117-(AO117*0.22))
117	AQ117	994848.6199999999	=L148-Q148-AD148-AE148-AF148-AG148+AH148+AI148-AJ148-AK148-AL148-AM148-AN148-AO148+AP148
118	A118	2	
118	B118	1731320	=B117+H117-O117-P117-Q117+R117-S117+T117
118	C118	265528	=ЗакПро!G118
118	D118	19000	=ЗакПро!H118
118	E118	325027	=ЗакПро!I118
118	F118	28009	=ЗакПро!J118
118	G118	284528	=SUM(C118:D118)
118	H118	353036	=SUM(E118:F118)
118	I118	22.40780633304209	=IFERROR((E118-C118)/C118*100,"-")
118	J118	47.415789473684214	=IFERROR((F118-D118)/D118*100,"-")
118	K118	24.077770904796715	=IFERROR((H118-G118)/G118*100,"-")
118	L118	68508	=H118-G118
118	M118	55000	
118	N118	204032	
118	O118	259032	=M118+N118
118	AD118	0	=SUM(U118:AC118)
118	AH118	-4080.64	=N118-N118-(N118*0.02)
118	AI118	-8220.96	=L118-L118-(L118*0.12)
118	AP118	0	=(AD118-AD118-(AD118*0.22))+(AN118-AN118-(AN118*0.22))+(AO118-AO118-(AO118*0.22))
119	A119	3	
119	B119	1825324	=B118+H118-O118-P118-Q118+R118-S118+T118
119	C119	145544	=ЗакПро!L118
119	D119	41300	=ЗакПро!M118
119	E119	181536	=ЗакПро!N118
119	F119	60516	=ЗакПро!O118
119	G119	186844	=SUM(C119:D119)
119	H119	242052	=SUM(E119:F119)
119	I119	24.729291485736272	=IFERROR((E119-C119)/C119*100,"-")
119	J119	46.52784503631962	=IFERROR((F119-D119)/D119*100,"-")
119	K119	29.54764402389159	=IFERROR((H119-G119)/G119*100,"-")
119	L119	55208	=H119-G119
119	M119	30000	
119	N119	255031	
119	O119	285031	=M119+N119
119	Q119	3675	
119	AD119	0	=SUM(U119:AC119)
119	AH119	-5100.62	=N119-N119-(N119*0.02)
119	AI119	-6624.96	=L119-L119-(L119*0.12)
119	AP119	0	=(AD119-AD119-(AD119*0.22))+(AN119-AN119-(AN119*0.22))+(AO119-AO119-(AO119*0.22))
120	A120	4	
120	B120	1778670	=B119+H119-O119-P119-Q119+R119-S119+T119
120	C120	134623	=ЗакПро!Q118
120	D120	76993	=ЗакПро!R118
120	E120	163033	=ЗакПро!S118
120	F120	104066	=ЗакПро!T118
120	G120	211616	=SUM(C120:D120)
120	H120	267099	=SUM(E120:F120)
120	I120	21.103377580354028	=IFERROR((E120-C120)/C120*100,"-")
120	J120	35.16293689036666	=IFERROR((F120-D120)/D120*100,"-")
120	K120	26.218716921215783	=IFERROR((H120-G120)/G120*100,"-")
120	L120	55483	=H120-G120
120	M120	64000	
120	N120	272172	
120	O120	336172	=M120+N120
120	AD120	0	=SUM(U120:AC120)
120	AH120	-5443.4400000000005	=N120-N120-(N120*0.02)
120	AI120	-6657.96	=L120-L120-(L120*0.12)
120	AP120	0	=(AD120-AD120-(AD120*0.22))+(AN120-AN120-(AN120*0.22))+(AO120-AO120-(AO120*0.22))
121	A121	5	
121	B121	1709597	=B120+H120-O120-P120-Q120+R120-S120+T120
121	C121	303062	=ЗакПро!V118
121	D121	48760	=ЗакПро!W118
121	E121	374065	=ЗакПро!X118
121	F121	71843	=ЗакПро!Y118
121	G121	351822	=SUM(C121:D121)
121	H121	445908	=SUM(E121:F121)
121	I121	23.428539374781398	=IFERROR((E121-C121)/C121*100,"-")
121	J121	47.34003281378179	=IFERROR((F121-D121)/D121*100,"-")
121	K121	26.742500468987156	=IFERROR((H121-G121)/G121*100,"-")
121	L121	94086	=H121-G121
121	M121	30000	
121	N121	421898	
121	O121	451898	=M121+N121
121	P121	519	
121	AD121	0	=SUM(U121:AC121)
121	AH121	-8437.960000000001	=N121-N121-(N121*0.02)
121	AI121	-11290.32	=L121-L121-(L121*0.12)
121	AP121	0	=(AD121-AD121-(AD121*0.22))+(AN121-AN121-(AN121*0.22))+(AO121-AO121-(AO121*0.22))
122	A122	6	
122	B122	1703088	=B121+H121-O121-P121-Q121+R121-S121+T121
122	C122	510384	=ЗакПро!AA118
122	D122	51468	=ЗакПро!AB118
122	E122	632961	=ЗакПро!AC118
122	F122	89554	=ЗакПро!AD118
122	G122	561852	=SUM(C122:D122)
122	H122	722515	=SUM(E122:F122)
122	I122	24.016622778143514	=IFERROR((E122-C122)/C122*100,"-")
122	J122	73.99937825444937	=IFERROR((F122-D122)/D122*100,"-")
122	K122	28.595252842385538	=IFERROR((H122-G122)/G122*100,"-")
122	L122	160663	=H122-G122
122	M122	50000	
122	N122	516320	
122	O122	566320	=M122+N122
122	AD122	0	=SUM(U122:AC122)
122	AH122	-10326.4	=N122-N122-(N122*0.02)
122	AI122	-19279.559999999998	=L122-L122-(L122*0.12)
122	AP122	0	=(AD122-AD122-(AD122*0.22))+(AN122-AN122-(AN122*0.22))+(AO122-AO122-(AO122*0.22))
123	A123	7	
123	B123	1859283	=B122+H122-O122-P122-Q122+R122-S122+T122
123	C123	223122	=ЗакПро!AF118
123	D123	155416	=ЗакПро!AG118
123	E123	276286	=ЗакПро!AH118
123	F123	217565	=ЗакПро!AI118
123	G123	378538	=SUM(C123:D123)
123	H123	493851	=SUM(E123:F123)
123	I123	23.82732316849078	=IFERROR((E123-C123)/C123*100,"-")
123	J123	39.98880424151953	=IFERROR((F123-D123)/D123*100,"-")
123	K123	30.46272765217759	=IFERROR((H123-G123)/G123*100,"-")
123	L123	115313	=H123-G123
123	M123	20000	
123	N123	473105	
123	O123	493105	=M123+N123
123	AD123	0	=SUM(U123:AC123)
123	AH123	-9462.1	=N123-N123-(N123*0.02)
123	AI123	-13837.56	=L123-L123-(L123*0.12)
123	AP123	0	=(AD123-AD123-(AD123*0.22))+(AN123-AN123-(AN123*0.22))+(AO123-AO123-(AO123*0.22))
124	A124	8	
124	B124	1860029	=B123+H123-O123-P123-Q123+R123-S123+T123
124	C124	0	=ЗакПро!AK118
124	D124	0	=ЗакПро!AL118
124	E124	0	=ЗакПро!AM118
124	F124	0	=ЗакПро!AN118
124	G124	0	=SUM(C124:D124)
124	H124	0	=SUM(E124:F124)
124	I124	-	=IFERROR((E124-C124)/C124*100,"-")
124	J124	-	=IFERROR((F124-D124)/D124*100,"-")
124	K124	-	=IFERROR((H124-G124)/G124*100,"-")
124	L124	0	=H124-G124
124	M124	21000	
124	N124	241491	
124	O124	262491	=M124+N124
124	AD124	0	=SUM(U124:AC124)
124	AH124	-4829.82	=N124-N124-(N124*0.02)
124	AI124	0	=L124-L124-(L124*0.12)
124	AP124	0	=(AD124-AD124-(AD124*0.22))+(AN124-AN124-(AN124*0.22))+(AO124-AO124-(AO124*0.22))
125	A125	9	
125	B125	1597538	=B124+H124-O124-P124-Q124+R124-S124+T124
125	C125	300666	=ЗакПро!AP118
125	D125	0	=ЗакПро!AQ118
125	E125	362632	=ЗакПро!AR118
125	F125	0	=ЗакПро!AS118
125	G125	300666	=SUM(C125:D125)
125	H125	362632	=SUM(E125:F125)
125	I125	20.60958006558773	=IFERROR((E125-C125)/C125*100,"-")
125	J125	-	=IFERROR((F125-D125)/D125*100,"-")
125	K125	20.60958006558773	=IFERROR((H125-G125)/G125*100,"-")
125	L125	61966	=H125-G125
125	M125	0	
125	N125	380419	
125	O125	380419	=M125+N125
125	AD125	0	=SUM(U125:AC125)
125	AH125	-7608.38	=N125-N125-(N125*0.02)
125	AI125	-7435.92	=L125-L125-(L125*0.12)
125	AP125	0	=(AD125-AD125-(AD125*0.22))+(AN125-AN125-(AN125*0.22))+(AO125-AO125-(AO125*0.22))
126	A126	10	
126	B126	1579751	=B125+H125-O125-P125-Q125+R125-S125+T125
126	C126	191693	=ЗакПро!AU118
126	D126	79074	=ЗакПро!AV118
126	E126	238384	=ЗакПро!AW118
126	F126	119939	=ЗакПро!AX118
126	G126	270767	=SUM(C126:D126)
126	H126	358323	=SUM(E126:F126)
126	I126	24.357175275049165	=IFERROR((E126-C126)/C126*100,"-")
126	J126	51.679439512355515	=IFERROR((F126-D126)/D126*100,"-")
126	K126	32.33628913420025	=IFERROR((H126-G126)/G126*100,"-")
126	L126	87556	=H126-G126
126	M126	0	
126	N126	252961	
126	O126	252961	=M126+N126
126	Q126	13893	
126	AD126	0	=SUM(U126:AC126)
126	AH126	-5059.22	=N126-N126-(N126*0.02)
126	AI126	-10506.72	=L126-L126-(L126*0.12)
126	AP126	0	=(AD126-AD126-(AD126*0.22))+(AN126-AN126-(AN126*0.22))+(AO126-AO126-(AO126*0.22))
127	A127	11	
127	B127	1671220	=B126+H126-O126-P126-Q126+R126-S126+T126
127	C127	133169	=ЗакПро!AZ118
127	D127	112618	=ЗакПро!BA118
127	E127	165190	=ЗакПро!BB118
127	F127	161308	=ЗакПро!BC118
127	G127	245787	=SUM(C127:D127)
127	H127	326498	=SUM(E127:F127)
127	I127	24.045385938168792	=IFERROR((E127-C127)/C127*100,"-")
127	J127	43.23465165426486	=IFERROR((F127-D127)/D127*100,"-")
127	K127	32.83778230744506	=IFERROR((H127-G127)/G127*100,"-")
127	L127	80711	=H127-G127
127	M127	35000	
127	N127	263398	
127	O127	298398	=M127+N127
127	AD127	0	=SUM(U127:AC127)
127	AH127	-5267.96	=N127-N127-(N127*0.02)
127	AI127	-9685.32	=L127-L127-(L127*0.12)
127	AP127	0	=(AD127-AD127-(AD127*0.22))+(AN127-AN127-(AN127*0.22))+(AO127-AO127-(AO127*0.22))
128	A128	12	
128	B128	1699320	=B127+H127-O127-P127-Q127+R127-S127+T127
128	C128	288651	=ЗакПро!BE118
128	D128	72078	=ЗакПро!BF118
128	E128	355566	=ЗакПро!BG118
128	F128	121820	=ЗакПро!BH118
128	G128	360729	=SUM(C128:D128)
128	H128	477386	=SUM(E128:F128)
128	I128	23.181974079424634	=IFERROR((E128-C128)/C128*100,"-")
128	J128	69.01134881655983	=IFERROR((F128-D128)/D128*100,"-")
128	K128	32.33923527079885	=IFERROR((H128-G128)/G128*100,"-")
128	L128	116657	=H128-G128
128	M128	30000	
128	N128	328621	
128	O128	358621	=M128+N128
128	Q128	30868	
128	AD128	0	=SUM(U128:AC128)
128	AH128	-6572.42	=N128-N128-(N128*0.02)
128	AI128	-13998.84	=L128-L128-(L128*0.12)
128	AP128	0	=(AD128-AD128-(AD128*0.22))+(AN128-AN128-(AN128*0.22))+(AO128-AO128-(AO128*0.22))
129	A129	13	
129	B129	1787217	=B128+H128-O128-P128-Q128+R128-S128+T128
129	C129	385927	=ЗакПро!BJ118
129	D129	127648	=ЗакПро!BK118
129	E129	481002	=ЗакПро!BL118
129	F129	182205	=ЗакПро!BM118
129	G129	513575	=SUM(C129:D129)
129	H129	663207	=SUM(E129:F129)
129	I129	24.635488058622485	=IFERROR((E129-C129)/C129*100,"-")
129	J129	42.740191777387814	=IFERROR((F129-D129)/D129*100,"-")
129	K129	29.135374580148955	=IFERROR((H129-G129)/G129*100,"-")
129	L129	149632	=H129-G129
129	M129	60000	
129	N129	443852	
129	O129	503852	=M129+N129
129	Q129	1543	
129	AD129	0	=SUM(U129:AC129)
129	AH129	-8877.04	=N129-N129-(N129*0.02)
129	AI129	-17955.84	=L129-L129-(L129*0.12)
129	AP129	0	=(AD129-AD129-(AD129*0.22))+(AN129-AN129-(AN129*0.22))+(AO129-AO129-(AO129*0.22))
130	A130	14	
130	B130	1945029	=B129+H129-O129-P129-Q129+R129-S129+T129
130	C130	239979	=ЗакПро!BO118
130	D130	85003	=ЗакПро!BP118
130	E130	306291	=ЗакПро!BQ118
130	F130	120285	=ЗакПро!BR118
130	G130	324982	=SUM(C130:D130)
130	H130	426576	=SUM(E130:F130)
130	I130	27.6324178365607	=IFERROR((E130-C130)/C130*100,"-")
130	J130	41.506770349281794	=IFERROR((F130-D130)/D130*100,"-")
130	K130	31.26142370962084	=IFERROR((H130-G130)/G130*100,"-")
130	L130	101594	=H130-G130
130	M130	35500	
130	N130	460310	
130	O130	495810	=M130+N130
130	Q130	23494	
130	U130	500	
130	AD130	500	=SUM(U130:AC130)
130	AH130	-9206.2	=N130-N130-(N130*0.02)
130	AI130	-12191.279999999999	=L130-L130-(L130*0.12)
130	AP130	-110	=(AD130-AD130-(AD130*0.22))+(AN130-AN130-(AN130*0.22))+(AO130-AO130-(AO130*0.22))
131	A131	15	
131	B131	1852301	=B130+H130-O130-P130-Q130+R130-S130+T130
131	C131	0	=ЗакПро!BT118
131	D131	0	=ЗакПро!BU118
131	E131	0	=ЗакПро!BV118
131	F131	0	=ЗакПро!BW118
131	G131	0	=SUM(C131:D131)
131	H131	0	=SUM(E131:F131)
131	I131	-	=IFERROR((E131-C131)/C131*100,"-")
131	J131	-	=IFERROR((F131-D131)/D131*100,"-")
131	K131	-	=IFERROR((H131-G131)/G131*100,"-")
131	L131	0	=H131-G131
131	M131	35000	
131	N131	276185	
131	O131	311185	=M131+N131
131	AD131	0	=SUM(U131:AC131)
131	AH131	-5523.7	=N131-N131-(N131*0.02)
131	AI131	0	=L131-L131-(L131*0.12)
131	AP131	0	=(AD131-AD131-(AD131*0.22))+(AN131-AN131-(AN131*0.22))+(AO131-AO131-(AO131*0.22))
132	A132	16	
132	B132	1541116	=B131+H131-O131-P131-Q131+R131-S131+T131
132	C132	401094	=ЗакПро!BY118
132	D132	121679	=ЗакПро!BZ118
132	E132	496855	=ЗакПро!CA118
132	F132	173058	=ЗакПро!CB118
132	G132	522773	=SUM(C132:D132)
132	H132	669913	=SUM(E132:F132)
132	I132	23.87495200626287	=IFERROR((E132-C132)/C132*100,"-")
132	J132	42.22503472250758	=IFERROR((F132-D132)/D132*100,"-")
132	K132	28.14605957078885	=IFERROR((H132-G132)/G132*100,"-")
132	L132	147140	=H132-G132
132	M132	120000	
132	N132	253279	
132	O132	373279	=M132+N132
132	AD132	0	=SUM(U132:AC132)
132	AH132	-5065.58	=N132-N132-(N132*0.02)
132	AI132	-17656.8	=L132-L132-(L132*0.12)
132	AP132	0	=(AD132-AD132-(AD132*0.22))+(AN132-AN132-(AN132*0.22))+(AO132-AO132-(AO132*0.22))
133	A133	17	
133	B133	1837750	=B132+H132-O132-P132-Q132+R132-S132+T132
133	C133	96559	=ЗакПро!CD118
133	D133	91205	=ЗакПро!CE118
133	E133	120746	=ЗакПро!CF118
133	F133	133176	=ЗакПро!CG118
133	G133	187764	=SUM(C133:D133)
133	H133	253922	=SUM(E133:F133)
133	I133	25.0489338124877	=IFERROR((E133-C133)/C133*100,"-")
133	J133	46.018310399649145	=IFERROR((F133-D133)/D133*100,"-")
133	K133	35.23465627063761	=IFERROR((H133-G133)/G133*100,"-")
133	L133	66158	=H133-G133
133	M133	50000	
133	N133	287932	
133	O133	337932	=M133+N133
133	AD133	0	=SUM(U133:AC133)
133	AH133	-5758.64	=N133-N133-(N133*0.02)
133	AI133	-7938.96	=L133-L133-(L133*0.12)
133	AP133	0	=(AD133-AD133-(AD133*0.22))+(AN133-AN133-(AN133*0.22))+(AO133-AO133-(AO133*0.22))
134	A134	18	
134	B134	1753740	=B133+H133-O133-P133-Q133+R133-S133+T133
134	C134	245212	=ЗакПро!CI118
134	D134	64180	=ЗакПро!CJ118
134	E134	304288	=ЗакПро!CK118
134	F134	94439	=ЗакПро!CL118
134	G134	309392	=SUM(C134:D134)
134	H134	398727	=SUM(E134:F134)
134	I134	24.091806273754955	=IFERROR((E134-C134)/C134*100,"-")
134	J134	47.14708631972577	=IFERROR((F134-D134)/D134*100,"-")
134	K134	28.874372963748257	=IFERROR((H134-G134)/G134*100,"-")
134	L134	89335	=H134-G134
134	M134	20000	
134	N134	275979	
134	O134	295979	=M134+N134
134	AD134	0	=SUM(U134:AC134)
134	AH134	-5519.58	=N134-N134-(N134*0.02)
134	AI134	-10720.199999999999	=L134-L134-(L134*0.12)
134	AP134	0	=(AD134-AD134-(AD134*0.22))+(AN134-AN134-(AN134*0.22))+(AO134-AO134-(AO134*0.22))
135	A135	19	
135	B135	1856488	=B134+H134-O134-P134-Q134+R134-S134+T134
135	C135	144673	=ЗакПро!CN118
135	D135	8750	=ЗакПро!CO118
135	E135	181635	=ЗакПро!CP118
135	F135	12564	=ЗакПро!CQ118
135	G135	153423	=SUM(C135:D135)
135	H135	194199	=SUM(E135:F135)
135	I135	25.548651095919766	=IFERROR((E135-C135)/C135*100,"-")
135	J135	43.58857142857143	=IFERROR((F135-D135)/D135*100,"-")
135	K135	26.577501417649245	=IFERROR((H135-G135)/G135*100,"-")
135	L135	40776	=H135-G135
135	M135	60000	
135	N135	474968	
135	O135	534968	=M135+N135
135	AD135	0	=SUM(U135:AC135)
135	AH135	-9499.36	=N135-N135-(N135*0.02)
135	AI135	-4893.12	=L135-L135-(L135*0.12)
135	AP135	0	=(AD135-AD135-(AD135*0.22))+(AN135-AN135-(AN135*0.22))+(AO135-AO135-(AO135*0.22))
136	A136	20	
136	B136	1515719	=B135+H135-O135-P135-Q135+R135-S135+T135
136	C136	409181	=ЗакПро!CS118
136	D136	110604	=ЗакПро!CT118
136	E136	509774	=ЗакПро!CU118
136	F136	162389	=ЗакПро!CV118
136	G136	519785	=SUM(C136:D136)
136	H136	672163	=SUM(E136:F136)
136	I136	24.583986059958796	=IFERROR((E136-C136)/C136*100,"-")
136	J136	46.82018733499692	=IFERROR((F136-D136)/D136*100,"-")
136	K136	29.315582404263303	=IFERROR((H136-G136)/G136*100,"-")
136	L136	152378	=H136-G136
136	M136	50000	
136	N136	475020	
136	O136	525020	=M136+N136
136	Q136	12972	
136	AD136	0	=SUM(U136:AC136)
136	AH136	-9500.4	=N136-N136-(N136*0.02)
136	AI136	-18285.36	=L136-L136-(L136*0.12)
136	AJ136	157902	
136	AK136	92109	
136	AP136	0	=(AD136-AD136-(AD136*0.22))+(AN136-AN136-(AN136*0.22))+(AO136-AO136-(AO136*0.22))
137	A137	21	
137	B137	1649890	=B136+H136-O136-P136-Q136+R136-S136+T136
137	C137	355608	=ЗакПро!CX118
137	D137	222716	=ЗакПро!CY118
137	E137	440211	=ЗакПро!CZ118
137	F137	326066	=ЗакПро!DA118
137	G137	578324	=SUM(C137:D137)
137	H137	766277	=SUM(E137:F137)
137	I137	23.791084565026658	=IFERROR((E137-C137)/C137*100,"-")
137	J137	46.404389446649546	=IFERROR((F137-D137)/D137*100,"-")
137	K137	32.49960229905728	=IFERROR((H137-G137)/G137*100,"-")
137	L137	187953	=H137-G137
137	M137	20000	
137	N137	416968	
137	O137	436968	=M137+N137
137	AD137	0	=SUM(U137:AC137)
137	AH137	-8339.36	=N137-N137-(N137*0.02)
137	AI137	-22554.36	=L137-L137-(L137*0.12)
137	AP137	0	=(AD137-AD137-(AD137*0.22))+(AN137-AN137-(AN137*0.22))+(AO137-AO137-(AO137*0.22))
138	A138	22	
138	B138	1979199	=B137+H137-O137-P137-Q137+R137-S137+T137
138	C138	0	=ЗакПро!DC118
138	D138	0	=ЗакПро!DD118
138	E138	0	=ЗакПро!DE118
138	F138	0	=ЗакПро!DF118
138	G138	0	=SUM(C138:D138)
138	H138	0	=SUM(E138:F138)
138	I138	-	=IFERROR((E138-C138)/C138*100,"-")
138	J138	-	=IFERROR((F138-D138)/D138*100,"-")
138	K138	-	=IFERROR((H138-G138)/G138*100,"-")
138	L138	0	=H138-G138
138	M138	20000	
138	N138	291962	
138	O138	311962	=M138+N138
138	AD138	0	=SUM(U138:AC138)
138	AH138	-5839.24	=N138-N138-(N138*0.02)
138	AI138	0	=L138-L138-(L138*0.12)
138	AP138	0	=(AD138-AD138-(AD138*0.22))+(AN138-AN138-(AN138*0.22))+(AO138-AO138-(AO138*0.22))
139	A139	23	
139	B139	1667237	=B138+H138-O138-P138-Q138+R138-S138+T138
139	C139	252229	=ЗакПро!DH118
139	D139	117076	=ЗакПро!DI118
139	E139	310693	=ЗакПро!DJ118
139	F139	172736	=ЗакПро!DK118
139	G139	369305	=SUM(C139:D139)
139	H139	483429	=SUM(E139:F139)
139	I139	23.178936601263135	=IFERROR((E139-C139)/C139*100,"-")
139	J139	47.54176774061293	=IFERROR((F139-D139)/D139*100,"-")
139	K139	30.902370669230038	=IFERROR((H139-G139)/G139*100,"-")
139	L139	114124	=H139-G139
139	M139	70000	
139	N139	219095	
139	O139	289095	=M139+N139
139	AD139	0	=SUM(U139:AC139)
139	AH139	-4381.900000000001	=N139-N139-(N139*0.02)
139	AI139	-13694.88	=L139-L139-(L139*0.12)
139	AP139	0	=(AD139-AD139-(AD139*0.22))+(AN139-AN139-(AN139*0.22))+(AO139-AO139-(AO139*0.22))
140	A140	24	
140	B140	1861571	=B139+H139-O139-P139-Q139+R139-S139+T139
140	C140	359925	=ЗакПро!DM118
140	D140	24542	=ЗакПро!DN118
140	E140	440997	=ЗакПро!DO118
140	F140	34900	=ЗакПро!DP118
140	G140	384467	=SUM(C140:D140)
140	H140	475897	=SUM(E140:F140)
140	I140	22.524692644300895	=IFERROR((E140-C140)/C140*100,"-")
140	J140	42.205199250264855	=IFERROR((F140-D140)/D140*100,"-")
140	K140	23.780974700039277	=IFERROR((H140-G140)/G140*100,"-")
140	L140	91430	=H140-G140
140	M140	3500	
140	N140	321080	
140	O140	324580	=M140+N140
140	AD140	0	=SUM(U140:AC140)
140	AH140	-6421.6	=N140-N140-(N140*0.02)
140	AI140	-10971.6	=L140-L140-(L140*0.12)
140	AP140	0	=(AD140-AD140-(AD140*0.22))+(AN140-AN140-(AN140*0.22))+(AO140-AO140-(AO140*0.22))
141	A141	25	
141	B141	2012888	=B140+H140-O140-P140-Q140+R140-S140+T140
141	C141	229476	=ЗакПро!DR118
141	D141	47588	=ЗакПро!DS118
141	E141	283640	=ЗакПро!DT118
141	F141	70187	=ЗакПро!DU118
141	G141	277064	=SUM(C141:D141)
141	H141	353827	=SUM(E141:F141)
141	I141	23.60333978280953	=IFERROR((E141-C141)/C141*100,"-")
141	J141	47.4888627385055	=IFERROR((F141-D141)/D141*100,"-")
141	K141	27.70587301128981	=IFERROR((H141-G141)/G141*100,"-")
141	L141	76763	=H141-G141
141	M141	0	
141	N141	414649	
141	O141	414649	=M141+N141
141	AD141	0	=SUM(U141:AC141)
141	AH141	-8292.98	=N141-N141-(N141*0.02)
141	AI141	-9211.56	=L141-L141-(L141*0.12)
141	AP141	0	=(AD141-AD141-(AD141*0.22))+(AN141-AN141-(AN141*0.22))+(AO141-AO141-(AO141*0.22))
142	A142	26	
142	B142	1952066	=B141+H141-O141-P141-Q141+R141-S141+T141
142	C142	244935	=ЗакПро!DW118
142	D142	14000	=ЗакПро!DX118
142	E142	301458	=ЗакПро!DY118
142	F142	20923	=ЗакПро!DZ118
142	G142	258935	=SUM(C142:D142)
142	H142	322381	=SUM(E142:F142)
142	I142	23.076734643885114	=IFERROR((E142-C142)/C142*100,"-")
142	J142	49.45	=IFERROR((F142-D142)/D142*100,"-")
142	K142	24.50267441635932	=IFERROR((H142-G142)/G142*100,"-")
142	L142	63446	=H142-G142
142	M142	7000	
142	N142	415104	
142	O142	422104	=M142+N142
142	Q142	5824	
142	AD142	0	=SUM(U142:AC142)
142	AH142	-8302.08	=N142-N142-(N142*0.02)
142	AI142	-7613.5199999999995	=L142-L142-(L142*0.12)
142	AP142	0	=(AD142-AD142-(AD142*0.22))+(AN142-AN142-(AN142*0.22))+(AO142-AO142-(AO142*0.22))
143	A143	27	
143	B143	1846519	=B142+H142-O142-P142-Q142+R142-S142+T142
143	C143	273502	=ЗакПро!EB118
143	D143	74619	=ЗакПро!EC118
143	E143	333167	=ЗакПро!ED118
143	F143	112596	=ЗакПро!EE118
143	G143	348121	=SUM(C143:D143)
143	H143	445763	=SUM(E143:F143)
143	I143	21.81519696382476	=IFERROR((E143-C143)/C143*100,"-")
143	J143	50.89454428496764	=IFERROR((F143-D143)/D143*100,"-")
143	K143	28.048293553103665	=IFERROR((H143-G143)/G143*100,"-")
143	L143	97642	=H143-G143
143	M143	0	
143	N143	479105	
143	O143	479105	=M143+N143
143	AD143	0	=SUM(U143:AC143)
143	AH143	-9582.1	=N143-N143-(N143*0.02)
143	AI143	-11717.039999999999	=L143-L143-(L143*0.12)
143	AP143	0	=(AD143-AD143-(AD143*0.22))+(AN143-AN143-(AN143*0.22))+(AO143-AO143-(AO143*0.22))
144	A144	28	
144	B144	1813177	=B143+H143-O143-P143-Q143+R143-S143+T143
144	C144	216960	=ЗакПро!EG118
144	D144	140943	=ЗакПро!EH118
144	E144	267044	=ЗакПро!EI118
144	F144	198735	=ЗакПро!EJ118
144	G144	357903	=SUM(C144:D144)
144	H144	465779	=SUM(E144:F144)
144	I144	23.084439528023598	=IFERROR((E144-C144)/C144*100,"-")
144	J144	41.00381005087163	=IFERROR((F144-D144)/D144*100,"-")
144	K144	30.141127623965154	=IFERROR((H144-G144)/G144*100,"-")
144	L144	107876	=H144-G144
144	M144	0	
144	N144	389702	
144	O144	389702	=M144+N144
144	Q144	6908	
144	AD144	0	=SUM(U144:AC144)
144	AH144	-7794.04	=N144-N144-(N144*0.02)
144	AI144	-12945.119999999999	=L144-L144-(L144*0.12)
144	AP144	0	=(AD144-AD144-(AD144*0.22))+(AN144-AN144-(AN144*0.22))+(AO144-AO144-(AO144*0.22))
145	A145	29	
145	B145	1882346	=B144+H144-O144-P144-Q144+R144-S144+T144
145	C145	0	=ЗакПро!EL118
145	D145	0	=ЗакПро!EM118
145	E145	0	=ЗакПро!EN118
145	F145	0	=ЗакПро!EO118
145	G145	0	=SUM(C145:D145)
145	H145	0	=SUM(E145:F145)
145	I145	-	=IFERROR((E145-C145)/C145*100,"-")
145	J145	-	=IFERROR((F145-D145)/D145*100,"-")
145	K145	-	=IFERROR((H145-G145)/G145*100,"-")
145	L145	0	=H145-G145
145	M145	50000	
145	N145	240062	
145	O145	290062	=M145+N145
145	AD145	0	=SUM(U145:AC145)
145	AH145	-4801.24	=N145-N145-(N145*0.02)
145	AI145	0	=L145-L145-(L145*0.12)
145	AP145	0	=(AD145-AD145-(AD145*0.22))+(AN145-AN145-(AN145*0.22))+(AO145-AO145-(AO145*0.22))
146	A146	30	
146	B146	1592284	=B145+H145-O145-P145-Q145+R145-S145+T145
146	C146	433577	=ЗакПро!EQ118
146	D146	25658	=ЗакПро!ER118
146	E146	532855	=ЗакПро!ES118
146	F146	34377	=ЗакПро!ET118
146	G146	459235	=SUM(C146:D146)
146	H146	567232	=SUM(E146:F146)
146	I146	22.89743228999693	=IFERROR((E146-C146)/C146*100,"-")
146	J146	33.98160417803414	=IFERROR((F146-D146)/D146*100,"-")
146	K146	23.516718020185742	=IFERROR((H146-G146)/G146*100,"-")
146	L146	107997	=H146-G146
146	M146	37300	
146	N146	263487	
146	O146	300787	=M146+N146
146	Q146	1473	
146	AD146	0	=SUM(U146:AC146)
146	AH146	-5269.74	=N146-N146-(N146*0.02)
146	AI146	-12959.64	=L146-L146-(L146*0.12)
146	AJ146	52634	
146	AK146	26317	
146	AP146	0	=(AD146-AD146-(AD146*0.22))+(AN146-AN146-(AN146*0.22))+(AO146-AO146-(AO146*0.22))
147	A147	31	
147	B147	1857256	=B146+H146-O146-P146-Q146+R146-S146+T146
147	C147	220255	=ЗакПро!EV118
147	D147	61698	=ЗакПро!EW118
147	E147	273607	=ЗакПро!EX118
147	F147	89853	=ЗакПро!EY118
147	G147	281953	=SUM(C147:D147)
147	H147	363460	=SUM(E147:F147)
147	I147	24.22283262582007	=IFERROR((E147-C147)/C147*100,"-")
147	J147	45.633569969853156	=IFERROR((F147-D147)/D147*100,"-")
147	K147	28.908009490943527	=IFERROR((H147-G147)/G147*100,"-")
147	L147	81507	=H147-G147
147	M147	233500	
147	N147	304113	
147	O147	537613	=M147+N147
147	AD147	0	=SUM(U147:AC147)
147	AH147	-6082.26	=N147-N147-(N147*0.02)
147	AI147	-9780.84	=L147-L147-(L147*0.12)
147	AJ147	157908	
147	AK147	92110	
147	AN147	144400	
147	AP147	-31768	=(AD147-AD147-(AD147*0.22))+(AN147-AN147-(AN147*0.22))+(AO147-AO147-(AO147*0.22))
148	A148	Итого	
148	C148	7005534	=SUM(C117:C147)
148	D148	1994616	=SUM(D117:D147)
148	E148	8658943	=SUM(E117:E147)
148	F148	2913109	=SUM(F117:F147)
148	G148	9000150	=SUM(G117:G147)
148	H148	11572052	=SUM(H117:H147)
148	I148	23.666076956434473	=IFERROR(AVERAGE(I117:I147),"-")
148	J148	46.76040506740725	=IFERROR(AVERAGE(J117:J147),"-")
148	K148	28.55069670355836	=IFERROR(AVERAGE(K117:K147),"-")
148	L148	2571902	=SUM(L117:L147)
148	M148	1216800	=SUM(M117:M147)
148	N148	10586857	=SUM(N117:N147)
148	O148	11803657	=SUM(O117:O147)
148	P148	519	=SUM(P117:P147)
148	Q148	100650	=SUM(Q117:Q147)
148	R148	0	=SUM(R117:R147)
148	S148	0	=SUM(S117:S147)
148	T148	0	=SUM(T117:T147)
148	U148	500	=SUM(U117:U147)
148	V148	0	=SUM(V117:V147)
148	W148	8000	=SUM(W117:W147)
148	X148	0	=SUM(X117:X147)
148	Y148	46000	=SUM(Y117:Y147)
148	Z148	0	=SUM(Z117:Z147)
148	AA148	0	=SUM(AA117:AA147)
148	AB148	0	=SUM(AB117:AB147)
148	AC148	0	=SUM(AC117:AC147)
148	AD148	54500	=SUM(AD117:AD147)
148	AE148	13000	=SUM(AE117:AE147)
148	AF148	50000	=SUM(AF117:AF147)
148	AG148	71400	=SUM(AG117:AG147)
148	AH148	-211737.14	=SUM(AH117:AH147)
148	AI148	-308628.24	=SUM(AI117:AI147)
148	AJ148	368444	=SUM(AJ117:AJ147)
148	AK148	210536	=SUM(AK117:AK147)
148	AL148	0	=SUM(AL117:AL147)
148	AM148	0	=SUM(AM117:AM147)
148	AN148	144400	=SUM(AN117:AN147)
148	AO148	0	=SUM(AO117:AO147)
148	AP148	-43758	=SUM(AP117:AP147)
172	A172	Апрель	
173	A173	Дата	
173	B173	Остаток	
173	C173	З. Коп	
173	D173	З. Мор	
173	E173	П. Коп	
173	F173	П. Мор	
173	G173	Закупка	
173	H173	Продажа	
173	I173	% коп	
173	J173	% мор	
173	K173	% общий	
173	L173	Грязная	
173	M173	Выр нал	
173	N173	Б/нал	
173	O173	Общая	
173	P173	Списания К.	
173	Q173	Списания М.	
173	R173	Перемещение	
173	S173	Уценка	
173	T173	Переоценка	
173	U173	Хоз. Нужды	
173	V173	Доставка	
173	W173	Уборка	
173	X173	Премия	
173	Y173	Выслуга	
173	Z173	Доплата	
173	AA173	Водитель	
173	AB173	Ком. Плат.	
173	AC173	Расходы	
173	AD173	Траты нал	
173	AE173	Вод. Б/нал	
173	AF173	Ком. Б/нал	
173	AG173	Аренда	
173	AH173	-% банк	
173	AI173	Налоги	
173	AJ173	Зарпл. Б/нал	
173	AK173	Налоги з/п	
173	AL173	Отпускные	
173	AM173	Налоги отпуск.	
173	AN173	Зарпл. Нал	
173	AO173	Отпуск. Нал	
173	AP173	НДФЛ 22%	
173	AQ173	Итог	
174	A174	1	
174	B174	1683103	=B147+H147-O147-P147-Q147+R147-S147+T147
174	C174	265879	=ЗакПро!B175
174	D174	33450	=ЗакПро!C175
174	E174	326553	=ЗакПро!D175
174	F174	47615	=ЗакПро!E175
174	G174	299329	=SUM(C174:D174)
174	H174	374168	=SUM(E174:F174)
174	I174	22.82015503292851	=IFERROR((E174-C174)/C174*100,"-")
174	J174	42.346786248131544	=IFERROR((F174-D174)/D174*100,"-")
174	K174	25.002255043781258	=IFERROR((H174-G174)/G174*100,"-")
174	L174	74839	=H174-G174
174	M174	9900	
174	N174	351190	
174	O174	361090	=M174+N174
174	W174	8000	
174	X174	21000	
174	Y174	46000	
174	AD174	75000	=SUM(U174:AC174)
174	AE174	13000	
174	AF174	50000	
174	AG174	71400	
174	AH174	-7023.8	=N174-N174-(N174*0.02)
174	AI174	-8980.68	=L174-L174-(L174*0.12)
174	AP174	-16500	=(AD174-AD174-(AD174*0.22))+(AN174-AN174-(AN174*0.22))+(AO174-AO174-(AO174*0.22))
174	AQ174	981347.74	=L205-Q205-AD205-AE205-AF205-AG205+AH205+AI205-AJ205-AK205-AL205-AM205-AN205-AO205+AP205
175	A175	2	
175	B175	1696181	=B174+H174-O174-P174-Q174+R174-S174+T174
175	C175	356822	=ЗакПро!G175
175	D175	90555	=ЗакПро!H175
175	E175	440763	=ЗакПро!I175
175	F175	129230	=ЗакПро!J175
175	G175	447377	=SUM(C175:D175)
175	H175	569993	=SUM(E175:F175)
175	I175	23.52461451367909	=IFERROR((E175-C175)/C175*100,"-")
175	J175	42.70885097454586	=IFERROR((F175-D175)/D175*100,"-")
175	K175	27.40775676889961	=IFERROR((H175-G175)/G175*100,"-")
175	L175	122616	=H175-G175
175	M175	40000	
175	N175	310433	
175	O175	350433	=M175+N175
175	Q175	25279	
175	AD175	0	=SUM(U175:AC175)
175	AH175	-6208.66	=N175-N175-(N175*0.02)
175	AI175	-14713.92	=L175-L175-(L175*0.12)
175	AP175	0	=(AD175-AD175-(AD175*0.22))+(AN175-AN175-(AN175*0.22))+(AO175-AO175-(AO175*0.22))
176	A176	3	
176	B176	1890462	=B175+H175-O175-P175-Q175+R175-S175+T175
176	C176	190950	=ЗакПро!L175
176	D176	97983	=ЗакПро!M175
176	E176	230597	=ЗакПро!N175
176	F176	141510	=ЗакПро!O175
176	G176	288933	=SUM(C176:D176)
176	H176	372107	=SUM(E176:F176)
176	I176	20.763026970411104	=IFERROR((E176-C176)/C176*100,"-")
176	J176	44.42301215516977	=IFERROR((F176-D176)/D176*100,"-")
176	K176	28.786604506927212	=IFERROR((H176-G176)/G176*100,"-")
176	L176	83174	=H176-G176
176	M176	80000	
176	N176	276095	
176	O176	356095	=M176+N176
176	AD176	0	=SUM(U176:AC176)
176	AH176	-5521.900000000001	=N176-N176-(N176*0.02)
176	AI176	-9980.88	=L176-L176-(L176*0.12)
176	AP176	0	=(AD176-AD176-(AD176*0.22))+(AN176-AN176-(AN176*0.22))+(AO176-AO176-(AO176*0.22))
177	A177	4	
177	B177	1906474	=B176+H176-O176-P176-Q176+R176-S176+T176
177	C177	137185	=ЗакПро!Q175
177	D177	148836	=ЗакПро!R175
177	E177	167919	=ЗакПро!S175
177	F177	215173	=ЗакПро!T175
177	G177	286021	=SUM(C177:D177)
177	H177	383092	=SUM(E177:F177)
177	I177	22.403323978569087	=IFERROR((E177-C177)/C177*100,"-")
177	J177	44.57053401058884	=IFERROR((F177-D177)/D177*100,"-")
177	K177	33.938417109233235	=IFERROR((H177-G177)/G177*100,"-")
177	L177	97071	=H177-G177
177	M177	30000	
177	N177	253647	
177	O177	283647	=M177+N177
177	Q177	6046	
177	AD177	0	=SUM(U177:AC177)
177	AH177	-5072.9400000000005	=N177-N177-(N177*0.02)
177	AI177	-11648.52	=L177-L177-(L177*0.12)
177	AP177	0	=(AD177-AD177-(AD177*0.22))+(AN177-AN177-(AN177*0.22))+(AO177-AO177-(AO177*0.22))
178	A178	5	
178	B178	1999873	=B177+H177-O177-P177-Q177+R177-S177+T177
178	C178	0	=ЗакПро!V175
178	D178	0	=ЗакПро!W175
178	E178	0	=ЗакПро!X175
178	F178	0	=ЗакПро!Y175
178	G178	0	=SUM(C178:D178)
178	H178	0	=SUM(E178:F178)
178	I178	-	=IFERROR((E178-C178)/C178*100,"-")
178	J178	-	=IFERROR((F178-D178)/D178*100,"-")
178	K178	-	=IFERROR((H178-G178)/G178*100,"-")
178	L178	0	=H178-G178
178	M178	20000	
178	N178	300524	
178	O178	320524	=M178+N178
178	AD178	0	=SUM(U178:AC178)
178	AH178	-6010.4800000000005	=N178-N178-(N178*0.02)
178	AI178	0	=L178-L178-(L178*0.12)
178	AP178	0	=(AD178-AD178-(AD178*0.22))+(AN178-AN178-(AN178*0.22))+(AO178-AO178-(AO178*0.22))
179	A179	6	
179	B179	1679349	=B178+H178-O178-P178-Q178+R178-S178+T178
179	C179	466614	=ЗакПро!AA175
179	D179	85050	=ЗакПро!AB175
179	E179	569847	=ЗакПро!AC175
179	F179	118867	=ЗакПро!AD175
179	G179	551664	=SUM(C179:D179)
179	H179	688714	=SUM(E179:F179)
179	I179	22.123853977806064	=IFERROR((E179-C179)/C179*100,"-")
179	J179	39.76131687242798	=IFERROR((F179-D179)/D179*100,"-")
179	K179	24.843020389222424	=IFERROR((H179-G179)/G179*100,"-")
179	L179	137050	=H179-G179
179	M179	30000	
179	N179	425728	
179	O179	455728	=M179+N179
179	AD179	0	=SUM(U179:AC179)
179	AH179	-8514.56	=N179-N179-(N179*0.02)
179	AI179	-16446	=L179-L179-(L179*0.12)
179	AP179	0	=(AD179-AD179-(AD179*0.22))+(AN179-AN179-(AN179*0.22))+(AO179-AO179-(AO179*0.22))
180	A180	7	
180	B180	1912335	=B179+H179-O179-P179-Q179+R179-S179+T179
180	C180	182168	=ЗакПро!AF175
180	D180	44065	=ЗакПро!AG175
180	E180	226614	=ЗакПро!AH175
180	F180	61741	=ЗакПро!AI175
180	G180	226233	=SUM(C180:D180)
180	H180	288355	=SUM(E180:F180)
180	I180	24.398357560054453	=IFERROR((E180-C180)/C180*100,"-")
180	J180	40.113468739362304	=IFERROR((F180-D180)/D180*100,"-")
180	K180	27.45930080934258	=IFERROR((H180-G180)/G180*100,"-")
180	L180	62122	=H180-G180
180	M180	50000	
180	N180	202793	
180	O180	252793	=M180+N180
180	AD180	0	=SUM(U180:AC180)
180	AH180	-4055.86	=N180-N180-(N180*0.02)
180	AI180	-7454.639999999999	=L180-L180-(L180*0.12)
180	AP180	0	=(AD180-AD180-(AD180*0.22))+(AN180-AN180-(AN180*0.22))+(AO180-AO180-(AO180*0.22))
181	A181	8	
181	B181	1947897	=B180+H180-O180-P180-Q180+R180-S180+T180
181	C181	199520	=ЗакПро!AK175
181	D181	17028	=ЗакПро!AL175
181	E181	245120	=ЗакПро!AM175
181	F181	24184	=ЗакПро!AN175
181	G181	216548	=SUM(C181:D181)
181	H181	269304	=SUM(E181:F181)
181	I181	22.85485164394547	=IFERROR((E181-C181)/C181*100,"-")
181	J181	42.024900164435046	=IFERROR((F181-D181)/D181*100,"-")
181	K181	24.36226610266546	=IFERROR((H181-G181)/G181*100,"-")
181	L181	52756	=H181-G181
181	M181	45000	
181	N181	338845	
181	O181	383845	=M181+N181
181	Q181	2380	
181	AD181	0	=SUM(U181:AC181)
181	AH181	-6776.900000000001	=N181-N181-(N181*0.02)
181	AI181	-6330.719999999999	=L181-L181-(L181*0.12)
181	AP181	0	=(AD181-AD181-(AD181*0.22))+(AN181-AN181-(AN181*0.22))+(AO181-AO181-(AO181*0.22))
182	A182	9	
182	B182	1830976	=B181+H181-O181-P181-Q181+R181-S181+T181
182	C182	180395	=ЗакПро!AP175
182	D182	11865	=ЗакПро!AQ175
182	E182	222047	=ЗакПро!AR175
182	F182	17754	=ЗакПро!AS175
182	G182	192260	=SUM(C182:D182)
182	H182	239801	=SUM(E182:F182)
182	I182	23.089331744227945	=IFERROR((E182-C182)/C182*100,"-")
182	J182	49.633375474083444	=IFERROR((F182-D182)/D182*100,"-")
182	K182	24.727452408197234	=IFERROR((H182-G182)/G182*100,"-")
182	L182	47541	=H182-G182
182	M182	35000	
182	N182	338098	
182	O182	373098	=M182+N182
182	Q182	9686	
182	AD182	0	=SUM(U182:AC182)
182	AH182	-6761.96	=N182-N182-(N182*0.02)
182	AI182	-5704.92	=L182-L182-(L182*0.12)
182	AP182	0	=(AD182-AD182-(AD182*0.22))+(AN182-AN182-(AN182*0.22))+(AO182-AO182-(AO182*0.22))
183	A183	10	
183	B183	1687993	=B182+H182-O182-P182-Q182+R182-S182+T182
183	C183	309750	=ЗакПро!AU175
183	D183	118844	=ЗакПро!AV175
183	E183	383431	=ЗакПро!AW175
183	F183	172354	=ЗакПро!AX175
183	G183	428594	=SUM(C183:D183)
183	H183	555785	=SUM(E183:F183)
183	I183	23.787247780468117	=IFERROR((E183-C183)/C183*100,"-")
183	J183	45.025411463767625	=IFERROR((F183-D183)/D183*100,"-")
183	K183	29.676337046248896	=IFERROR((H183-G183)/G183*100,"-")
183	L183	127191	=H183-G183
183	M183	60000	
183	N183	300420	
183	O183	360420	=M183+N183
183	Q183	3095	
183	AD183	0	=SUM(U183:AC183)
183	AH183	-6008.400000000001	=N183-N183-(N183*0.02)
183	AI183	-15262.92	=L183-L183-(L183*0.12)
183	AP183	0	=(AD183-AD183-(AD183*0.22))+(AN183-AN183-(AN183*0.22))+(AO183-AO183-(AO183*0.22))
184	A184	11	
184	B184	1880263	=B183+H183-O183-P183-Q183+R183-S183+T183
184	C184	289780	=ЗакПро!AZ175
184	D184	131691	=ЗакПро!BA175
184	E184	359116	=ЗакПро!BB175
184	F184	197243	=ЗакПро!BC175
184	G184	421471	=SUM(C184:D184)
184	H184	556359	=SUM(E184:F184)
184	I184	23.92711712333494	=IFERROR((E184-C184)/C184*100,"-")
184	J184	49.7771297962655	=IFERROR((F184-D184)/D184*100,"-")
184	K184	32.00409992621081	=IFERROR((H184-G184)/G184*100,"-")
184	L184	134888	=H184-G184
184	M184	60000	
184	N184	354470	
184	O184	414470	=M184+N184
184	Q184	4603	
184	AD184	0	=SUM(U184:AC184)
184	AH184	-7089.400000000001	=N184-N184-(N184*0.02)
184	AI184	-16186.56	=L184-L184-(L184*0.12)
184	AP184	0	=(AD184-AD184-(AD184*0.22))+(AN184-AN184-(AN184*0.22))+(AO184-AO184-(AO184*0.22))
185	A185	12	
185	B185	2017549	=B184+H184-O184-P184-Q184+R184-S184+T184
185	C185	0	=ЗакПро!BE175
185	D185	0	=ЗакПро!BF175
185	E185	0	=ЗакПро!BG175
185	F185	0	=ЗакПро!BH175
185	G185	0	=SUM(C185:D185)
185	H185	0	=SUM(E185:F185)
185	I185	-	=IFERROR((E185-C185)/C185*100,"-")
185	J185	-	=IFERROR((F185-D185)/D185*100,"-")
185	K185	-	=IFERROR((H185-G185)/G185*100,"-")
185	L185	0	=H185-G185
185	M185	20000	
185	N185	269339	
185	O185	289339	=M185+N185
185	Q185	7956	
185	AD185	0	=SUM(U185:AC185)
185	AH185	-5386.78	=N185-N185-(N185*0.02)
185	AI185	0	=L185-L185-(L185*0.12)
185	AP185	0	=(AD185-AD185-(AD185*0.22))+(AN185-AN185-(AN185*0.22))+(AO185-AO185-(AO185*0.22))
186	A186	13	
186	B186	1720254	=B185+H185-O185-P185-Q185+R185-S185+T185
186	C186	381884	=ЗакПро!BJ175
186	D186	47963	=ЗакПро!BK175
186	E186	464260	=ЗакПро!BL175
186	F186	65287	=ЗакПро!BM175
186	G186	429847	=SUM(C186:D186)
186	H186	529547	=SUM(E186:F186)
186	I186	21.57094824606425	=IFERROR((E186-C186)/C186*100,"-")
186	J186	36.1195087880241	=IFERROR((F186-D186)/D186*100,"-")
186	K186	23.194299366984065	=IFERROR((H186-G186)/G186*100,"-")
186	L186	99700	=H186-G186
186	M186	91000	
186	N186	190374	
186	O186	281374	=M186+N186
186	Q186	4479	
186	AD186	0	=SUM(U186:AC186)
186	AH186	-3807.48	=N186-N186-(N186*0.02)
186	AI186	-11964	=L186-L186-(L186*0.12)
186	AP186	0	=(AD186-AD186-(AD186*0.22))+(AN186-AN186-(AN186*0.22))+(AO186-AO186-(AO186*0.22))
187	A187	14	
187	B187	1963948	=B186+H186-O186-P186-Q186+R186-S186+T186
187	C187	113061	=ЗакПро!BO175
187	D187	20605	=ЗакПро!BP175
187	E187	139895	=ЗакПро!BQ175
187	F187	29342	=ЗакПро!BR175
187	G187	133666	=SUM(C187:D187)
187	H187	169237	=SUM(E187:F187)
187	I187	23.734090446749985	=IFERROR((E187-C187)/C187*100,"-")
187	J187	42.40232953166707	=IFERROR((F187-D187)/D187*100,"-")
187	K187	26.61185342570287	=IFERROR((H187-G187)/G187*100,"-")
187	L187	35571	=H187-G187
187	M187	65300	
187	N187	206787	
187	O187	272087	=M187+N187
187	U187	300	
187	AD187	300	=SUM(U187:AC187)
187	AH187	-4135.74	=N187-N187-(N187*0.02)
187	AI187	-4268.5199999999995	=L187-L187-(L187*0.12)
187	AP187	-66	=(AD187-AD187-(AD187*0.22))+(AN187-AN187-(AN187*0.22))+(AO187-AO187-(AO187*0.22))
188	A188	15	
188	B188	1861098	=B187+H187-O187-P187-Q187+R187-S187+T187
188	C188	139146	=ЗакПро!BT175
188	D188	61101	=ЗакПро!BU175
188	E188	171155	=ЗакПро!BV175
188	F188	90958	=ЗакПро!BW175
188	G188	200247	=SUM(C188:D188)
188	H188	262113	=SUM(E188:F188)
188	I188	23.003895189225705	=IFERROR((E188-C188)/C188*100,"-")
188	J188	48.86499402628435	=IFERROR((F188-D188)/D188*100,"-")
188	K188	30.89484486658976	=IFERROR((H188-G188)/G188*100,"-")
188	L188	61866	=H188-G188
188	M188	95000	
188	N188	362841	
188	O188	457841	=M188+N188
188	AD188	0	=SUM(U188:AC188)
188	AH188	-7256.82	=N188-N188-(N188*0.02)
188	AI188	-7423.92	=L188-L188-(L188*0.12)
188	AP188	0	=(AD188-AD188-(AD188*0.22))+(AN188-AN188-(AN188*0.22))+(AO188-AO188-(AO188*0.22))
189	A189	16	
189	B189	1665370	=B188+H188-O188-P188-Q188+R188-S188+T188
189	C189	269927	=ЗакПро!BY175
189	D189	31430	=ЗакПро!BZ175
189	E189	334098	=ЗакПро!CA175
189	F189	45677	=ЗакПро!CB175
189	G189	301357	=SUM(C189:D189)
189	H189	379775	=SUM(E189:F189)
189	I189	23.773464677486878	=IFERROR((E189-C189)/C189*100,"-")
189	J189	45.3293032134903	=IFERROR((F189-D189)/D189*100,"-")
189	K189	26.021628832248794	=IFERROR((H189-G189)/G189*100,"-")
189	L189	78418	=H189-G189
189	M189	44200	
189	N189	364677	
189	O189	408877	=M189+N189
189	Q189	1868	
189	AD189	0	=SUM(U189:AC189)
189	AH189	-7293.54	=N189-N189-(N189*0.02)
189	AI189	-9410.16	=L189-L189-(L189*0.12)
189	AP189	0	=(AD189-AD189-(AD189*0.22))+(AN189-AN189-(AN189*0.22))+(AO189-AO189-(AO189*0.22))
190	A190	17	
190	B190	1634400	=B189+H189-O189-P189-Q189+R189-S189+T189
190	C190	220463	=ЗакПро!CD175
190	D190	49778	=ЗакПро!CE175
190	E190	284398	=ЗакПро!CF175
190	F190	71668	=ЗакПро!CG175
190	G190	270241	=SUM(C190:D190)
190	H190	356066	=SUM(E190:F190)
190	I190	29.000331121321942	=IFERROR((E190-C190)/C190*100,"-")
190	J190	43.97525011049058	=IFERROR((F190-D190)/D190*100,"-")
190	K190	31.758689466069175	=IFERROR((H190-G190)/G190*100,"-")
190	L190	85825	=H190-G190
190	M190	55300	
190	N190	391239	
190	O190	446539	=M190+N190
190	AD190	0	=SUM(U190:AC190)
190	AH190	-7824.78	=N190-N190-(N190*0.02)
190	AI190	-10299	=L190-L190-(L190*0.12)
190	AP190	0	=(AD190-AD190-(AD190*0.22))+(AN190-AN190-(AN190*0.22))+(AO190-AO190-(AO190*0.22))
191	A191	18	
191	B191	1543927	=B190+H190-O190-P190-Q190+R190-S190+T190
191	C191	302744	=ЗакПро!CI175
191	D191	120819	=ЗакПро!CJ175
191	E191	384482	=ЗакПро!CK175
191	F191	178681	=ЗакПро!CL175
191	G191	423563	=SUM(C191:D191)
191	H191	563163	=SUM(E191:F191)
191	I191	26.999048701212907	=IFERROR((E191-C191)/C191*100,"-")
191	J191	47.891474023125504	=IFERROR((F191-D191)/D191*100,"-")
191	K191	32.95849731917094	=IFERROR((H191-G191)/G191*100,"-")
191	L191	139600	=H191-G191
191	M191	34500	
191	N191	483779	
191	O191	518279	=M191+N191
191	P191	1379	
191	AD191	0	=SUM(U191:AC191)
191	AH191	-9675.58	=N191-N191-(N191*0.02)
191	AI191	-16752	=L191-L191-(L191*0.12)
191	AP191	0	=(AD191-AD191-(AD191*0.22))+(AN191-AN191-(AN191*0.22))+(AO191-AO191-(AO191*0.22))
192	A192	19	
192	B192	1587432	=B191+H191-O191-P191-Q191+R191-S191+T191
192	C192	0	=ЗакПро!CN175
192	D192	0	=ЗакПро!CO175
192	E192	0	=ЗакПро!CP175
192	F192	0	=ЗакПро!CQ175
192	G192	0	=SUM(C192:D192)
192	H192	0	=SUM(E192:F192)
192	I192	-	=IFERROR((E192-C192)/C192*100,"-")
192	J192	-	=IFERROR((F192-D192)/D192*100,"-")
192	K192	-	=IFERROR((H192-G192)/G192*100,"-")
192	L192	0	=H192-G192
192	M192	70000	
192	N192	544987	
192	O192	614987	=M192+N192
192	Q192	1969	
192	AD192	0	=SUM(U192:AC192)
192	AH192	-10899.74	=N192-N192-(N192*0.02)
192	AI192	0	=L192-L192-(L192*0.12)
192	AJ192	131585	
192	AK192	65792	
192	AP192	0	=(AD192-AD192-(AD192*0.22))+(AN192-AN192-(AN192*0.22))+(AO192-AO192-(AO192*0.22))
193	A193	20	
193	B193	970476	=B192+H192-O192-P192-Q192+R192-S192+T192
193	C193	690860	=ЗакПро!CS175
193	D193	25046	=ЗакПро!CT175
193	E193	888503	=ЗакПро!CU175
193	F193	36883	=ЗакПро!CV175
193	G193	715906	=SUM(C193:D193)
193	H193	925386	=SUM(E193:F193)
193	I193	28.608256376110937	=IFERROR((E193-C193)/C193*100,"-")
193	J193	47.26103968697596	=IFERROR((F193-D193)/D193*100,"-")
193	K193	29.260824745148106	=IFERROR((H193-G193)/G193*100,"-")
193	L193	209480	=H193-G193
193	M193	55000	
193	N193	305233	
193	O193	360233	=M193+N193
193	Q193	10200	
193	AD193	0	=SUM(U193:AC193)
193	AH193	-6104.66	=N193-N193-(N193*0.02)
193	AI193	-25137.6	=L193-L193-(L193*0.12)
193	AP193	0	=(AD193-AD193-(AD193*0.22))+(AN193-AN193-(AN193*0.22))+(AO193-AO193-(AO193*0.22))
194	A194	21	
194	B194	1525429	=B193+H193-O193-P193-Q193+R193-S193+T193
194	C194	330237	=ЗакПро!CX175
194	D194	127145	=ЗакПро!CY175
194	E194	409900	=ЗакПро!CZ175
194	F194	184686	=ЗакПро!DA175
194	G194	457382	=SUM(C194:D194)
194	H194	594586	=SUM(E194:F194)
194	I194	24.122978345854644	=IFERROR((E194-C194)/C194*100,"-")
194	J194	45.25620354713123	=IFERROR((F194-D194)/D194*100,"-")
194	K194	29.997682462361873	=IFERROR((H194-G194)/G194*100,"-")
194	L194	137204	=H194-G194
194	M194	86300	
194	N194	264446	
194	O194	350746	=M194+N194
194	AD194	0	=SUM(U194:AC194)
194	AH194	-5288.92	=N194-N194-(N194*0.02)
194	AI194	-16464.48	=L194-L194-(L194*0.12)
194	AP194	0	=(AD194-AD194-(AD194*0.22))+(AN194-AN194-(AN194*0.22))+(AO194-AO194-(AO194*0.22))
195	A195	22	
195	B195	1769269	=B194+H194-O194-P194-Q194+R194-S194+T194
195	C195	238941	=ЗакПро!DC175
195	D195	78533	=ЗакПро!DD175
195	E195	292481	=ЗакПро!DE175
195	F195	112018	=ЗакПро!DF175
195	G195	317474	=SUM(C195:D195)
195	H195	404499	=SUM(E195:F195)
195	I195	22.407205125951595	=IFERROR((E195-C195)/C195*100,"-")
195	J195	42.63812664739663	=IFERROR((F195-D195)/D195*100,"-")
195	K195	27.411693556007737	=IFERROR((H195-G195)/G195*100,"-")
195	L195	87025	=H195-G195
195	M195	50000	
195	N195	375346	
195	O195	425346	=M195+N195
195	AD195	0	=SUM(U195:AC195)
195	AH195	-7506.92	=N195-N195-(N195*0.02)
195	AI195	-10443	=L195-L195-(L195*0.12)
195	AP195	0	=(AD195-AD195-(AD195*0.22))+(AN195-AN195-(AN195*0.22))+(AO195-AO195-(AO195*0.22))
196	A196	23	
196	B196	1748422	=B195+H195-O195-P195-Q195+R195-S195+T195
196	C196	284163	=ЗакПро!DH175
196	D196	98700	=ЗакПро!DI175
196	E196	348405	=ЗакПро!DJ175
196	F196	141962	=ЗакПро!DK175
196	G196	382863	=SUM(C196:D196)
196	H196	490367	=SUM(E196:F196)
196	I196	22.60744713421522	=IFERROR((E196-C196)/C196*100,"-")
196	J196	43.831813576494426	=IFERROR((F196-D196)/D196*100,"-")
196	K196	28.078973418690232	=IFERROR((H196-G196)/G196*100,"-")
196	L196	107504	=H196-G196
196	M196	50000	
196	N196	349565	
196	O196	399565	=M196+N196
196	AD196	0	=SUM(U196:AC196)
196	AH196	-6991.3	=N196-N196-(N196*0.02)
196	AI196	-12900.48	=L196-L196-(L196*0.12)
196	AP196	0	=(AD196-AD196-(AD196*0.22))+(AN196-AN196-(AN196*0.22))+(AO196-AO196-(AO196*0.22))
197	A197	24	
197	B197	1839224	=B196+H196-O196-P196-Q196+R196-S196+T196
197	C197	337983	=ЗакПро!DM175
197	D197	102010	=ЗакПро!DN175
197	E197	412120	=ЗакПро!DO175
197	F197	143097	=ЗакПро!DP175
197	G197	439993	=SUM(C197:D197)
197	H197	555217	=SUM(E197:F197)
197	I197	21.935126914667304	=IFERROR((E197-C197)/C197*100,"-")
197	J197	40.27742378198216	=IFERROR((F197-D197)/D197*100,"-")
197	K197	26.18768934960329	=IFERROR((H197-G197)/G197*100,"-")
197	L197	115224	=H197-G197
197	M197	50000	
197	N197	439165	
197	O197	489165	=M197+N197
197	AD197	0	=SUM(U197:AC197)
197	AH197	-8783.300000000001	=N197-N197-(N197*0.02)
197	AI197	-13826.88	=L197-L197-(L197*0.12)
197	AP197	0	=(AD197-AD197-(AD197*0.22))+(AN197-AN197-(AN197*0.22))+(AO197-AO197-(AO197*0.22))
198	A198	25	
198	B198	1905276	=B197+H197-O197-P197-Q197+R197-S197+T197
198	C198	344685	=ЗакПро!DR175
198	D198	95165	=ЗакПро!DS175
198	E198	427452	=ЗакПро!DT175
198	F198	135264	=ЗакПро!DU175
198	G198	439850	=SUM(C198:D198)
198	H198	562716	=SUM(E198:F198)
198	I198	24.012359110492188	=IFERROR((E198-C198)/C198*100,"-")
198	J198	42.13628960226974	=IFERROR((F198-D198)/D198*100,"-")
198	K198	27.933613731954075	=IFERROR((H198-G198)/G198*100,"-")
198	L198	122866	=H198-G198
198	M198	30000	
198	N198	342427	
198	O198	372427	=M198+N198
198	AD198	0	=SUM(U198:AC198)
198	AH198	-6848.54	=N198-N198-(N198*0.02)
198	AI198	-14743.92	=L198-L198-(L198*0.12)
198	AP198	0	=(AD198-AD198-(AD198*0.22))+(AN198-AN198-(AN198*0.22))+(AO198-AO198-(AO198*0.22))
199	A199	26	
199	B199	2095565	=B198+H198-O198-P198-Q198+R198-S198+T198
199	C199	0	=ЗакПро!DW175
199	D199	0	=ЗакПро!DX175
199	E199	0	=ЗакПро!DY175
199	F199	0	=ЗакПро!DZ175
199	G199	0	=SUM(C199:D199)
199	H199	0	=SUM(E199:F199)
199	I199	-	=IFERROR((E199-C199)/C199*100,"-")
199	J199	-	=IFERROR((F199-D199)/D199*100,"-")
199	K199	-	=IFERROR((H199-G199)/G199*100,"-")
199	L199	0	=H199-G199
199	M199	20000	
199	N199	436215	
199	O199	456215	=M199+N199
199	AD199	0	=SUM(U199:AC199)
199	AH199	-8724.3	=N199-N199-(N199*0.02)
199	AI199	0	=L199-L199-(L199*0.12)
199	AP199	0	=(AD199-AD199-(AD199*0.22))+(AN199-AN199-(AN199*0.22))+(AO199-AO199-(AO199*0.22))
200	A200	27	
200	B200	1639350	=B199+H199-O199-P199-Q199+R199-S199+T199
200	C200	592815	=ЗакПро!EB175
200	D200	24950	=ЗакПро!EC175
200	E200	720828	=ЗакПро!ED175
200	F200	34296	=ЗакПро!EE175
200	G200	617765	=SUM(C200:D200)
200	H200	755124	=SUM(E200:F200)
200	I200	21.594089218390224	=IFERROR((E200-C200)/C200*100,"-")
200	J200	37.45891783567134	=IFERROR((F200-D200)/D200*100,"-")
200	K200	22.234830396671875	=IFERROR((H200-G200)/G200*100,"-")
200	L200	137359	=H200-G200
200	M200	76000	
200	N200	258997	
200	O200	334997	=M200+N200
200	R200	-13671	
200	AD200	0	=SUM(U200:AC200)
200	AH200	-5179.9400000000005	=N200-N200-(N200*0.02)
200	AI200	-16483.079999999998	=L200-L200-(L200*0.12)
200	AP200	0	=(AD200-AD200-(AD200*0.22))+(AN200-AN200-(AN200*0.22))+(AO200-AO200-(AO200*0.22))
201	A201	28	
201	B201	2045806	=B200+H200-O200-P200-Q200+R200-S200+T200
201	C201	243220	=ЗакПро!EG175
201	D201	3640	=ЗакПро!EH175
201	E201	300421	=ЗакПро!EI175
201	F201	7980	=ЗакПро!EJ175
201	G201	246860	=SUM(C201:D201)
201	H201	308401	=SUM(E201:F201)
201	I201	23.518213962667545	=IFERROR((E201-C201)/C201*100,"-")
201	J201	119.23076923076923	=IFERROR((F201-D201)/D201*100,"-")
201	K201	24.929514704690916	=IFERROR((H201-G201)/G201*100,"-")
201	L201	61541	=H201-G201
201	M201	60000	
201	N201	354817	
201	O201	414817	=M201+N201
201	AD201	0	=SUM(U201:AC201)
201	AH201	-7096.34	=N201-N201-(N201*0.02)
201	AI201	-7384.92	=L201-L201-(L201*0.12)
201	AP201	0	=(AD201-AD201-(AD201*0.22))+(AN201-AN201-(AN201*0.22))+(AO201-AO201-(AO201*0.22))
202	A202	29	
202	B202	1939390	=B201+H201-O201-P201-Q201+R201-S201+T201
202	C202	457420	=ЗакПро!EL175
202	D202	40595	=ЗакПро!EM175
202	E202	566394	=ЗакПро!EN175
202	F202	63356	=ЗакПро!EO175
202	G202	498015	=SUM(C202:D202)
202	H202	629750	=SUM(E202:F202)
202	I202	23.823619430720125	=IFERROR((E202-C202)/C202*100,"-")
202	J202	56.06848134006651	=IFERROR((F202-D202)/D202*100,"-")
202	K202	26.452014497555293	=IFERROR((H202-G202)/G202*100,"-")
202	L202	131735	=H202-G202
202	M202	100000	
202	N202	608578	
202	O202	708578	=M202+N202
202	AD202	0	=SUM(U202:AC202)
202	AH202	-12171.56	=N202-N202-(N202*0.02)
202	AI202	-15808.199999999999	=L202-L202-(L202*0.12)
202	AP202	0	=(AD202-AD202-(AD202*0.22))+(AN202-AN202-(AN202*0.22))+(AO202-AO202-(AO202*0.22))
203	A203	30	
203	B203	1860562	=B202+H202-O202-P202-Q202+R202-S202+T202
203	C203	389572	=ЗакПро!EQ175
203	D203	24635	=ЗакПро!ER175
203	E203	476745	=ЗакПро!ES175
203	F203	34300	=ЗакПро!ET175
203	G203	414207	=SUM(C203:D203)
203	H203	511045	=SUM(E203:F203)
203	I203	22.376608175125522	=IFERROR((E203-C203)/C203*100,"-")
203	J203	39.23279886340572	=IFERROR((F203-D203)/D203*100,"-")
203	K203	23.37913169019355	=IFERROR((H203-G203)/G203*100,"-")
203	L203	96838	=H203-G203
203	M203	316926	
203	N203	475198	
203	O203	792124	=M203+N203
203	Q203	5846	
203	U203	600	
203	AD203	600	=SUM(U203:AC203)
203	AH203	-9503.960000000001	=N203-N203-(N203*0.02)
203	AI203	-11620.56	=L203-L203-(L203*0.12)
203	AJ203	52634	
203	AK203	26317	
203	AP203	-132	=(AD203-AD203-(AD203*0.22))+(AN203-AN203-(AN203*0.22))+(AO203-AO203-(AO203*0.22))
204	A204	31	
204	B204	1573637	=B203+H203-O203-P203-Q203+R203-S203+T203
204	C204	0	=ЗакПро!EV175
204	D204	0	=ЗакПро!EW175
204	E204	0	=ЗакПро!EX175
204	F204	0	=ЗакПро!EY175
204	G204	0	=SUM(C204:D204)
204	H204	0	=SUM(E204:F204)
204	I204	-	=IFERROR((E204-C204)/C204*100,"-")
204	J204	-	=IFERROR((F204-D204)/D204*100,"-")
204	K204	-	=IFERROR((H204-G204)/G204*100,"-")
204	L204	0	=H204-G204
204	O204	0	=M204+N204
204	AD204	0	=SUM(U204:AC204)
204	AH204	0	=N204-N204-(N204*0.02)
204	AI204	0	=L204-L204-(L204*0.12)
204	AJ204	131590	
204	AK204	65795	
204	AL204	92593	
204	AM204	46296	
204	AN204	176626	
204	AP204	-38857.72	=(AD204-AD204-(AD204*0.22))+(AN204-AN204-(AN204*0.22))+(AO204-AO204-(AO204*0.22))
205	A205	Итого	
205	C205	7916184	=SUM(C174:C204)
205	D205	1731482	=SUM(D174:D204)
205	E205	9793544	=SUM(E174:E204)
205	F205	2501126	=SUM(F174:F204)
205	G205	9647666	=SUM(G174:G204)
205	H205	12294670	=SUM(H174:H204)
205	I205	23.568444711603142	=IFERROR(AVERAGE(I174:I204),"-")
205	J205	46.859981142462416	=IFERROR(AVERAGE(J174:J204),"-")
205	K205	27.519741997706582	=IFERROR(AVERAGE(K174:K204),"-")
205	L205	2647004	=SUM(L174:L204)
205	M205	1829426	=SUM(M174:M204)
205	N205	10476253	=SUM(N174:N204)
205	O205	12305679	=SUM(O174:O204)
205	P205	1379	=SUM(P174:P204)
205	Q205	83407	=SUM(Q174:Q204)
205	R205	-13671	=SUM(R174:R204)
205	S205	0	=SUM(S174:S204)
205	T205	0	=SUM(T174:T204)
205	U205	900	=SUM(U174:U204)
205	V205	0	=SUM(V174:V204)
205	W205	8000	=SUM(W174:W204)
205	X205	21000	=SUM(X174:X204)
205	Y205	46000	=SUM(Y174:Y204)
205	Z205	0	=SUM(Z174:Z204)
205	AA205	0	=SUM(AA174:AA204)
205	AB205	0	=SUM(AB174:AB204)
205	AC205	0	=SUM(AC174:AC204)
205	AD205	75900	=SUM(AD174:AD204)
205	AE205	13000	=SUM(AE174:AE204)
205	AF205	50000	=SUM(AF174:AF204)
205	AG205	71400	=SUM(AG174:AG204)
205	AH205	-209525.05999999997	=SUM(AH174:AH204)
205	AI205	-317640.48000000004	=SUM(AI174:AI204)
205	AJ205	315809	=SUM(AJ174:AJ204)
205	AK205	157904	=SUM(AK174:AK204)
205	AL205	92593	=SUM(AL174:AL204)
205	AM205	46296	=SUM(AM174:AM204)
205	AN205	176626	=SUM(AN174:AN204)
205	AO205	0	=SUM(AO174:AO204)
205	AP205	-55555.72	=SUM(AP174:AP204)
229	A229	Май	
230	A230	Дата	
230	B230	Остаток	
230	C230	З. Коп	
230	D230	З. Мор	
230	E230	П. Коп	
230	F230	П. Мор	
230	G230	Закупка	
230	H230	Продажа	
230	I230	% коп	
230	J230	% мор	
230	K230	% общий	
230	L230	Грязная	
230	M230	Выр нал	
230	N230	Б/нал	
230	O230	Общая	
230	P230	Списания К.	
230	Q230	Списания М.	
230	R230	Перемещение	
230	S230	Уценка	
230	T230	Переоценка	
230	U230	Хоз. Нужды	
230	V230	Доставка	
230	W230	Уборка	
230	X230	Премия	
230	Y230	Выслуга	
230	Z230	Доплата	
230	AA230	Водитель	
230	AB230	Ком. Плат.	
230	AC230	Расходы	
230	AD230	Траты нал	
230	AE230	Вод. Б/нал	
230	AF230	Ком. Б/нал	
230	AG230	Аренда	
230	AH230	-% банк	
230	AI230	Налоги	
230	AJ230	Зарпл. Б/нал	
230	AK230	Налоги з/п	
230	AL230	Отпускные	
230	AM230	Налоги отпуск.	
230	AN230	Зарпл. Нал	
230	AO230	Отпуск. Нал	
230	AP230	НДФЛ 22%	
230	AQ230	Итог	
231	A231	1	
231	B231	1573637	=B204+H204-O204-P204-Q204+R204-S204+T204
231	C231	324138	=ЗакПро!B232
231	D231	64225	=ЗакПро!C232
231	E231	435740	=ЗакПро!D232
231	F231	92395	=ЗакПро!E232
231	G231	388363	=SUM(C231:D231)
231	H231	528135	=SUM(E231:F231)
231	I231	34.43039692970278	=IFERROR((E231-C231)/C231*100,"-")
231	J231	43.86142467886337	=IFERROR((F231-D231)/D231*100,"-")
231	K231	35.99004024585246	=IFERROR((H231-G231)/G231*100,"-")
231	L231	139772	=H231-G231
231	M231	16100	
231	N231	293191	
231	O231	309291	=M231+N231
231	Q231	6677	
231	U231	1100	
231	W231	8000	
231	Y231	46000	
231	AD231	55100	=SUM(U231:AC231)
231	AE231	13000	
231	AF231	50000	
231	AG231	71400	
231	AH231	-5863.82	=N231-N231-(N231*0.02)
231	AI231	-16772.64	=L231-L231-(L231*0.12)
231	AP231	-12122	=(AD231-AD231-(AD231*0.22))+(AN231-AN231-(AN231*0.22))+(AO231-AO231-(AO231*0.22))
231	AQ231	800294.8200000001	=L262-Q262-AD262-AE262-AF262-AG262+AH262+AI262-AJ262-AK262-AL262-AM262-AN262-AO262+AP262
232	A232	2	
232	B232	1785804	=B231+H231-O231-P231-Q231+R231-S231+T231
232	C232	135044	=ЗакПро!G232
232	D232	110887	=ЗакПро!H232
232	E232	174565	=ЗакПро!I232
232	F232	158614	=ЗакПро!J232
232	G232	245931	=SUM(C232:D232)
232	H232	333179	=SUM(E232:F232)
232	I232	29.26527650247327	=IFERROR((E232-C232)/C232*100,"-")
232	J232	43.04111392679034	=IFERROR((F232-D232)/D232*100,"-")
232	K232	35.476617425212766	=IFERROR((H232-G232)/G232*100,"-")
232	L232	87248	=H232-G232
232	M232	0	
232	N232	316914	
232	O232	316914	=M232+N232
232	P232	16645	
232	Q232	2994	
232	AD232	0	=SUM(U232:AC232)
232	AH232	-6338.28	=N232-N232-(N232*0.02)
232	AI232	-10469.76	=L232-L232-(L232*0.12)
232	AP232	0	=(AD232-AD232-(AD232*0.22))+(AN232-AN232-(AN232*0.22))+(AO232-AO232-(AO232*0.22))
233	A233	3	
233	B233	1782430	=B232+H232-O232-P232-Q232+R232-S232+T232
233	C233	0	=ЗакПро!L232
233	D233	0	=ЗакПро!M232
233	E233	0	=ЗакПро!N232
233	F233	0	=ЗакПро!O232
233	G233	0	=SUM(C233:D233)
233	H233	0	=SUM(E233:F233)
233	I233	-	=IFERROR((E233-C233)/C233*100,"-")
233	J233	-	=IFERROR((F233-D233)/D233*100,"-")
233	K233	-	=IFERROR((H233-G233)/G233*100,"-")
233	L233	0	=H233-G233
233	M233	25000	
233	N233	259364	
233	O233	284364	=M233+N233
233	AD233	0	=SUM(U233:AC233)
233	AH233	-5187.28	=N233-N233-(N233*0.02)
233	AI233	0	=L233-L233-(L233*0.12)
233	AP233	0	=(AD233-AD233-(AD233*0.22))+(AN233-AN233-(AN233*0.22))+(AO233-AO233-(AO233*0.22))
234	A234	4	
234	B234	1498066	=B233+H233-O233-P233-Q233+R233-S233+T233
234	C234	269336	=ЗакПро!Q232
234	D234	59868	=ЗакПро!R232
234	E234	327326	=ЗакПро!S232
234	F234	85591	=ЗакПро!T232
234	G234	329204	=SUM(C234:D234)
234	H234	412917	=SUM(E234:F234)
234	I234	21.530727418540412	=IFERROR((E234-C234)/C234*100,"-")
234	J234	42.96619228970401	=IFERROR((F234-D234)/D234*100,"-")
234	K234	25.42891337893829	=IFERROR((H234-G234)/G234*100,"-")
234	L234	83713	=H234-G234
234	M234	40000	
234	N234	296368	
234	O234	336368	=M234+N234
234	Q234	2770	
234	AD234	0	=SUM(U234:AC234)
234	AH234	-5927.36	=N234-N234-(N234*0.02)
234	AI234	-10045.56	=L234-L234-(L234*0.12)
234	AP234	0	=(AD234-AD234-(AD234*0.22))+(AN234-AN234-(AN234*0.22))+(AO234-AO234-(AO234*0.22))
235	A235	5	
235	B235	1571845	=B234+H234-O234-P234-Q234+R234-S234+T234
235	C235	219972	=ЗакПро!V232
235	D235	99449	=ЗакПро!W232
235	E235	270820	=ЗакПро!X232
235	F235	146916	=ЗакПро!Y232
235	G235	319421	=SUM(C235:D235)
235	H235	417736	=SUM(E235:F235)
235	I235	23.115669266997617	=IFERROR((E235-C235)/C235*100,"-")
235	J235	47.72999225733793	=IFERROR((F235-D235)/D235*100,"-")
235	K235	30.77912848560364	=IFERROR((H235-G235)/G235*100,"-")
235	L235	98315	=H235-G235
235	M235	40000	
235	N235	259805	
235	O235	299805	=M235+N235
235	AD235	0	=SUM(U235:AC235)
235	AH235	-5196.1	=N235-N235-(N235*0.02)
235	AI235	-11797.8	=L235-L235-(L235*0.12)
235	AP235	0	=(AD235-AD235-(AD235*0.22))+(AN235-AN235-(AN235*0.22))+(AO235-AO235-(AO235*0.22))
236	A236	6	
236	B236	1689776	=B235+H235-O235-P235-Q235+R235-S235+T235
236	C236	207505	=ЗакПро!AA232
236	D236	74344	=ЗакПро!AB232
236	E236	253519	=ЗакПро!AC232
236	F236	104710	=ЗакПро!AD232
236	G236	281849	=SUM(C236:D236)
236	H236	358229	=SUM(E236:F236)
236	I236	22.174887352112	=IFERROR((E236-C236)/C236*100,"-")
236	J236	40.845259873022705	=IFERROR((F236-D236)/D236*100,"-")
236	K236	27.099617170896472	=IFERROR((H236-G236)/G236*100,"-")
236	L236	76380	=H236-G236
236	M236	20000	
236	N236	438567	
236	O236	458567	=M236+N236
236	AD236	0	=SUM(U236:AC236)
236	AH236	-8771.34	=N236-N236-(N236*0.02)
236	AI236	-9165.6	=L236-L236-(L236*0.12)
236	AP236	0	=(AD236-AD236-(AD236*0.22))+(AN236-AN236-(AN236*0.22))+(AO236-AO236-(AO236*0.22))
237	A237	7	
237	B237	1589438	=B236+H236-O236-P236-Q236+R236-S236+T236
237	C237	449240	=ЗакПро!AF232
237	D237	105125	=ЗакПро!AG232
237	E237	543629	=ЗакПро!AH232
237	F237	140304	=ЗакПро!AI232
237	G237	554365	=SUM(C237:D237)
237	H237	683933	=SUM(E237:F237)
237	I237	21.01081827085745	=IFERROR((E237-C237)/C237*100,"-")
237	J237	33.46397146254459	=IFERROR((F237-D237)/D237*100,"-")
237	K237	23.372326896539285	=IFERROR((H237-G237)/G237*100,"-")
237	L237	129568	=H237-G237
237	M237	48000	
237	N237	242622	
237	O237	290622	=M237+N237
237	AD237	0	=SUM(U237:AC237)
237	AH237	-4852.4400000000005	=N237-N237-(N237*0.02)
237	AI237	-15548.16	=L237-L237-(L237*0.12)
237	AP237	0	=(AD237-AD237-(AD237*0.22))+(AN237-AN237-(AN237*0.22))+(AO237-AO237-(AO237*0.22))
238	A238	8	
238	B238	1982749	=B237+H237-O237-P237-Q237+R237-S237+T237
238	C238	215094	=ЗакПро!AK232
238	D238	42800	=ЗакПро!AL232
238	E238	266951	=ЗакПро!AM232
238	F238	59983	=ЗакПро!AN232
238	G238	257894	=SUM(C238:D238)
238	H238	326934	=SUM(E238:F238)
238	I238	24.108994207183837	=IFERROR((E238-C238)/C238*100,"-")
238	J238	40.14719626168225	=IFERROR((F238-D238)/D238*100,"-")
238	K238	26.77068873258005	=IFERROR((H238-G238)/G238*100,"-")
238	L238	69040	=H238-G238
238	M238	25000	
238	N238	410203	
238	O238	435203	=M238+N238
238	Q238	7635	
238	AD238	0	=SUM(U238:AC238)
238	AH238	-8204.06	=N238-N238-(N238*0.02)
238	AI238	-8284.8	=L238-L238-(L238*0.12)
238	AP238	0	=(AD238-AD238-(AD238*0.22))+(AN238-AN238-(AN238*0.22))+(AO238-AO238-(AO238*0.22))
239	A239	9	
239	B239	1866845	=B238+H238-O238-P238-Q238+R238-S238+T238
239	C239	0	=ЗакПро!AP232
239	D239	0	=ЗакПро!AQ232
239	E239	0	=ЗакПро!AR232
239	F239	0	=ЗакПро!AS232
239	G239	0	=SUM(C239:D239)
239	H239	0	=SUM(E239:F239)
239	I239	-	=IFERROR((E239-C239)/C239*100,"-")
239	J239	-	=IFERROR((F239-D239)/D239*100,"-")
239	K239	-	=IFERROR((H239-G239)/G239*100,"-")
239	L239	0	=H239-G239
239	M239	25000	
239	N239	228860	
239	O239	253860	=M239+N239
239	AD239	0	=SUM(U239:AC239)
239	AH239	-4577.2	=N239-N239-(N239*0.02)
239	AI239	0	=L239-L239-(L239*0.12)
239	AP239	0	=(AD239-AD239-(AD239*0.22))+(AN239-AN239-(AN239*0.22))+(AO239-AO239-(AO239*0.22))
240	A240	10	
240	B240	1612985	=B239+H239-O239-P239-Q239+R239-S239+T239
240	C240	0	=ЗакПро!AU232
240	D240	0	=ЗакПро!AV232
240	E240	0	=ЗакПро!AW232
240	F240	0	=ЗакПро!AX232
240	G240	0	=SUM(C240:D240)
240	H240	0	=SUM(E240:F240)
240	I240	-	=IFERROR((E240-C240)/C240*100,"-")
240	J240	-	=IFERROR((F240-D240)/D240*100,"-")
240	K240	-	=IFERROR((H240-G240)/G240*100,"-")
240	L240	0	=H240-G240
240	M240	20000	
240	N240	261099	
240	O240	281099	=M240+N240
240	Q240	11121	
240	AD240	0	=SUM(U240:AC240)
240	AH240	-5221.9800000000005	=N240-N240-(N240*0.02)
240	AI240	0	=L240-L240-(L240*0.12)
240	AP240	0	=(AD240-AD240-(AD240*0.22))+(AN240-AN240-(AN240*0.22))+(AO240-AO240-(AO240*0.22))
241	A241	11	
241	B241	1320765	=B240+H240-O240-P240-Q240+R240-S240+T240
241	C241	478308	=ЗакПро!AZ232
241	D241	67058	=ЗакПро!BA232
241	E241	590241	=ЗакПро!BB232
241	F241	93966	=ЗакПро!BC232
241	G241	545366	=SUM(C241:D241)
241	H241	684207	=SUM(E241:F241)
241	I241	23.40186657969342	=IFERROR((E241-C241)/C241*100,"-")
241	J241	40.12645769334009	=IFERROR((F241-D241)/D241*100,"-")
241	K241	25.458316066641483	=IFERROR((H241-G241)/G241*100,"-")
241	L241	138841	=H241-G241
241	M241	62100	
241	N241	278678	
241	O241	340778	=M241+N241
241	Q241	2454	
241	U241	1600	
241	AD241	1600	=SUM(U241:AC241)
241	AH241	-5573.56	=N241-N241-(N241*0.02)
241	AI241	-16660.92	=L241-L241-(L241*0.12)
241	AP241	-352	=(AD241-AD241-(AD241*0.22))+(AN241-AN241-(AN241*0.22))+(AO241-AO241-(AO241*0.22))
242	A242	12	
242	B242	1661740	=B241+H241-O241-P241-Q241+R241-S241+T241
242	C242	117360	=ЗакПро!BE232
242	D242	18895	=ЗакПро!BF232
242	E242	145159	=ЗакПро!BG232
242	F242	27340	=ЗакПро!BH232
242	G242	136255	=SUM(C242:D242)
242	H242	172499	=SUM(E242:F242)
242	I242	23.68694614860259	=IFERROR((E242-C242)/C242*100,"-")
242	J242	44.694363588250866	=IFERROR((F242-D242)/D242*100,"-")
242	K242	26.600124766063633	=IFERROR((H242-G242)/G242*100,"-")
242	L242	36244	=H242-G242
242	M242	30000	
242	N242	196629	
242	O242	226629	=M242+N242
242	AD242	0	=SUM(U242:AC242)
242	AH242	-3932.58	=N242-N242-(N242*0.02)
242	AI242	-4349.28	=L242-L242-(L242*0.12)
242	AP242	0	=(AD242-AD242-(AD242*0.22))+(AN242-AN242-(AN242*0.22))+(AO242-AO242-(AO242*0.22))
243	A243	13	
243	B243	1607610	=B242+H242-O242-P242-Q242+R242-S242+T242
243	C243	201820	=ЗакПро!BJ232
243	D243	15410	=ЗакПро!BK232
243	E243	253272	=ЗакПро!BL232
243	F243	19107	=ЗакПро!BM232
243	G243	217230	=SUM(C243:D243)
243	H243	272379	=SUM(E243:F243)
243	I243	25.494004558517492	=IFERROR((E243-C243)/C243*100,"-")
243	J243	23.99091499026606	=IFERROR((F243-D243)/D243*100,"-")
243	K243	25.38737743405607	=IFERROR((H243-G243)/G243*100,"-")
243	L243	55149	=H243-G243
243	M243	55000	
243	N243	221044	
243	O243	276044	=M243+N243
243	AD243	0	=SUM(U243:AC243)
243	AH243	-4420.88	=N243-N243-(N243*0.02)
243	AI243	-6617.88	=L243-L243-(L243*0.12)
243	AP243	0	=(AD243-AD243-(AD243*0.22))+(AN243-AN243-(AN243*0.22))+(AO243-AO243-(AO243*0.22))
244	A244	14	
244	B244	1603945	=B243+H243-O243-P243-Q243+R243-S243+T243
244	C244	235319	=ЗакПро!BO232
244	D244	41245	=ЗакПро!BP232
244	E244	292776	=ЗакПро!BQ232
244	F244	52574	=ЗакПро!BR232
244	G244	276564	=SUM(C244:D244)
244	H244	345350	=SUM(E244:F244)
244	I244	24.416642940009094	=IFERROR((E244-C244)/C244*100,"-")
244	J244	27.46757182688811	=IFERROR((F244-D244)/D244*100,"-")
244	K244	24.87163911427373	=IFERROR((H244-G244)/G244*100,"-")
244	L244	68786	=H244-G244
244	M244	45000	
244	N244	369712	
244	O244	414712	=M244+N244
244	Q244	12431	
244	AD244	0	=SUM(U244:AC244)
244	AH244	-7394.24	=N244-N244-(N244*0.02)
244	AI244	-8254.32	=L244-L244-(L244*0.12)
244	AP244	0	=(AD244-AD244-(AD244*0.22))+(AN244-AN244-(AN244*0.22))+(AO244-AO244-(AO244*0.22))
245	A245	15	
245	B245	1522152	=B244+H244-O244-P244-Q244+R244-S244+T244
245	C245	422925	=ЗакПро!BT232
245	D245	36894	=ЗакПро!BU232
245	E245	527414	=ЗакПро!BV232
245	F245	52841	=ЗакПро!BW232
245	G245	459819	=SUM(C245:D245)
245	H245	580255	=SUM(E245:F245)
245	I245	24.706271797600046	=IFERROR((E245-C245)/C245*100,"-")
245	J245	43.22383043313276	=IFERROR((F245-D245)/D245*100,"-")
245	K245	26.192045130801468	=IFERROR((H245-G245)/G245*100,"-")
245	L245	120436	=H245-G245
245	M245	55000	
245	N245	592927	
245	O245	647927	=M245+N245
245	Q245	5394	
245	AD245	0	=SUM(U245:AC245)
245	AH245	-11858.54	=N245-N245-(N245*0.02)
245	AI245	-14452.32	=L245-L245-(L245*0.12)
245	AP245	0	=(AD245-AD245-(AD245*0.22))+(AN245-AN245-(AN245*0.22))+(AO245-AO245-(AO245*0.22))
246	A246	16	
246	B246	1449086	=B245+H245-O245-P245-Q245+R245-S245+T245
246	C246	278600	=ЗакПро!BY232
246	D246	134710	=ЗакПро!BZ232
246	E246	352901	=ЗакПро!CA232
246	F246	199184	=ЗакПро!CB232
246	G246	413310	=SUM(C246:D246)
246	H246	552085	=SUM(E246:F246)
246	I246	26.669418521177313	=IFERROR((E246-C246)/C246*100,"-")
246	J246	47.8613317496845	=IFERROR((F246-D246)/D246*100,"-")
246	K246	33.57649222133507	=IFERROR((H246-G246)/G246*100,"-")
246	L246	138775	=H246-G246
246	M246	95000	
246	N246	394396	
246	O246	489396	=M246+N246
246	Q246	5336	
246	AD246	0	=SUM(U246:AC246)
246	AH246	-7887.92	=N246-N246-(N246*0.02)
246	AI246	-16653	=L246-L246-(L246*0.12)
246	AP246	0	=(AD246-AD246-(AD246*0.22))+(AN246-AN246-(AN246*0.22))+(AO246-AO246-(AO246*0.22))
247	A247	17	
247	B247	1506439	=B246+H246-O246-P246-Q246+R246-S246+T246
247	C247	0	=ЗакПро!CD232
247	D247	0	=ЗакПро!CE232
247	E247	0	=ЗакПро!CF232
247	F247	0	=ЗакПро!CG232
247	G247	0	=SUM(C247:D247)
247	H247	0	=SUM(E247:F247)
247	I247	-	=IFERROR((E247-C247)/C247*100,"-")
247	J247	-	=IFERROR((F247-D247)/D247*100,"-")
247	K247	-	=IFERROR((H247-G247)/G247*100,"-")
247	L247	0	=H247-G247
247	M247	50000	
247	N247	312583	
247	O247	362583	=M247+N247
247	AD247	0	=SUM(U247:AC247)
247	AH247	-6251.66	=N247-N247-(N247*0.02)
247	AI247	0	=L247-L247-(L247*0.12)
247	AP247	0	=(AD247-AD247-(AD247*0.22))+(AN247-AN247-(AN247*0.22))+(AO247-AO247-(AO247*0.22))
248	A248	18	
248	B248	1143856	=B247+H247-O247-P247-Q247+R247-S247+T247
248	C248	468526	=ЗакПро!CI232
248	D248	172014	=ЗакПро!CJ232
248	E248	596401	=ЗакПро!CK232
248	F248	243906	=ЗакПро!CL232
248	G248	640540	=SUM(C248:D248)
248	H248	840307	=SUM(E248:F248)
248	I248	27.293042435211706	=IFERROR((E248-C248)/C248*100,"-")
248	J248	41.7942725592103	=IFERROR((F248-D248)/D248*100,"-")
248	K248	31.18727948293627	=IFERROR((H248-G248)/G248*100,"-")
248	L248	199767	=H248-G248
248	M248	30000	
248	N248	254938	
248	O248	284938	=M248+N248
248	AD248	0	=SUM(U248:AC248)
248	AH248	-5098.76	=N248-N248-(N248*0.02)
248	AI248	-23972.04	=L248-L248-(L248*0.12)
248	AJ248	131585	
248	AK248	78951	
248	AP248	0	=(AD248-AD248-(AD248*0.22))+(AN248-AN248-(AN248*0.22))+(AO248-AO248-(AO248*0.22))
249	A249	19	
249	B249	1699225	=B248+H248-O248-P248-Q248+R248-S248+T248
249	C249	223640	=ЗакПро!CN232
249	D249	99500	=ЗакПро!CO232
249	E249	282932	=ЗакПро!CP232
249	F249	142131	=ЗакПро!CQ232
249	G249	323140	=SUM(C249:D249)
249	H249	425063	=SUM(E249:F249)
249	I249	26.512251833303523	=IFERROR((E249-C249)/C249*100,"-")
249	J249	42.845226130653266	=IFERROR((F249-D249)/D249*100,"-")
249	K249	31.54143714798539	=IFERROR((H249-G249)/G249*100,"-")
249	L249	101923	=H249-G249
249	M249	20000	
249	N249	339465	
249	O249	359465	=M249+N249
249	Q249	1253	
249	AD249	0	=SUM(U249:AC249)
249	AH249	-6789.3	=N249-N249-(N249*0.02)
249	AI249	-12230.76	=L249-L249-(L249*0.12)
249	AP249	0	=(AD249-AD249-(AD249*0.22))+(AN249-AN249-(AN249*0.22))+(AO249-AO249-(AO249*0.22))
250	A250	20	
250	B250	1763570	=B249+H249-O249-P249-Q249+R249-S249+T249
250	C250	102084	=ЗакПро!CS232
250	D250	3870	=ЗакПро!CT232
250	E250	129818	=ЗакПро!CU232
250	F250	7580	=ЗакПро!CV232
250	G250	105954	=SUM(C250:D250)
250	H250	137398	=SUM(E250:F250)
250	I250	27.167822577485207	=IFERROR((E250-C250)/C250*100,"-")
250	J250	95.8656330749354	=IFERROR((F250-D250)/D250*100,"-")
250	K250	29.677029654378316	=IFERROR((H250-G250)/G250*100,"-")
250	L250	31444	=H250-G250
250	M250	0	
250	N250	233959	
250	O250	233959	=M250+N250
250	P250	5596	
250	Q250	6527	
250	AD250	0	=SUM(U250:AC250)
250	AH250	-4679.18	=N250-N250-(N250*0.02)
250	AI250	-3773.2799999999997	=L250-L250-(L250*0.12)
250	AP250	0	=(AD250-AD250-(AD250*0.22))+(AN250-AN250-(AN250*0.22))+(AO250-AO250-(AO250*0.22))
251	A251	21	
251	B251	1654886	=B250+H250-O250-P250-Q250+R250-S250+T250
251	C251	283301	=ЗакПро!CX232
251	D251	81108	=ЗакПро!CY232
251	E251	361540	=ЗакПро!CZ232
251	F251	112087	=ЗакПро!DA232
251	G251	364409	=SUM(C251:D251)
251	H251	473627	=SUM(E251:F251)
251	I251	27.61691628338763	=IFERROR((E251-C251)/C251*100,"-")
251	J251	38.19475267544509	=IFERROR((F251-D251)/D251*100,"-")
251	K251	29.971268547154434	=IFERROR((H251-G251)/G251*100,"-")
251	L251	109218	=H251-G251
251	M251	0	
251	N251	466623	
251	O251	466623	=M251+N251
251	Q251	7717	
251	AD251	0	=SUM(U251:AC251)
251	AH251	-9332.460000000001	=N251-N251-(N251*0.02)
251	AI251	-13106.16	=L251-L251-(L251*0.12)
251	AP251	0	=(AD251-AD251-(AD251*0.22))+(AN251-AN251-(AN251*0.22))+(AO251-AO251-(AO251*0.22))
252	A252	22	
252	B252	1654173	=B251+H251-O251-P251-Q251+R251-S251+T251
252	C252	248502	=ЗакПро!DC232
252	D252	36445	=ЗакПро!DD232
252	E252	330267	=ЗакПро!DE232
252	F252	52714	=ЗакПро!DF232
252	G252	284947	=SUM(C252:D252)
252	H252	382981	=SUM(E252:F252)
252	I252	32.90315570900838	=IFERROR((E252-C252)/C252*100,"-")
252	J252	44.63986829469063	=IFERROR((F252-D252)/D252*100,"-")
252	K252	34.40429272812137	=IFERROR((H252-G252)/G252*100,"-")
252	L252	98034	=H252-G252
252	M252	20000	
252	N252	383211	
252	O252	403211	=M252+N252
252	AD252	0	=SUM(U252:AC252)
252	AH252	-7664.22	=N252-N252-(N252*0.02)
252	AI252	-11764.08	=L252-L252-(L252*0.12)
252	AP252	0	=(AD252-AD252-(AD252*0.22))+(AN252-AN252-(AN252*0.22))+(AO252-AO252-(AO252*0.22))
253	A253	23	
253	B253	1633943	=B252+H252-O252-P252-Q252+R252-S252+T252
253	C253	336260	=ЗакПро!DH232
253	D253	201952	=ЗакПро!DI232
253	E253	420906	=ЗакПро!DJ232
253	F253	289341	=ЗакПро!DK232
253	G253	538212	=SUM(C253:D253)
253	H253	710247	=SUM(E253:F253)
253	I253	25.172782965562362	=IFERROR((E253-C253)/C253*100,"-")
253	J253	43.272163682459194	=IFERROR((F253-D253)/D253*100,"-")
253	K253	31.96417025261421	=IFERROR((H253-G253)/G253*100,"-")
253	L253	172035	=H253-G253
253	M253	20000	
253	N253	347869	
253	O253	367869	=M253+N253
253	AD253	0	=SUM(U253:AC253)
253	AH253	-6957.38	=N253-N253-(N253*0.02)
253	AI253	-20644.2	=L253-L253-(L253*0.12)
253	AP253	0	=(AD253-AD253-(AD253*0.22))+(AN253-AN253-(AN253*0.22))+(AO253-AO253-(AO253*0.22))
254	A254	24	
254	B254	1976321	=B253+H253-O253-P253-Q253+R253-S253+T253
254	C254	0	=ЗакПро!DM232
254	D254	0	=ЗакПро!DN232
254	E254	0	=ЗакПро!DO232
254	F254	0	=ЗакПро!DP232
254	G254	0	=SUM(C254:D254)
254	H254	0	=SUM(E254:F254)
254	I254	-	=IFERROR((E254-C254)/C254*100,"-")
254	J254	-	=IFERROR((F254-D254)/D254*100,"-")
254	K254	-	=IFERROR((H254-G254)/G254*100,"-")
254	L254	0	=H254-G254
254	M254	0	
254	N254	317610	
254	O254	317610	=M254+N254
254	AD254	0	=SUM(U254:AC254)
254	AH254	-6352.2	=N254-N254-(N254*0.02)
254	AI254	0	=L254-L254-(L254*0.12)
254	AP254	0	=(AD254-AD254-(AD254*0.22))+(AN254-AN254-(AN254*0.22))+(AO254-AO254-(AO254*0.22))
255	A255	25	
255	B255	1658711	=B254+H254-O254-P254-Q254+R254-S254+T254
255	C255	517682	=ЗакПро!DR232
255	D255	57489	=ЗакПро!DS232
255	E255	644766	=ЗакПро!DT232
255	F255	85851	=ЗакПро!DU232
255	G255	575171	=SUM(C255:D255)
255	H255	730617	=SUM(E255:F255)
255	I255	24.548661147190746	=IFERROR((E255-C255)/C255*100,"-")
255	J255	49.3346553253666	=IFERROR((F255-D255)/D255*100,"-")
255	K255	27.026049644366633	=IFERROR((H255-G255)/G255*100,"-")
255	L255	155446	=H255-G255
255	M255	20000	
255	N255	412856	
255	O255	432856	=M255+N255
255	Q255	4963	
255	AD255	0	=SUM(U255:AC255)
255	AH255	-8257.12	=N255-N255-(N255*0.02)
255	AI255	-18653.52	=L255-L255-(L255*0.12)
255	AP255	0	=(AD255-AD255-(AD255*0.22))+(AN255-AN255-(AN255*0.22))+(AO255-AO255-(AO255*0.22))
256	A256	26	
256	B256	1951509	=B255+H255-O255-P255-Q255+R255-S255+T255
256	C256	227810	=ЗакПро!DW232
256	D256	48620	=ЗакПро!DX232
256	E256	280031	=ЗакПро!DY232
256	F256	70947	=ЗакПро!DZ232
256	G256	276430	=SUM(C256:D256)
256	H256	350978	=SUM(E256:F256)
256	I256	22.92304991001273	=IFERROR((E256-C256)/C256*100,"-")
256	J256	45.9214315096668	=IFERROR((F256-D256)/D256*100,"-")
256	K256	26.96812936367254	=IFERROR((H256-G256)/G256*100,"-")
256	L256	74548	=H256-G256
256	M256	200	
256	N256	320852	
256	O256	321052	=M256+N256
256	U256	200	
256	AD256	200	=SUM(U256:AC256)
256	AH256	-6417.04	=N256-N256-(N256*0.02)
256	AI256	-8945.76	=L256-L256-(L256*0.12)
256	AP256	-44	=(AD256-AD256-(AD256*0.22))+(AN256-AN256-(AN256*0.22))+(AO256-AO256-(AO256*0.22))
257	A257	27	
257	B257	1981435	=B256+H256-O256-P256-Q256+R256-S256+T256
257	C257	178967	=ЗакПро!EB232
257	D257	858	=ЗакПро!EC232
257	E257	221445	=ЗакПро!ED232
257	F257	1257	=ЗакПро!EE232
257	G257	179825	=SUM(C257:D257)
257	H257	222702	=SUM(E257:F257)
257	I257	23.735102002045068	=IFERROR((E257-C257)/C257*100,"-")
257	J257	46.50349650349651	=IFERROR((F257-D257)/D257*100,"-")
257	K257	23.843736966495204	=IFERROR((H257-G257)/G257*100,"-")
257	L257	42877	=H257-G257
257	M257	67350	
257	N257	391233	
257	O257	458583	=M257+N257
257	U257	17350	
257	AD257	17350	=SUM(U257:AC257)
257	AH257	-7824.66	=N257-N257-(N257*0.02)
257	AI257	-5145.24	=L257-L257-(L257*0.12)
257	AP257	-3817	=(AD257-AD257-(AD257*0.22))+(AN257-AN257-(AN257*0.22))+(AO257-AO257-(AO257*0.22))
258	A258	28	
258	B258	1745554	=B257+H257-O257-P257-Q257+R257-S257+T257
258	C258	408973	=ЗакПро!EG232
258	D258	28840	=ЗакПро!EH232
258	E258	502063	=ЗакПро!EI232
258	F258	41171	=ЗакПро!EJ232
258	G258	437813	=SUM(C258:D258)
258	H258	543234	=SUM(E258:F258)
258	I258	22.761893816951243	=IFERROR((E258-C258)/C258*100,"-")
258	J258	42.75658807212206	=IFERROR((F258-D258)/D258*100,"-")
258	K258	24.079001765593986	=IFERROR((H258-G258)/G258*100,"-")
258	L258	105421	=H258-G258
258	M258	0	
258	N258	526787	
258	O258	526787	=M258+N258
258	AD258	0	=SUM(U258:AC258)
258	AH258	-10535.74	=N258-N258-(N258*0.02)
258	AI258	-12650.52	=L258-L258-(L258*0.12)
258	AP258	0	=(AD258-AD258-(AD258*0.22))+(AN258-AN258-(AN258*0.22))+(AO258-AO258-(AO258*0.22))
259	A259	29	
259	B259	1762001	=B258+H258-O258-P258-Q258+R258-S258+T258
259	C259	277304	=ЗакПро!EL232
259	D259	42618	=ЗакПро!EM232
259	E259	371492	=ЗакПро!EN232
259	F259	65237	=ЗакПро!EO232
259	G259	319922	=SUM(C259:D259)
259	H259	436729	=SUM(E259:F259)
259	I259	33.96561174739636	=IFERROR((E259-C259)/C259*100,"-")
259	J259	53.073818574311325	=IFERROR((F259-D259)/D259*100,"-")
259	K259	36.51108707747513	=IFERROR((H259-G259)/G259*100,"-")
259	L259	116807	=H259-G259
259	M259	36000	
259	N259	626336	
259	O259	662336	=M259+N259
259	AD259	0	=SUM(U259:AC259)
259	AH259	-12526.720000000001	=N259-N259-(N259*0.02)
259	AI259	-14016.84	=L259-L259-(L259*0.12)
259	AJ259	52634	
259	AK259	26317	
259	AP259	0	=(AD259-AD259-(AD259*0.22))+(AN259-AN259-(AN259*0.22))+(AO259-AO259-(AO259*0.22))
260	A260	30	
260	B260	1536394	=B259+H259-O259-P259-Q259+R259-S259+T259
260	C260	563654	=ЗакПро!EQ232
260	D260	193297	=ЗакПро!ER232
260	E260	695104	=ЗакПро!ES232
260	F260	278238	=ЗакПро!ET232
260	G260	756951	=SUM(C260:D260)
260	H260	973342	=SUM(E260:F260)
260	I260	23.321044470543985	=IFERROR((E260-C260)/C260*100,"-")
260	J260	43.943258301991236	=IFERROR((F260-D260)/D260*100,"-")
260	K260	28.587187281607395	=IFERROR((H260-G260)/G260*100,"-")
260	L260	216391	=H260-G260
260	M260	0	
260	N260	313886	
260	O260	313886	=M260+N260
260	Q260	5437	
260	AD260	0	=SUM(U260:AC260)
260	AH260	-6277.72	=N260-N260-(N260*0.02)
260	AI260	-25966.92	=L260-L260-(L260*0.12)
260	AJ260	26318	
260	AK260	13159	
260	AP260	0	=(AD260-AD260-(AD260*0.22))+(AN260-AN260-(AN260*0.22))+(AO260-AO260-(AO260*0.22))
261	A261	31	
261	B261	2190413	=B260+H260-O260-P260-Q260+R260-S260+T260
261	C261	0	=ЗакПро!EV232
261	D261	0	=ЗакПро!EW232
261	E261	0	=ЗакПро!EX232
261	F261	0	=ЗакПро!EY232
261	G261	0	=SUM(C261:D261)
261	H261	0	=SUM(E261:F261)
261	I261	-	=IFERROR((E261-C261)/C261*100,"-")
261	J261	-	=IFERROR((F261-D261)/D261*100,"-")
261	K261	-	=IFERROR((H261-G261)/G261*100,"-")
261	L261	0	=H261-G261
261	M261	335905	
261	N261	358704	
261	O261	694609	=M261+N261
261	AD261	0	=SUM(U261:AC261)
261	AH261	-7174.08	=N261-N261-(N261*0.02)
261	AI261	0	=L261-L261-(L261*0.12)
261	AJ261	105272	
261	AK261	65795	
261	AL261	186800	
261	AM261	93400	
261	AN261	200550	
261	AP261	-44121	=(AD261-AD261-(AD261*0.22))+(AN261-AN261-(AN261*0.22))+(AO261-AO261-(AO261*0.22))
262	A262	Итого	
262	C262	7391364	=SUM(C231:C261)
262	D262	1837521	=SUM(D231:D261)
262	E262	9271078	=SUM(E231:E261)
262	F262	2623985	=SUM(F231:F261)
262	G262	9228885	=SUM(G231:G261)
262	H262	11895063	=SUM(H231:H261)
262	I262	25.67733021566265	=IFERROR(AVERAGE(I231:I261),"-")
262	J262	44.302591429434244	=IFERROR(AVERAGE(J231:J261),"-")
262	K262	28.910559879247806	=IFERROR(AVERAGE(K231:K261),"-")
262	L262	2666178	=SUM(L231:L261)
262	M262	1200655	=SUM(M231:M261)
262	N262	10667291	=SUM(N231:N261)
262	O262	11867946	=SUM(O231:O261)
262	P262	22241	=SUM(P231:P261)
262	Q262	82709	=SUM(Q231:Q261)
262	R262	0	=SUM(R231:R261)
262	S262	0	=SUM(S231:S261)
262	T262	0	=SUM(T231:T261)
262	U262	20250	=SUM(U231:U261)
262	V262	0	=SUM(V231:V261)
262	W262	8000	=SUM(W231:W261)
262	X262	0	=SUM(X231:X261)
262	Y262	46000	=SUM(Y231:Y261)
262	Z262	0	=SUM(Z231:Z261)
262	AA262	0	=SUM(AA231:AA261)
262	AB262	0	=SUM(AB231:AB261)
262	AC262	0	=SUM(AC231:AC261)
262	AD262	74250	=SUM(AD231:AD261)
262	AE262	13000	=SUM(AE231:AE261)
262	AF262	50000	=SUM(AF231:AF261)
262	AG262	71400	=SUM(AG231:AG261)
262	AH262	-213345.82	=SUM(AH231:AH261)
262	AI262	-319941.36000000004	=SUM(AI231:AI261)
262	AJ262	315809	=SUM(AJ231:AJ261)
262	AK262	184222	=SUM(AK231:AK261)
262	AL262	186800	=SUM(AL231:AL261)
262	AM262	93400	=SUM(AM231:AM261)
262	AN262	200550	=SUM(AN231:AN261)
262	AO262	0	=SUM(AO231:AO261)
262	AP262	-60456	=SUM(AP231:AP261)
286	A286	Июнь	
287	A287	Дата	
287	B287	Остаток	
287	C287	З. Коп	
287	D287	З. Мор	
287	E287	П. Коп	
287	F287	П. Мор	
287	G287	Закупка	
287	H287	Продажа	
287	I287	% коп	
287	J287	% мор	
287	K287	% общий	
287	L287	Грязная	
287	M287	Выр нал	
287	N287	Б/нал	
287	O287	Общая	
287	P287	Списания К.	
287	Q287	Списания М.	
287	R287	Перемещение	
287	S287	Уценка	
287	T287	Переоценка	
287	U287	Хоз. Нужды	
287	V287	Доставка	
287	W287	Уборка	
287	X287	Премия	
287	Y287	Выслуга	
287	Z287	Доплата	
287	AA287	Водитель	
287	AB287	Ком. Плат.	
287	AC287	Расходы	
287	AD287	Траты нал	
287	AE287	Вод. Б/нал	
287	AF287	Ком. Б/нал	
287	AG287	Аренда	
287	AH287	-% банк	
287	AI287	Налоги	
287	AJ287	Зарпл. Б/нал	
287	AK287	Налоги з/п	
287	AL287	Отпускные	
287	AM287	Налоги отпуск.	
287	AN287	Зарпл. Нал	
287	AO287	Отпуск. Нал	
287	AP287	НДФЛ 22%	
287	AQ287	Итог	
288	A288	1	
288	B288	1495804	=B261+H261-O261-P261-Q261+R261-S261+T261
288	C288	617946	=ЗакПро!B289
288	D288	20240	=ЗакПро!C289
288	E288	776905	=ЗакПро!D289
288	F288	29431	=ЗакПро!E289
288	G288	638186	=SUM(C288:D288)
288	H288	806336	=SUM(E288:F288)
288	I288	25.723768743547172	=IFERROR((E288-C288)/C288*100,"-")
288	J288	45.4100790513834	=IFERROR((F288-D288)/D288*100,"-")
288	K288	26.348117946805477	=IFERROR((H288-G288)/G288*100,"-")
288	L288	168150	=H288-G288
288	M288	14000	
288	N288	418609	
288	O288	432609	=M288+N288
288	W288	8000	
288	Y288	46000	
288	AD288	54000	=SUM(U288:AC288)
288	AE288	13000	
288	AF288	50000	
288	AG288	71400	
288	AH288	-8372.18	=N288-N288-(N288*0.02)
288	AI288	-20178	=L288-L288-(L288*0.12)
288	AP288	-11880	=(AD288-AD288-(AD288*0.22))+(AN288-AN288-(AN288*0.22))+(AO288-AO288-(AO288*0.22))
288	AQ288	1335752.4800000002	=L319-Q319-AD319-AE319-AF319-AG319+AH319+AI319-AJ319-AK319-AL319-AM319-AN319-AO319+AP319
289	A289	2	
289	B289	1869531	=B288+H288-O288-P288-Q288+R288-S288+T288
289	C289	159690	=ЗакПро!G289
289	D289	68925	=ЗакПро!H289
289	E289	199518	=ЗакПро!I289
289	F289	97381	=ЗакПро!J289
289	G289	228615	=SUM(C289:D289)
289	H289	296899	=SUM(E289:F289)
289	I289	24.940822844260754	=IFERROR((E289-C289)/C289*100,"-")
289	J289	41.285455204932894	=IFERROR((F289-D289)/D289*100,"-")
289	K289	29.86855630645408	=IFERROR((H289-G289)/G289*100,"-")
289	L289	68284	=H289-G289
289	M289	42360	
289	N289	340099	
289	O289	382459	=M289+N289
289	U289	2360	
289	AD289	2360	=SUM(U289:AC289)
289	AH289	-6801.9800000000005	=N289-N289-(N289*0.02)
289	AI289	-8194.08	=L289-L289-(L289*0.12)
289	AP289	-519.2	=(AD289-AD289-(AD289*0.22))+(AN289-AN289-(AN289*0.22))+(AO289-AO289-(AO289*0.22))
290	A290	3	
290	B290	1783971	=B289+H289-O289-P289-Q289+R289-S289+T289
290	C290	141634	=ЗакПро!L289
290	D290	7550	=ЗакПро!M289
290	E290	171852	=ЗакПро!N289
290	F290	10890	=ЗакПро!O289
290	G290	149184	=SUM(C290:D290)
290	H290	182742	=SUM(E290:F290)
290	I290	21.335272604035755	=IFERROR((E290-C290)/C290*100,"-")
290	J290	44.23841059602649	=IFERROR((F290-D290)/D290*100,"-")
290	K290	22.49436936936937	=IFERROR((H290-G290)/G290*100,"-")
290	L290	33558	=H290-G290
290	M290	45000	
290	N290	409744	
290	O290	454744	=M290+N290
290	Q290	9859	
290	AD290	0	=SUM(U290:AC290)
290	AH290	-8194.880000000001	=N290-N290-(N290*0.02)
290	AI290	-4026.96	=L290-L290-(L290*0.12)
290	AP290	0	=(AD290-AD290-(AD290*0.22))+(AN290-AN290-(AN290*0.22))+(AO290-AO290-(AO290*0.22))
291	A291	4	
291	B291	1502110	=B290+H290-O290-P290-Q290+R290-S290+T290
291	C291	226870	=ЗакПро!Q289
291	D291	229675	=ЗакПро!R289
291	E291	279615	=ЗакПро!S289
291	F291	322555	=ЗакПро!T289
291	G291	456545	=SUM(C291:D291)
291	H291	602170	=SUM(E291:F291)
291	I291	23.248997223079297	=IFERROR((E291-C291)/C291*100,"-")
291	J291	40.43975182322848	=IFERROR((F291-D291)/D291*100,"-")
291	K291	31.89718428632446	=IFERROR((H291-G291)/G291*100,"-")
291	L291	145625	=H291-G291
291	M291	25000	
291	N291	452225	
291	O291	477225	=M291+N291
291	AD291	0	=SUM(U291:AC291)
291	AH291	-9044.5	=N291-N291-(N291*0.02)
291	AI291	-17475	=L291-L291-(L291*0.12)
291	AP291	0	=(AD291-AD291-(AD291*0.22))+(AN291-AN291-(AN291*0.22))+(AO291-AO291-(AO291*0.22))
292	A292	5	
292	B292	1627055	=B291+H291-O291-P291-Q291+R291-S291+T291
292	C292	329883	=ЗакПро!V289
292	D292	97245	=ЗакПро!W289
292	E292	409063	=ЗакПро!X289
292	F292	130127	=ЗакПро!Y289
292	G292	427128	=SUM(C292:D292)
292	H292	539190	=SUM(E292:F292)
292	I292	24.002449353255546	=IFERROR((E292-C292)/C292*100,"-")
292	J292	33.813563679366546	=IFERROR((F292-D292)/D292*100,"-")
292	K292	26.236163398325562	=IFERROR((H292-G292)/G292*100,"-")
292	L292	112062	=H292-G292
292	M292	55000	
292	N292	455437	
292	O292	510437	=M292+N292
292	P292	20241	
292	AD292	0	=SUM(U292:AC292)
292	AH292	-9108.74	=N292-N292-(N292*0.02)
292	AI292	-13447.439999999999	=L292-L292-(L292*0.12)
292	AP292	0	=(AD292-AD292-(AD292*0.22))+(AN292-AN292-(AN292*0.22))+(AO292-AO292-(AO292*0.22))
293	A293	6	
293	B293	1635567	=B292+H292-O292-P292-Q292+R292-S292+T292
293	C293	452257	=ЗакПро!AA289
293	D293	95210	=ЗакПро!AB289
293	E293	559938	=ЗакПро!AC289
293	F293	142385	=ЗакПро!AD289
293	G293	547467	=SUM(C293:D293)
293	H293	702323	=SUM(E293:F293)
293	I293	23.809692276736456	=IFERROR((E293-C293)/C293*100,"-")
293	J293	49.548366768196615	=IFERROR((F293-D293)/D293*100,"-")
293	K293	28.285905817154276	=IFERROR((H293-G293)/G293*100,"-")
293	L293	154856	=H293-G293
293	M293	0	
293	N293	425622	
293	O293	425622	=M293+N293
293	AD293	0	=SUM(U293:AC293)
293	AH293	-8512.44	=N293-N293-(N293*0.02)
293	AI293	-18582.719999999998	=L293-L293-(L293*0.12)
293	AP293	0	=(AD293-AD293-(AD293*0.22))+(AN293-AN293-(AN293*0.22))+(AO293-AO293-(AO293*0.22))
294	A294	7	
294	B294	1912268	=B293+H293-O293-P293-Q293+R293-S293+T293
294	C294	0	=ЗакПро!AF289
294	D294	0	=ЗакПро!AG289
294	E294	0	=ЗакПро!AH289
294	F294	0	=ЗакПро!AI289
294	G294	0	=SUM(C294:D294)
294	H294	0	=SUM(E294:F294)
294	I294	-	=IFERROR((E294-C294)/C294*100,"-")
294	J294	-	=IFERROR((F294-D294)/D294*100,"-")
294	K294	-	=IFERROR((H294-G294)/G294*100,"-")
294	L294	0	=H294-G294
294	M294	15500	
294	N294	253580	
294	O294	269080	=M294+N294
294	U294	500	
294	AD294	500	=SUM(U294:AC294)
294	AH294	-5071.6	=N294-N294-(N294*0.02)
294	AI294	0	=L294-L294-(L294*0.12)
294	AP294	-110	=(AD294-AD294-(AD294*0.22))+(AN294-AN294-(AN294*0.22))+(AO294-AO294-(AO294*0.22))
295	A295	8	
295	B295	1643188	=B294+H294-O294-P294-Q294+R294-S294+T294
295	C295	544586	=ЗакПро!AK289
295	D295	56178	=ЗакПро!AL289
295	E295	658756	=ЗакПро!AM289
295	F295	74179	=ЗакПро!AN289
295	G295	600764	=SUM(C295:D295)
295	H295	732935	=SUM(E295:F295)
295	I295	20.964549217203526	=IFERROR((E295-C295)/C295*100,"-")
295	J295	32.042792552244656	=IFERROR((F295-D295)/D295*100,"-")
295	K295	22.000486047765843	=IFERROR((H295-G295)/G295*100,"-")
295	L295	132171	=H295-G295
295	M295	80000	
295	N295	278317	
295	O295	358317	=M295+N295
295	P295	1830	
295	AD295	0	=SUM(U295:AC295)
295	AH295	-5566.34	=N295-N295-(N295*0.02)
295	AI295	-15860.519999999999	=L295-L295-(L295*0.12)
295	AP295	0	=(AD295-AD295-(AD295*0.22))+(AN295-AN295-(AN295*0.22))+(AO295-AO295-(AO295*0.22))
296	A296	9	
296	B296	2015976	=B295+H295-O295-P295-Q295+R295-S295+T295
296	C296	67036	=ЗакПро!AP289
296	D296	75021	=ЗакПро!AQ289
296	E296	82470	=ЗакПро!AR289
296	F296	105429	=ЗакПро!AS289
296	G296	142057	=SUM(C296:D296)
296	H296	187899	=SUM(E296:F296)
296	I296	23.023450086520675	=IFERROR((E296-C296)/C296*100,"-")
296	J296	40.532650857759826	=IFERROR((F296-D296)/D296*100,"-")
296	K296	32.27014508260769	=IFERROR((H296-G296)/G296*100,"-")
296	L296	45842	=H296-G296
296	M296	30000	
296	N296	317337	
296	O296	347337	=M296+N296
296	P296	7023	
296	Q296	2078	
296	AD296	0	=SUM(U296:AC296)
296	AH296	-6346.74	=N296-N296-(N296*0.02)
296	AI296	-5501.04	=L296-L296-(L296*0.12)
296	AP296	0	=(AD296-AD296-(AD296*0.22))+(AN296-AN296-(AN296*0.22))+(AO296-AO296-(AO296*0.22))
297	A297	10	
297	B297	1847437	=B296+H296-O296-P296-Q296+R296-S296+T296
297	C297	239283	=ЗакПро!AU289
297	D297	58855	=ЗакПро!AV289
297	E297	290959	=ЗакПро!AW289
297	F297	75093	=ЗакПро!AX289
297	G297	298138	=SUM(C297:D297)
297	H297	366052	=SUM(E297:F297)
297	I297	21.59618527016127	=IFERROR((E297-C297)/C297*100,"-")
297	J297	27.58983943590179	=IFERROR((F297-D297)/D297*100,"-")
297	K297	22.779384043630802	=IFERROR((H297-G297)/G297*100,"-")
297	L297	67914	=H297-G297
297	M297	70000	
297	N297	382856	
297	O297	452856	=M297+N297
297	AD297	0	=SUM(U297:AC297)
297	AH297	-7657.12	=N297-N297-(N297*0.02)
297	AI297	-8149.679999999999	=L297-L297-(L297*0.12)
297	AP297	0	=(AD297-AD297-(AD297*0.22))+(AN297-AN297-(AN297*0.22))+(AO297-AO297-(AO297*0.22))
298	A298	11	
298	B298	1760633	=B297+H297-O297-P297-Q297+R297-S297+T297
298	C298	307574	=ЗакПро!AZ289
298	D298	77905	=ЗакПро!BA289
298	E298	379903	=ЗакПро!BB289
298	F298	111033	=ЗакПро!BC289
298	G298	385479	=SUM(C298:D298)
298	H298	490936	=SUM(E298:F298)
298	I298	23.515966889268924	=IFERROR((E298-C298)/C298*100,"-")
298	J298	42.52358641935691	=IFERROR((F298-D298)/D298*100,"-")
298	K298	27.357391712648422	=IFERROR((H298-G298)/G298*100,"-")
298	L298	105457	=H298-G298
298	M298	50000	
298	N298	584612	
298	O298	634612	=M298+N298
298	P298	21190	
298	Q298	16470	
298	AD298	0	=SUM(U298:AC298)
298	AH298	-11692.24	=N298-N298-(N298*0.02)
298	AI298	-12654.84	=L298-L298-(L298*0.12)
298	AP298	0	=(AD298-AD298-(AD298*0.22))+(AN298-AN298-(AN298*0.22))+(AO298-AO298-(AO298*0.22))
299	A299	12	
299	B299	1579297	=B298+H298-O298-P298-Q298+R298-S298+T298
299	C299	385399	=ЗакПро!BE289
299	D299	188313	=ЗакПро!BF289
299	E299	477604	=ЗакПро!BG289
299	F299	255949	=ЗакПро!BH289
299	G299	573712	=SUM(C299:D299)
299	H299	733553	=SUM(E299:F299)
299	I299	23.924556109382745	=IFERROR((E299-C299)/C299*100,"-")
299	J299	35.91679809678567	=IFERROR((F299-D299)/D299*100,"-")
299	K299	27.86084307108793	=IFERROR((H299-G299)/G299*100,"-")
299	L299	159841	=H299-G299
299	M299	15000	
299	N299	563833	
299	O299	578833	=M299+N299
299	AD299	0	=SUM(U299:AC299)
299	AH299	-11276.66	=N299-N299-(N299*0.02)
299	AI299	-19180.92	=L299-L299-(L299*0.12)
299	AP299	0	=(AD299-AD299-(AD299*0.22))+(AN299-AN299-(AN299*0.22))+(AO299-AO299-(AO299*0.22))
300	A300	13	
300	B300	1734017	=B299+H299-O299-P299-Q299+R299-S299+T299
300	C300	365420	=ЗакПро!BJ289
300	D300	58960	=ЗакПро!BK289
300	E300	466221	=ЗакПро!BL289
300	F300	81304	=ЗакПро!BM289
300	G300	424380	=SUM(C300:D300)
300	H300	547525	=SUM(E300:F300)
300	I300	27.584970718625147	=IFERROR((E300-C300)/C300*100,"-")
300	J300	37.896879240162825	=IFERROR((F300-D300)/D300*100,"-")
300	K300	29.017625712804563	=IFERROR((H300-G300)/G300*100,"-")
300	L300	123145	=H300-G300
300	M300	30000	
300	N300	501137	
300	O300	531137	=M300+N300
300	Q300	10817	
300	S300	984	
300	AD300	0	=SUM(U300:AC300)
300	AH300	-10022.74	=N300-N300-(N300*0.02)
300	AI300	-14777.4	=L300-L300-(L300*0.12)
300	AP300	0	=(AD300-AD300-(AD300*0.22))+(AN300-AN300-(AN300*0.22))+(AO300-AO300-(AO300*0.22))
301	A301	14	
301	B301	1738604	=B300+H300-O300-P300-Q300+R300-S300+T300
301	C301	0	=ЗакПро!BO289
301	D301	0	=ЗакПро!BP289
301	E301	0	=ЗакПро!BQ289
301	F301	0	=ЗакПро!BR289
301	G301	0	=SUM(C301:D301)
301	H301	0	=SUM(E301:F301)
301	I301	-	=IFERROR((E301-C301)/C301*100,"-")
301	J301	-	=IFERROR((F301-D301)/D301*100,"-")
301	K301	-	=IFERROR((H301-G301)/G301*100,"-")
301	L301	0	=H301-G301
301	M301	30000	
301	N301	553085	
301	O301	583085	=M301+N301
301	Q301	26634	
301	AD301	0	=SUM(U301:AC301)
301	AH301	-11061.7	=N301-N301-(N301*0.02)
301	AI301	0	=L301-L301-(L301*0.12)
301	AP301	0	=(AD301-AD301-(AD301*0.22))+(AN301-AN301-(AN301*0.22))+(AO301-AO301-(AO301*0.22))
302	A302	15	
302	B302	1128885	=B301+H301-O301-P301-Q301+R301-S301+T301
302	C302	616170	=ЗакПро!BT289
302	D302	185295	=ЗакПро!BU289
302	E302	752101	=ЗакПро!BV289
302	F302	264246	=ЗакПро!BW289
302	G302	801465	=SUM(C302:D302)
302	H302	1016347	=SUM(E302:F302)
302	I302	22.06063261762176	=IFERROR((E302-C302)/C302*100,"-")
302	J302	42.60827329393669	=IFERROR((F302-D302)/D302*100,"-")
302	K302	26.811152077757605	=IFERROR((H302-G302)/G302*100,"-")
302	L302	214882	=H302-G302
302	M302	40000	
302	N302	412399	
302	O302	452399	=M302+N302
302	S302	1620	
302	U302	3000	
302	AD302	3000	=SUM(U302:AC302)
302	AH302	-8247.98	=N302-N302-(N302*0.02)
302	AI302	-25785.84	=L302-L302-(L302*0.12)
302	AP302	-660	=(AD302-AD302-(AD302*0.22))+(AN302-AN302-(AN302*0.22))+(AO302-AO302-(AO302*0.22))
303	A303	16	
303	B303	1691213	=B302+H302-O302-P302-Q302+R302-S302+T302
303	C303	167255	=ЗакПро!BY289
303	D303	144535	=ЗакПро!BZ289
303	E303	207565	=ЗакПро!CA289
303	F303	209362	=ЗакПро!CB289
303	G303	311790	=SUM(C303:D303)
303	H303	416927	=SUM(E303:F303)
303	I303	24.10092373920062	=IFERROR((E303-C303)/C303*100,"-")
303	J303	44.85211194520358	=IFERROR((F303-D303)/D303*100,"-")
303	K303	33.72045286891818	=IFERROR((H303-G303)/G303*100,"-")
303	L303	105137	=H303-G303
303	M303	28000	
303	N303	283972	
303	O303	311972	=M303+N303
303	AD303	0	=SUM(U303:AC303)
303	AH303	-5679.4400000000005	=N303-N303-(N303*0.02)
303	AI303	-12616.439999999999	=L303-L303-(L303*0.12)
303	AP303	0	=(AD303-AD303-(AD303*0.22))+(AN303-AN303-(AN303*0.22))+(AO303-AO303-(AO303*0.22))
304	A304	17	
304	B304	1796168	=B303+H303-O303-P303-Q303+R303-S303+T303
304	C304	341657	=ЗакПро!CD289
304	D304	149427	=ЗакПро!CE289
304	E304	430080	=ЗакПро!CF289
304	F304	210581	=ЗакПро!CG289
304	G304	491084	=SUM(C304:D304)
304	H304	640661	=SUM(E304:F304)
304	I304	25.8806346716151	=IFERROR((E304-C304)/C304*100,"-")
304	J304	40.92566939040468	=IFERROR((F304-D304)/D304*100,"-")
304	K304	30.45853662509876	=IFERROR((H304-G304)/G304*100,"-")
304	L304	149577	=H304-G304
304	M304	25000	
304	N304	454203	
304	O304	479203	=M304+N304
304	P304	22490	
304	Q304	7674	
304	X304	3000	
304	AD304	3000	=SUM(U304:AC304)
304	AH304	-9084.06	=N304-N304-(N304*0.02)
304	AI304	-17949.239999999998	=L304-L304-(L304*0.12)
304	AP304	-660	=(AD304-AD304-(AD304*0.22))+(AN304-AN304-(AN304*0.22))+(AO304-AO304-(AO304*0.22))
305	A305	18	
305	B305	1927462	=B304+H304-O304-P304-Q304+R304-S304+T304
305	C305	275013	=ЗакПро!CI289
305	D305	104225	=ЗакПро!CJ289
305	E305	330089	=ЗакПро!CK289
305	F305	145070	=ЗакПро!CL289
305	G305	379238	=SUM(C305:D305)
305	H305	475159	=SUM(E305:F305)
305	I305	20.026689647398488	=IFERROR((E305-C305)/C305*100,"-")
305	J305	39.18925401775006	=IFERROR((F305-D305)/D305*100,"-")
305	K305	25.293087718002944	=IFERROR((H305-G305)/G305*100,"-")
305	L305	95921	=H305-G305
305	M305	60000	
305	N305	513730	
305	O305	573730	=M305+N305
305	AD305	0	=SUM(U305:AC305)
305	AH305	-10274.6	=N305-N305-(N305*0.02)
305	AI305	-11510.52	=L305-L305-(L305*0.12)
305	AP305	0	=(AD305-AD305-(AD305*0.22))+(AN305-AN305-(AN305*0.22))+(AO305-AO305-(AO305*0.22))
306	A306	19	
306	B306	1828891	=B305+H305-O305-P305-Q305+R305-S305+T305
306	C306	432775	=ЗакПро!CN289
306	D306	266227	=ЗакПро!CO289
306	E306	547525	=ЗакПро!CP289
306	F306	379394	=ЗакПро!CQ289
306	G306	699002	=SUM(C306:D306)
306	H306	926919	=SUM(E306:F306)
306	I306	26.514932701750332	=IFERROR((E306-C306)/C306*100,"-")
306	J306	42.50770958618021	=IFERROR((F306-D306)/D306*100,"-")
306	K306	32.606058351764375	=IFERROR((H306-G306)/G306*100,"-")
306	L306	227917	=H306-G306
306	M306	0	
306	N306	595177	
306	O306	595177	=M306+N306
306	P306	20016	
306	AD306	0	=SUM(U306:AC306)
306	AH306	-11903.54	=N306-N306-(N306*0.02)
306	AI306	-27350.039999999997	=L306-L306-(L306*0.12)
306	AP306	0	=(AD306-AD306-(AD306*0.22))+(AN306-AN306-(AN306*0.22))+(AO306-AO306-(AO306*0.22))
307	A307	20	
307	B307	2140617	=B306+H306-O306-P306-Q306+R306-S306+T306
307	C307	261444	=ЗакПро!CS289
307	D307	157098	=ЗакПро!CT289
307	E307	324261	=ЗакПро!CU289
307	F307	215492	=ЗакПро!CV289
307	G307	418542	=SUM(C307:D307)
307	H307	539753	=SUM(E307:F307)
307	I307	24.026942672235737	=IFERROR((E307-C307)/C307*100,"-")
307	J307	37.17042864963271	=IFERROR((F307-D307)/D307*100,"-")
307	K307	28.96029550200458	=IFERROR((H307-G307)/G307*100,"-")
307	L307	121211	=H307-G307
307	M307	0	
307	N307	463912	
307	O307	463912	=M307+N307
307	Q307	6447	
307	AD307	0	=SUM(U307:AC307)
307	AH307	-9278.24	=N307-N307-(N307*0.02)
307	AI307	-14545.32	=L307-L307-(L307*0.12)
307	AP307	0	=(AD307-AD307-(AD307*0.22))+(AN307-AN307-(AN307*0.22))+(AO307-AO307-(AO307*0.22))
308	A308	21	
308	B308	2210011	=B307+H307-O307-P307-Q307+R307-S307+T307
308	C308	0	=ЗакПро!CX289
308	D308	0	=ЗакПро!CY289
308	E308	0	=ЗакПро!CZ289
308	F308	0	=ЗакПро!DA289
308	G308	0	=SUM(C308:D308)
308	H308	0	=SUM(E308:F308)
308	I308	-	=IFERROR((E308-C308)/C308*100,"-")
308	J308	-	=IFERROR((F308-D308)/D308*100,"-")
308	K308	-	=IFERROR((H308-G308)/G308*100,"-")
308	L308	0	=H308-G308
308	M308	30000	
308	N308	293711	
308	O308	323711	=M308+N308
308	Q308	2764	
308	AD308	0	=SUM(U308:AC308)
308	AH308	-5874.22	=N308-N308-(N308*0.02)
308	AI308	0	=L308-L308-(L308*0.12)
308	AP308	0	=(AD308-AD308-(AD308*0.22))+(AN308-AN308-(AN308*0.22))+(AO308-AO308-(AO308*0.22))
309	A309	22	
309	B309	1883536	=B308+H308-O308-P308-Q308+R308-S308+T308
309	C309	586889	=ЗакПро!DC289
309	D309	151635	=ЗакПро!DD289
309	E309	740689	=ЗакПро!DE289
309	F309	212121	=ЗакПро!DF289
309	G309	738524	=SUM(C309:D309)
309	H309	952810	=SUM(E309:F309)
309	I309	26.20597762098114	=IFERROR((E309-C309)/C309*100,"-")
309	J309	39.88920763675932	=IFERROR((F309-D309)/D309*100,"-")
309	K309	29.015441610563776	=IFERROR((H309-G309)/G309*100,"-")
309	L309	214286	=H309-G309
309	M309	0	
309	N309	305142	
309	O309	305142	=M309+N309
309	Q309	3713	
309	AD309	0	=SUM(U309:AC309)
309	AH309	-6102.84	=N309-N309-(N309*0.02)
309	AI309	-25714.32	=L309-L309-(L309*0.12)
309	AJ309	78951	
309	AK309	39476	
309	AL309	278943	
309	AM309	139472	
309	AP309	0	=(AD309-AD309-(AD309*0.22))+(AN309-AN309-(AN309*0.22))+(AO309-AO309-(AO309*0.22))
310	A310	23	
310	B310	2527491	=B309+H309-O309-P309-Q309+R309-S309+T309
310	C310	185598	=ЗакПро!DH289
310	D310	28142	=ЗакПро!DI289
310	E310	234747	=ЗакПро!DJ289
310	F310	39814	=ЗакПро!DK289
310	G310	213740	=SUM(C310:D310)
310	H310	274561	=SUM(E310:F310)
310	I310	26.481427601590536	=IFERROR((E310-C310)/C310*100,"-")
310	J310	41.47537488451425	=IFERROR((F310-D310)/D310*100,"-")
310	K310	28.455600262000562	=IFERROR((H310-G310)/G310*100,"-")
310	L310	60821	=H310-G310
310	M310	40530	
310	N310	384512	
310	O310	425042	=M310+N310
310	Q310	2364	
310	U310	530	
310	AD310	530	=SUM(U310:AC310)
310	AH310	-7690.24	=N310-N310-(N310*0.02)
310	AI310	-7298.5199999999995	=L310-L310-(L310*0.12)
310	AP310	-116.6	=(AD310-AD310-(AD310*0.22))+(AN310-AN310-(AN310*0.22))+(AO310-AO310-(AO310*0.22))
311	A311	24	
311	B311	2374646	=B310+H310-O310-P310-Q310+R310-S310+T310
311	C311	239514	=ЗакПро!DM289
311	D311	135160	=ЗакПро!DN289
311	E311	299140	=ЗакПро!DO289
311	F311	189939	=ЗакПро!DP289
311	G311	374674	=SUM(C311:D311)
311	H311	489079	=SUM(E311:F311)
311	I311	24.894578187496347	=IFERROR((E311-C311)/C311*100,"-")
311	J311	40.529002663509914	=IFERROR((F311-D311)/D311*100,"-")
311	K311	30.534544697523714	=IFERROR((H311-G311)/G311*100,"-")
311	L311	114405	=H311-G311
311	M311	0	
311	N311	341281	
311	O311	341281	=M311+N311
311	Q311	466	
311	AD311	0	=SUM(U311:AC311)
311	AH311	-6825.62	=N311-N311-(N311*0.02)
311	AI311	-13728.6	=L311-L311-(L311*0.12)
311	AP311	0	=(AD311-AD311-(AD311*0.22))+(AN311-AN311-(AN311*0.22))+(AO311-AO311-(AO311*0.22))
312	A312	25	
312	B312	2521978	=B311+H311-O311-P311-Q311+R311-S311+T311
312	C312	205162	=ЗакПро!DR289
312	D312	16690	=ЗакПро!DS289
312	E312	256974	=ЗакПро!DT289
312	F312	21464	=ЗакПро!DU289
312	G312	221852	=SUM(C312:D312)
312	H312	278438	=SUM(E312:F312)
312	I312	25.25418937230091	=IFERROR((E312-C312)/C312*100,"-")
312	J312	28.603954463750746	=IFERROR((F312-D312)/D312*100,"-")
312	K312	25.5061933180679	=IFERROR((H312-G312)/G312*100,"-")
312	L312	56586	=H312-G312
312	M312	130000	
312	N312	476400	
312	O312	606400	=M312+N312
312	AD312	0	=SUM(U312:AC312)
312	AH312	-9528	=N312-N312-(N312*0.02)
312	AI312	-6790.32	=L312-L312-(L312*0.12)
312	AP312	0	=(AD312-AD312-(AD312*0.22))+(AN312-AN312-(AN312*0.22))+(AO312-AO312-(AO312*0.22))
313	A313	26	
313	B313	2194016	=B312+H312-O312-P312-Q312+R312-S312+T312
313	C313	365978	=ЗакПро!DW289
313	D313	87048	=ЗакПро!DX289
313	E313	464923	=ЗакПро!DY289
313	F313	125231	=ЗакПро!DZ289
313	G313	453026	=SUM(C313:D313)
313	H313	590154	=SUM(E313:F313)
313	I313	27.03577810688074	=IFERROR((E313-C313)/C313*100,"-")
313	J313	43.86430475140153	=IFERROR((F313-D313)/D313*100,"-")
313	K313	30.269344364341123	=IFERROR((H313-G313)/G313*100,"-")
313	L313	137128	=H313-G313
313	M313	140700	
313	N313	754523	
313	O313	895223	=M313+N313
313	U313	700	
313	AD313	700	=SUM(U313:AC313)
313	AH313	-15090.460000000001	=N313-N313-(N313*0.02)
313	AI313	-16455.36	=L313-L313-(L313*0.12)
313	AP313	-154	=(AD313-AD313-(AD313*0.22))+(AN313-AN313-(AN313*0.22))+(AO313-AO313-(AO313*0.22))
314	A314	27	
314	B314	1888947	=B313+H313-O313-P313-Q313+R313-S313+T313
314	C314	574262	=ЗакПро!EB289
314	D314	283488	=ЗакПро!EC289
314	E314	784782	=ЗакПро!ED289
314	F314	402340	=ЗакПро!EE289
314	G314	857750	=SUM(C314:D314)
314	H314	1187122	=SUM(E314:F314)
314	I314	36.659225231688666	=IFERROR((E314-C314)/C314*100,"-")
314	J314	41.92487865447567	=IFERROR((F314-D314)/D314*100,"-")
314	K314	38.399533663654914	=IFERROR((H314-G314)/G314*100,"-")
314	L314	329372	=H314-G314
314	M314	55000	
314	N314	614356	
314	O314	669356	=M314+N314
314	P314	20690	
314	T314	1870	
314	AD314	0	=SUM(U314:AC314)
314	AH314	-12287.12	=N314-N314-(N314*0.02)
314	AI314	-39524.64	=L314-L314-(L314*0.12)
314	AP314	0	=(AD314-AD314-(AD314*0.22))+(AN314-AN314-(AN314*0.22))+(AO314-AO314-(AO314*0.22))
315	A315	28	
315	B315	2387893	=B314+H314-O314-P314-Q314+R314-S314+T314
315	C315	0	=ЗакПро!EG289
315	D315	0	=ЗакПро!EH289
315	E315	0	=ЗакПро!EI289
315	F315	0	=ЗакПро!EJ289
315	G315	0	=SUM(C315:D315)
315	H315	0	=SUM(E315:F315)
315	I315	-	=IFERROR((E315-C315)/C315*100,"-")
315	J315	-	=IFERROR((F315-D315)/D315*100,"-")
315	K315	-	=IFERROR((H315-G315)/G315*100,"-")
315	L315	0	=H315-G315
315	M315	65000	
315	N315	353575	
315	O315	418575	=M315+N315
315	AD315	0	=SUM(U315:AC315)
315	AH315	-7071.5	=N315-N315-(N315*0.02)
315	AI315	0	=L315-L315-(L315*0.12)
315	AP315	0	=(AD315-AD315-(AD315*0.22))+(AN315-AN315-(AN315*0.22))+(AO315-AO315-(AO315*0.22))
316	A316	29	
316	B316	1969318	=B315+H315-O315-P315-Q315+R315-S315+T315
316	C316	693922	=ЗакПро!EL289
316	D316	105370	=ЗакПро!EM289
316	E316	873507	=ЗакПро!EN289
316	F316	147233	=ЗакПро!EO289
316	G316	799292	=SUM(C316:D316)
316	H316	1020740	=SUM(E316:F316)
316	I316	25.879709823294263	=IFERROR((E316-C316)/C316*100,"-")
316	J316	39.72952453259941	=IFERROR((F316-D316)/D316*100,"-")
316	K316	27.705519384655418	=IFERROR((H316-G316)/G316*100,"-")
316	L316	221448	=H316-G316
316	M316	75000	
316	N316	529345	
316	O316	604345	=M316+N316
316	Q316	20823	
316	S316	1223	
316	AD316	0	=SUM(U316:AC316)
316	AH316	-10586.9	=N316-N316-(N316*0.02)
316	AI316	-26573.76	=L316-L316-(L316*0.12)
316	AP316	0	=(AD316-AD316-(AD316*0.22))+(AN316-AN316-(AN316*0.22))+(AO316-AO316-(AO316*0.22))
317	A317	30	
317	B317	2363667	=B316+H316-O316-P316-Q316+R316-S316+T316
317	C317	326932	=ЗакПро!EQ289
317	D317	101642	=ЗакПро!ER289
317	E317	409778	=ЗакПро!ES289
317	F317	144799	=ЗакПро!ET289
317	G317	428574	=SUM(C317:D317)
317	H317	554577	=SUM(E317:F317)
317	I317	25.34043776687507	=IFERROR((E317-C317)/C317*100,"-")
317	J317	42.45980992109561	=IFERROR((F317-D317)/D317*100,"-")
317	K317	29.40052359685842	=IFERROR((H317-G317)/G317*100,"-")
317	L317	126003	=H317-G317
317	M317	460000	
317	N317	430141	
317	O317	890141	=M317+N317
317	S317	4407	
317	AD317	0	=SUM(U317:AC317)
317	AH317	-8602.82	=N317-N317-(N317*0.02)
317	AI317	-15120.359999999999	=L317-L317-(L317*0.12)
317	AP317	0	=(AD317-AD317-(AD317*0.22))+(AN317-AN317-(AN317*0.22))+(AO317-AO317-(AO317*0.22))
318	A318	31	
318	B318	2023696	=B317+H317-O317-P317-Q317+R317-S317+T317
318	C318	0	=ЗакПро!EV289
318	D318	0	=ЗакПро!EW289
318	E318	0	=ЗакПро!EX289
318	F318	0	=ЗакПро!EY289
318	G318	0	=SUM(C318:D318)
318	H318	0	=SUM(E318:F318)
318	I318	-	=IFERROR((E318-C318)/C318*100,"-")
318	J318	-	=IFERROR((F318-D318)/D318*100,"-")
318	K318	-	=IFERROR((H318-G318)/G318*100,"-")
318	L318	0	=H318-G318
318	O318	0	=M318+N318
318	AD318	0	=SUM(U318:AC318)
318	AH318	0	=N318-N318-(N318*0.02)
318	AI318	0	=L318-L318-(L318*0.12)
318	AJ318	105272	
318	AK318	52636	
318	AN318	374220	
318	AP318	-82328.4	=(AD318-AD318-(AD318*0.22))+(AN318-AN318-(AN318*0.22))+(AO318-AO318-(AO318*0.22))
319	A319	Итого	
319	C319	9110149	=SUM(C288:C318)
319	D319	2950059	=SUM(D288:D318)
319	E319	11408965	=SUM(E288:E318)
319	F319	4142842	=SUM(F288:F318)
319	G319	12060208	=SUM(G288:G318)
319	H319	15551807	=SUM(H288:H318)
319	I319	24.77049081142334	=IFERROR(AVERAGE(I288:I318),"-")
319	J319	39.88337223525233	=IFERROR(AVERAGE(J288:J318),"-")
319	K319	28.598171416776566	=IFERROR(AVERAGE(K288:K318),"-")
319	L319	3491599	=SUM(L288:L318)
319	M319	1651090	=SUM(M288:M318)
319	N319	13142872	=SUM(N288:N318)
319	O319	14793962	=SUM(O288:O318)
319	P319	113480	=SUM(P288:P318)
319	Q319	110109	=SUM(Q288:Q318)
319	R319	0	=SUM(R288:R318)
319	S319	8234	=SUM(S288:S318)
319	T319	1870	=SUM(T288:T318)
319	U319	7090	=SUM(U288:U318)
319	V319	0	=SUM(V288:V318)
319	W319	8000	=SUM(W288:W318)
319	X319	3000	=SUM(X288:X318)
319	Y319	46000	=SUM(Y288:Y318)
319	Z319	0	=SUM(Z288:Z318)
319	AA319	0	=SUM(AA288:AA318)
319	AB319	0	=SUM(AB288:AB318)
319	AC319	0	=SUM(AC288:AC318)
319	AD319	64090	=SUM(AD288:AD318)
319	AE319	13000	=SUM(AE288:AE318)
319	AF319	50000	=SUM(AF288:AF318)
319	AG319	71400	=SUM(AG288:AG318)
319	AH319	-262857.43999999994	=SUM(AH288:AH318)
319	AI319	-418991.87999999995	=SUM(AI288:AI318)
319	AJ319	184223	=SUM(AJ288:AJ318)
319	AK319	92112	=SUM(AK288:AK318)
319	AL319	278943	=SUM(AL288:AL318)
319	AM319	139472	=SUM(AM288:AM318)
319	AN319	374220	=SUM(AN288:AN318)
319	AO319	0	=SUM(AO288:AO318)
319	AP319	-96428.2	=SUM(AP288:AP318)
343	A343	Июль	
344	A344	Дата	
344	B344	Остаток	
344	C344	З. Коп	
344	D344	З. Мор	
344	E344	П. Коп	
344	F344	П. Мор	
344	G344	Закупка	
344	H344	Продажа	
344	I344	% коп	
344	J344	% мор	
344	K344	% общий	
344	L344	Грязная	
344	M344	Выр нал	
344	N344	Б/нал	
344	O344	Общая	
344	P344	Списания К.	
344	Q344	Списания М.	
344	R344	Перемещение	
344	S344	Уценка	
344	T344	Переоценка	
344	U344	Хоз. Нужды	
344	V344	Доставка	
344	W344	Уборка	
344	X344	Премия	
344	Y344	Выслуга	
344	Z344	Доплата	
344	AA344	Водитель	
344	AB344	Ком. Плат.	
344	AC344	Расходы	
344	AD344	Траты нал	
344	AE344	Вод. Б/нал	
344	AF344	Ком. Б/нал	
344	AG344	Аренда	
344	AH344	-% банк	
344	AI344	Налоги	
344	AJ344	Зарпл. Б/нал	
344	AK344	Налоги з/п	
344	AL344	Отпускные	
344	AM344	Налоги отпуск.	
344	AN344	Зарпл. Нал	
344	AO344	Отпуск. Нал	
344	AP344	НДФЛ 22%	
344	AQ344	Итог	
345	A345	1	
345	B345	2023696	=B318+H318-O318-P318-Q318+R318-S318+T318
345	C345	378403	=ЗакПро!B346
345	D345	25016	=ЗакПро!C346
345	E345	465881	=ЗакПро!D346
345	F345	34875	=ЗакПро!E346
345	G345	403419	=SUM(C345:D345)
345	H345	500756	=SUM(E345:F345)
345	I345	23.117681413730864	=IFERROR((E345-C345)/C345*100,"-")
345	J345	39.4107771026543	=IFERROR((F345-D345)/D345*100,"-")
345	K345	24.128015785077054	=IFERROR((H345-G345)/G345*100,"-")
345	L345	97337	=H345-G345
345	M345	109830	
345	N345	495746	
345	O345	605576	=M345+N345
345	P345	17204	
345	S345	2003	
345	AC345	4000	
345	AD345	4000	=SUM(U345:AC345)
345	AE345	13000	
345	AF345	50000	
345	AG345	71400	
345	AH345	-9914.92	=N345-N345-(N345*0.02)
345	AI345	-11680.439999999999	=L345-L345-(L345*0.12)
345	AP345	-880	=(AD345-AD345-(AD345*0.22))+(AN345-AN345-(AN345*0.22))+(AO345-AO345-(AO345*0.22))
345	AQ345	1706633.46	=L376-Q376-AD376-AE376-AF376-AG376+AH376+AI376-AJ376-AK376-AL376-AM376-AN376-AO376+AP376
346	A346	2	
346	B346	1899669	=B345+H345-O345-P345-Q345+R345-S345+T345
346	C346	348631	=ЗакПро!G346
346	D346	62568	=ЗакПро!H346
346	E346	434678	=ЗакПро!I346
346	F346	87236	=ЗакПро!J346
346	G346	411199	=SUM(C346:D346)
346	H346	521914	=SUM(E346:F346)
346	I346	24.681396662947357	=IFERROR((E346-C346)/C346*100,"-")
346	J346	39.42590461577804	=IFERROR((F346-D346)/D346*100,"-")
346	K346	26.924919564493106	=IFERROR((H346-G346)/G346*100,"-")
346	L346	110715	=H346-G346
346	M346	20000	
346	N346	493886	
346	O346	513886	=M346+N346
346	P346	6883	
346	AD346	0	=SUM(U346:AC346)
346	AH346	-9877.72	=N346-N346-(N346*0.02)
346	AI346	-13285.8	=L346-L346-(L346*0.12)
346	AP346	0	=(AD346-AD346-(AD346*0.22))+(AN346-AN346-(AN346*0.22))+(AO346-AO346-(AO346*0.22))
347	A347	3	
347	B347	1900814	=B346+H346-O346-P346-Q346+R346-S346+T346
347	C347	376169	=ЗакПро!L346
347	D347	42510	=ЗакПро!M346
347	E347	470108	=ЗакПро!N346
347	F347	59238	=ЗакПро!O346
347	G347	418679	=SUM(C347:D347)
347	H347	529346	=SUM(E347:F347)
347	I347	24.97255223051341	=IFERROR((E347-C347)/C347*100,"-")
347	J347	39.350741002117154	=IFERROR((F347-D347)/D347*100,"-")
347	K347	26.432421974830362	=IFERROR((H347-G347)/G347*100,"-")
347	L347	110667	=H347-G347
347	M347	120000	
347	N347	687822	
347	O347	807822	=M347+N347
347	P347	1005	
347	AD347	0	=SUM(U347:AC347)
347	AH347	-13756.44	=N347-N347-(N347*0.02)
347	AI347	-13280.039999999999	=L347-L347-(L347*0.12)
347	AP347	0	=(AD347-AD347-(AD347*0.22))+(AN347-AN347-(AN347*0.22))+(AO347-AO347-(AO347*0.22))
348	A348	4	
348	B348	1621333	=B347+H347-O347-P347-Q347+R347-S347+T347
348	C348	618901	=ЗакПро!Q346
348	D348	259824	=ЗакПро!R346
348	E348	789566	=ЗакПро!S346
348	F348	374804	=ЗакПро!T346
348	G348	878725	=SUM(C348:D348)
348	H348	1164370	=SUM(E348:F348)
348	I348	27.575492687845067	=IFERROR((E348-C348)/C348*100,"-")
348	J348	44.25303282221812	=IFERROR((F348-D348)/D348*100,"-")
348	K348	32.50675694898859	=IFERROR((H348-G348)/G348*100,"-")
348	L348	285645	=H348-G348
348	M348	35000	
348	N348	333998	
348	O348	368998	=M348+N348
348	AD348	0	=SUM(U348:AC348)
348	AH348	-6679.96	=N348-N348-(N348*0.02)
348	AI348	-34277.4	=L348-L348-(L348*0.12)
348	AP348	0	=(AD348-AD348-(AD348*0.22))+(AN348-AN348-(AN348*0.22))+(AO348-AO348-(AO348*0.22))
349	A349	5	
349	B349	2416705	=B348+H348-O348-P348-Q348+R348-S348+T348
349	C349	0	=ЗакПро!V346
349	D349	0	=ЗакПро!W346
349	E349	0	=ЗакПро!X346
349	F349	0	=ЗакПро!Y346
349	G349	0	=SUM(C349:D349)
349	H349	0	=SUM(E349:F349)
349	I349	-	=IFERROR((E349-C349)/C349*100,"-")
349	J349	-	=IFERROR((F349-D349)/D349*100,"-")
349	K349	-	=IFERROR((H349-G349)/G349*100,"-")
349	L349	0	=H349-G349
349	M349	50000	
349	N349	371239	
349	O349	421239	=M349+N349
349	P349	13363	
349	AD349	0	=SUM(U349:AC349)
349	AH349	-7424.78	=N349-N349-(N349*0.02)
349	AI349	0	=L349-L349-(L349*0.12)
349	AP349	0	=(AD349-AD349-(AD349*0.22))+(AN349-AN349-(AN349*0.22))+(AO349-AO349-(AO349*0.22))
350	A350	6	
350	B350	1982103	=B349+H349-O349-P349-Q349+R349-S349+T349
350	C350	384801	=ЗакПро!AA346
350	D350	37469	=ЗакПро!AB346
350	E350	480690	=ЗакПро!AC346
350	F350	53856	=ЗакПро!AD346
350	G350	422270	=SUM(C350:D350)
350	H350	534546	=SUM(E350:F350)
350	I350	24.919114035566437	=IFERROR((E350-C350)/C350*100,"-")
350	J350	43.734820785182414	=IFERROR((F350-D350)/D350*100,"-")
350	K350	26.588675491983803	=IFERROR((H350-G350)/G350*100,"-")
350	L350	112276	=H350-G350
350	M350	55000	
350	N350	428394	
350	O350	483394	=M350+N350
350	AD350	0	=SUM(U350:AC350)
350	AH350	-8567.880000000001	=N350-N350-(N350*0.02)
350	AI350	-13473.119999999999	=L350-L350-(L350*0.12)
350	AP350	0	=(AD350-AD350-(AD350*0.22))+(AN350-AN350-(AN350*0.22))+(AO350-AO350-(AO350*0.22))
351	A351	7	
351	B351	2033255	=B350+H350-O350-P350-Q350+R350-S350+T350
351	C351	318136	=ЗакПро!AF346
351	D351	72211	=ЗакПро!AG346
351	E351	383703	=ЗакПро!AH346
351	F351	99872	=ЗакПро!AI346
351	G351	390347	=SUM(C351:D351)
351	H351	483575	=SUM(E351:F351)
351	I351	20.609739231020697	=IFERROR((E351-C351)/C351*100,"-")
351	J351	38.30579828557976	=IFERROR((F351-D351)/D351*100,"-")
351	K351	23.883365313426257	=IFERROR((H351-G351)/G351*100,"-")
351	L351	93228	=H351-G351
351	M351	60000	
351	N351	355050	
351	O351	415050	=M351+N351
351	P351	8842	
351	S351	1725	
351	AD351	0	=SUM(U351:AC351)
351	AH351	-7101	=N351-N351-(N351*0.02)
351	AI351	-11187.359999999999	=L351-L351-(L351*0.12)
351	AP351	0	=(AD351-AD351-(AD351*0.22))+(AN351-AN351-(AN351*0.22))+(AO351-AO351-(AO351*0.22))
352	A352	8	
352	B352	2091213	=B351+H351-O351-P351-Q351+R351-S351+T351
352	C352	172202	=ЗакПро!AK346
352	D352	69662	=ЗакПро!AL346
352	E352	203963	=ЗакПро!AM346
352	F352	96524	=ЗакПро!AN346
352	G352	241864	=SUM(C352:D352)
352	H352	300487	=SUM(E352:F352)
352	I352	18.444036654626544	=IFERROR((E352-C352)/C352*100,"-")
352	J352	38.560477735350695	=IFERROR((F352-D352)/D352*100,"-")
352	K352	24.238001521516225	=IFERROR((H352-G352)/G352*100,"-")
352	L352	58623	=H352-G352
352	M352	38300	
352	N352	471059	
352	O352	509359	=M352+N352
352	P352	3838	
352	Q352	10482	
352	U352	3300	
352	AD352	3300	=SUM(U352:AC352)
352	AH352	-9421.18	=N352-N352-(N352*0.02)
352	AI352	-7034.759999999999	=L352-L352-(L352*0.12)
352	AP352	-726	=(AD352-AD352-(AD352*0.22))+(AN352-AN352-(AN352*0.22))+(AO352-AO352-(AO352*0.22))
353	A353	9	
353	B353	1868021	=B352+H352-O352-P352-Q352+R352-S352+T352
353	C353	338964	=ЗакПро!AP346
353	D353	96628	=ЗакПро!AQ346
353	E353	419793	=ЗакПро!AR346
353	F353	135724	=ЗакПро!AS346
353	G353	435592	=SUM(C353:D353)
353	H353	555517	=SUM(E353:F353)
353	I353	23.84589513930683	=IFERROR((E353-C353)/C353*100,"-")
353	J353	40.46032205985843	=IFERROR((F353-D353)/D353*100,"-")
353	K353	27.531497364506237	=IFERROR((H353-G353)/G353*100,"-")
353	L353	119925	=H353-G353
353	M353	70000	
353	N353	507503	
353	O353	577503	=M353+N353
353	P353	21635	
353	AD353	0	=SUM(U353:AC353)
353	AH353	-10150.06	=N353-N353-(N353*0.02)
353	AI353	-14391	=L353-L353-(L353*0.12)
353	AP353	0	=(AD353-AD353-(AD353*0.22))+(AN353-AN353-(AN353*0.22))+(AO353-AO353-(AO353*0.22))
354	A354	10	
354	B354	1824400	=B353+H353-O353-P353-Q353+R353-S353+T353
354	C354	412904	=ЗакПро!AU346
354	D354	246998	=ЗакПро!AV346
354	E354	505803	=ЗакПро!AW346
354	F354	351223	=ЗакПро!AX346
354	G354	659902	=SUM(C354:D354)
354	H354	857026	=SUM(E354:F354)
354	I354	22.498934376998044	=IFERROR((E354-C354)/C354*100,"-")
354	J354	42.19669794897125	=IFERROR((F354-D354)/D354*100,"-")
354	K354	29.871708223342253	=IFERROR((H354-G354)/G354*100,"-")
354	L354	197124	=H354-G354
354	M354	93280	
354	N354	615395	
354	O354	708675	=M354+N354
354	P354	21455	
354	U354	3280	
354	AD354	3280	=SUM(U354:AC354)
354	AH354	-12307.9	=N354-N354-(N354*0.02)
354	AI354	-23654.879999999997	=L354-L354-(L354*0.12)
354	AP354	-721.6	=(AD354-AD354-(AD354*0.22))+(AN354-AN354-(AN354*0.22))+(AO354-AO354-(AO354*0.22))
355	A355	11	
355	B355	1951296	=B354+H354-O354-P354-Q354+R354-S354+T354
355	C355	351130	=ЗакПро!AZ346
355	D355	127119	=ЗакПро!BA346
355	E355	417002	=ЗакПро!BB346
355	F355	181253	=ЗакПро!BC346
355	G355	478249	=SUM(C355:D355)
355	H355	598255	=SUM(E355:F355)
355	I355	18.760003417537664	=IFERROR((E355-C355)/C355*100,"-")
355	J355	42.58529409450987	=IFERROR((F355-D355)/D355*100,"-")
355	K355	25.09278639369868	=IFERROR((H355-G355)/G355*100,"-")
355	L355	120006	=H355-G355
355	M355	50000	
355	N355	469088	
355	O355	519088	=M355+N355
355	P355	3113	
355	AD355	0	=SUM(U355:AC355)
355	AH355	-9381.76	=N355-N355-(N355*0.02)
355	AI355	-14400.72	=L355-L355-(L355*0.12)
355	AP355	0	=(AD355-AD355-(AD355*0.22))+(AN355-AN355-(AN355*0.22))+(AO355-AO355-(AO355*0.22))
356	A356	12	
356	B356	2027350	=B355+H355-O355-P355-Q355+R355-S355+T355
356	C356	0	=ЗакПро!BE346
356	D356	0	=ЗакПро!BF346
356	E356	0	=ЗакПро!BG346
356	F356	0	=ЗакПро!BH346
356	G356	0	=SUM(C356:D356)
356	H356	0	=SUM(E356:F356)
356	I356	-	=IFERROR((E356-C356)/C356*100,"-")
356	J356	-	=IFERROR((F356-D356)/D356*100,"-")
356	K356	-	=IFERROR((H356-G356)/G356*100,"-")
356	L356	0	=H356-G356
356	M356	83000	
356	N356	316548	
356	O356	399548	=M356+N356
356	P356	1528	
356	Q356	5927	
356	AD356	0	=SUM(U356:AC356)
356	AH356	-6330.96	=N356-N356-(N356*0.02)
356	AI356	0	=L356-L356-(L356*0.12)
356	AP356	0	=(AD356-AD356-(AD356*0.22))+(AN356-AN356-(AN356*0.22))+(AO356-AO356-(AO356*0.22))
357	A357	13	
357	B357	1620347	=B356+H356-O356-P356-Q356+R356-S356+T356
357	C357	555041	=ЗакПро!BJ346
357	D357	144314	=ЗакПро!BK346
357	E357	678768	=ЗакПро!BL346
357	F357	192655	=ЗакПро!BM346
357	G357	699355	=SUM(C357:D357)
357	H357	871423	=SUM(E357:F357)
357	I357	22.291506393221404	=IFERROR((E357-C357)/C357*100,"-")
357	J357	33.49709660878362	=IFERROR((F357-D357)/D357*100,"-")
357	K357	24.60381351388065	=IFERROR((H357-G357)/G357*100,"-")
357	L357	172068	=H357-G357
357	M357	20000	
357	N357	392482	
357	O357	412482	=M357+N357
357	S357	706	
357	X357	18000	
357	AD357	18000	=SUM(U357:AC357)
357	AH357	-7849.64	=N357-N357-(N357*0.02)
357	AI357	-20648.16	=L357-L357-(L357*0.12)
357	AP357	-3960	=(AD357-AD357-(AD357*0.22))+(AN357-AN357-(AN357*0.22))+(AO357-AO357-(AO357*0.22))
358	A358	14	
358	B358	2078582	=B357+H357-O357-P357-Q357+R357-S357+T357
358	C358	199302	=ЗакПро!BO346
358	D358	37113	=ЗакПро!BP346
358	E358	254551	=ЗакПро!BQ346
358	F358	49329	=ЗакПро!BR346
358	G358	236415	=SUM(C358:D358)
358	H358	303880	=SUM(E358:F358)
358	I358	27.721247152562444	=IFERROR((E358-C358)/C358*100,"-")
358	J358	32.915689919974135	=IFERROR((F358-D358)/D358*100,"-")
358	K358	28.536683374574373	=IFERROR((H358-G358)/G358*100,"-")
358	L358	67465	=H358-G358
358	M358	0	
358	N358	413563	
358	O358	413563	=M358+N358
358	P358	2100	
358	AD358	0	=SUM(U358:AC358)
358	AH358	-8271.26	=N358-N358-(N358*0.02)
358	AI358	-8095.799999999999	=L358-L358-(L358*0.12)
358	AP358	0	=(AD358-AD358-(AD358*0.22))+(AN358-AN358-(AN358*0.22))+(AO358-AO358-(AO358*0.22))
359	A359	15	
359	B359	1966799	=B358+H358-O358-P358-Q358+R358-S358+T358
359	C359	334979	=ЗакПро!BT346
359	D359	44427	=ЗакПро!BU346
359	E359	414684	=ЗакПро!BV346
359	F359	66748	=ЗакПро!BW346
359	G359	379406	=SUM(C359:D359)
359	H359	481432	=SUM(E359:F359)
359	I359	23.794028879422292	=IFERROR((E359-C359)/C359*100,"-")
359	J359	50.24196997321448	=IFERROR((F359-D359)/D359*100,"-")
359	K359	26.89098221957481	=IFERROR((H359-G359)/G359*100,"-")
359	L359	102026	=H359-G359
359	M359	0	
359	N359	566032	
359	O359	566032	=M359+N359
359	P359	2469	
359	AD359	0	=SUM(U359:AC359)
359	AH359	-11320.64	=N359-N359-(N359*0.02)
359	AI359	-12243.119999999999	=L359-L359-(L359*0.12)
359	AP359	0	=(AD359-AD359-(AD359*0.22))+(AN359-AN359-(AN359*0.22))+(AO359-AO359-(AO359*0.22))
360	A360	16	
360	B360	1879730	=B359+H359-O359-P359-Q359+R359-S359+T359
360	C360	373835	=ЗакПро!BY346
360	D360	162047	=ЗакПро!BZ346
360	E360	471578	=ЗакПро!CA346
360	F360	221389	=ЗакПро!CB346
360	G360	535882	=SUM(C360:D360)
360	H360	692967	=SUM(E360:F360)
360	I360	26.146026990517207	=IFERROR((E360-C360)/C360*100,"-")
360	J360	36.620239806969586	=IFERROR((F360-D360)/D360*100,"-")
360	K360	29.313356298588122	=IFERROR((H360-G360)/G360*100,"-")
360	L360	157085	=H360-G360
360	M360	0	
360	N360	540492	
360	O360	540492	=M360+N360
360	Q360	7508	
360	AD360	0	=SUM(U360:AC360)
360	AH360	-10809.84	=N360-N360-(N360*0.02)
360	AI360	-18850.2	=L360-L360-(L360*0.12)
360	AP360	0	=(AD360-AD360-(AD360*0.22))+(AN360-AN360-(AN360*0.22))+(AO360-AO360-(AO360*0.22))
361	A361	17	
361	B361	2024697	=B360+H360-O360-P360-Q360+R360-S360+T360
361	C361	272439	=ЗакПро!CD346
361	D361	74175	=ЗакПро!CE346
361	E361	331940	=ЗакПро!CF346
361	F361	115212	=ЗакПро!CG346
361	G361	346614	=SUM(C361:D361)
361	H361	447152	=SUM(E361:F361)
361	I361	21.84011833841704	=IFERROR((E361-C361)/C361*100,"-")
361	J361	55.32457027300304	=IFERROR((F361-D361)/D361*100,"-")
361	K361	29.005752797059554	=IFERROR((H361-G361)/G361*100,"-")
361	L361	100538	=H361-G361
361	M361	700	
361	N361	625284	
361	O361	625984	=M361+N361
361	Q361	5479	
361	U361	700	
361	AD361	700	=SUM(U361:AC361)
361	AH361	-12505.68	=N361-N361-(N361*0.02)
361	AI361	-12064.56	=L361-L361-(L361*0.12)
361	AP361	-154	=(AD361-AD361-(AD361*0.22))+(AN361-AN361-(AN361*0.22))+(AO361-AO361-(AO361*0.22))
362	A362	18	
362	B362	1840386	=B361+H361-O361-P361-Q361+R361-S361+T361
362	C362	346700	=ЗакПро!CI346
362	D362	174336	=ЗакПро!CJ346
362	E362	436570	=ЗакПро!CK346
362	F362	243804	=ЗакПро!CL346
362	G362	521036	=SUM(C362:D362)
362	H362	680374	=SUM(E362:F362)
362	I362	25.921546005191807	=IFERROR((E362-C362)/C362*100,"-")
362	J362	39.847191629955944	=IFERROR((F362-D362)/D362*100,"-")
362	K362	30.580996322710906	=IFERROR((H362-G362)/G362*100,"-")
362	L362	159338	=H362-G362
362	M362	0	
362	N362	482069	
362	O362	482069	=M362+N362
362	P362	3438	
362	AC362	20000	
362	AD362	20000	=SUM(U362:AC362)
362	AH362	-9641.380000000001	=N362-N362-(N362*0.02)
362	AI362	-19120.559999999998	=L362-L362-(L362*0.12)
362	AP362	-4400	=(AD362-AD362-(AD362*0.22))+(AN362-AN362-(AN362*0.22))+(AO362-AO362-(AO362*0.22))
363	A363	19	
363	B363	2035253	=B362+H362-O362-P362-Q362+R362-S362+T362
363	C363	0	=ЗакПро!CN346
363	D363	0	=ЗакПро!CO346
363	E363	0	=ЗакПро!CP346
363	F363	0	=ЗакПро!CQ346
363	G363	0	=SUM(C363:D363)
363	H363	0	=SUM(E363:F363)
363	I363	-	=IFERROR((E363-C363)/C363*100,"-")
363	J363	-	=IFERROR((F363-D363)/D363*100,"-")
363	K363	-	=IFERROR((H363-G363)/G363*100,"-")
363	L363	0	=H363-G363
363	M363	0	
363	N363	490245	
363	O363	490245	=M363+N363
363	AD363	0	=SUM(U363:AC363)
363	AH363	-9804.9	=N363-N363-(N363*0.02)
363	AI363	0	=L363-L363-(L363*0.12)
363	AP363	0	=(AD363-AD363-(AD363*0.22))+(AN363-AN363-(AN363*0.22))+(AO363-AO363-(AO363*0.22))
364	A364	20	
364	B364	1545008	=B363+H363-O363-P363-Q363+R363-S363+T363
364	C364	735424	=ЗакПро!CS346
364	D364	93416	=ЗакПро!CT346
364	E364	912533	=ЗакПро!CU346
364	F364	129366	=ЗакПро!CV346
364	G364	828840	=SUM(C364:D364)
364	H364	1041899	=SUM(E364:F364)
364	I364	24.082570054825517	=IFERROR((E364-C364)/C364*100,"-")
364	J364	38.483771516656674	=IFERROR((F364-D364)/D364*100,"-")
364	K364	25.705685053810146	=IFERROR((H364-G364)/G364*100,"-")
364	L364	213059	=H364-G364
364	M364	52600	
364	N364	508937	
364	O364	561537	=M364+N364
364	P364	2717	
364	AD364	0	=SUM(U364:AC364)
364	AH364	-10178.74	=N364-N364-(N364*0.02)
364	AI364	-25567.079999999998	=L364-L364-(L364*0.12)
364	AJ364	26317	
364	AK364	13158	
364	AN364	52600	
364	AP364	-11572	=(AD364-AD364-(AD364*0.22))+(AN364-AN364-(AN364*0.22))+(AO364-AO364-(AO364*0.22))
365	A365	21	
365	B365	2022653	=B364+H364-O364-P364-Q364+R364-S364+T364
365	C365	338967	=ЗакПро!CX346
365	D365	107560	=ЗакПро!CY346
365	E365	431803	=ЗакПро!CZ346
365	F365	141283	=ЗакПро!DA346
365	G365	446527	=SUM(C365:D365)
365	H365	573086	=SUM(E365:F365)
365	I365	27.387916817861324	=IFERROR((E365-C365)/C365*100,"-")
365	J365	31.352733358125697	=IFERROR((F365-D365)/D365*100,"-")
365	K365	28.342966942648484	=IFERROR((H365-G365)/G365*100,"-")
365	L365	126559	=H365-G365
365	M365	0	
365	N365	416723	
365	O365	416723	=M365+N365
365	AD365	0	=SUM(U365:AC365)
365	AH365	-8334.460000000001	=N365-N365-(N365*0.02)
365	AI365	-15187.08	=L365-L365-(L365*0.12)
365	AP365	0	=(AD365-AD365-(AD365*0.22))+(AN365-AN365-(AN365*0.22))+(AO365-AO365-(AO365*0.22))
366	A366	22	
366	B366	2179016	=B365+H365-O365-P365-Q365+R365-S365+T365
366	C366	369488	=ЗакПро!DC346
366	D366	48305	=ЗакПро!DD346
366	E366	449552	=ЗакПро!DE346
366	F366	71509	=ЗакПро!DF346
366	G366	417793	=SUM(C366:D366)
366	H366	521061	=SUM(E366:F366)
366	I366	21.66890399688217	=IFERROR((E366-C366)/C366*100,"-")
366	J366	48.03643515164062	=IFERROR((F366-D366)/D366*100,"-")
366	K366	24.717503644149136	=IFERROR((H366-G366)/G366*100,"-")
366	L366	103268	=H366-G366
366	M366	600	
366	N366	372249	
366	O366	372849	=M366+N366
366	S366	3000	
366	U366	600	
366	AD366	600	=SUM(U366:AC366)
366	AH366	-7444.9800000000005	=N366-N366-(N366*0.02)
366	AI366	-12392.16	=L366-L366-(L366*0.12)
366	AP366	-132	=(AD366-AD366-(AD366*0.22))+(AN366-AN366-(AN366*0.22))+(AO366-AO366-(AO366*0.22))
367	A367	23	
367	B367	2324228	=B366+H366-O366-P366-Q366+R366-S366+T366
367	C367	294735	=ЗакПро!DH346
367	D367	191630	=ЗакПро!DI346
367	E367	366849	=ЗакПро!DJ346
367	F367	268942	=ЗакПро!DK346
367	G367	486365	=SUM(C367:D367)
367	H367	635791	=SUM(E367:F367)
367	I367	24.46740292126826	=IFERROR((E367-C367)/C367*100,"-")
367	J367	40.34441371392788	=IFERROR((F367-D367)/D367*100,"-")
367	K367	30.723016664439257	=IFERROR((H367-G367)/G367*100,"-")
367	L367	149426	=H367-G367
367	M367	0	
367	N367	564727	
367	O367	564727	=M367+N367
367	AD367	0	=SUM(U367:AC367)
367	AH367	-11294.54	=N367-N367-(N367*0.02)
367	AI367	-17931.12	=L367-L367-(L367*0.12)
367	AP367	0	=(AD367-AD367-(AD367*0.22))+(AN367-AN367-(AN367*0.22))+(AO367-AO367-(AO367*0.22))
368	A368	24	
368	B368	2395292	=B367+H367-O367-P367-Q367+R367-S367+T367
368	C368	317353	=ЗакПро!DM346
368	D368	99446	=ЗакПро!DN346
368	E368	386845	=ЗакПро!DO346
368	F368	137907	=ЗакПро!DP346
368	G368	416799	=SUM(C368:D368)
368	H368	524752	=SUM(E368:F368)
368	I368	21.897382410123743	=IFERROR((E368-C368)/C368*100,"-")
368	J368	38.67526094563884	=IFERROR((F368-D368)/D368*100,"-")
368	K368	25.900494003104612	=IFERROR((H368-G368)/G368*100,"-")
368	L368	107953	=H368-G368
368	M368	504000	
368	N368	666394	
368	O368	1170394	=M368+N368
368	AC368	4000	
368	AD368	4000	=SUM(U368:AC368)
368	AH368	-13327.880000000001	=N368-N368-(N368*0.02)
368	AI368	-12954.359999999999	=L368-L368-(L368*0.12)
368	AP368	-880	=(AD368-AD368-(AD368*0.22))+(AN368-AN368-(AN368*0.22))+(AO368-AO368-(AO368*0.22))
369	A369	25	
369	B369	1749650	=B368+H368-O368-P368-Q368+R368-S368+T368
369	C369	537015	=ЗакПро!DR346
369	D369	265542	=ЗакПро!DS346
369	E369	664460	=ЗакПро!DT346
369	F369	384244	=ЗакПро!DU346
369	G369	802557	=SUM(C369:D369)
369	H369	1048704	=SUM(E369:F369)
369	I369	23.73211176596557	=IFERROR((E369-C369)/C369*100,"-")
369	J369	44.70177975612144	=IFERROR((F369-D369)/D369*100,"-")
369	K369	30.670344910081155	=IFERROR((H369-G369)/G369*100,"-")
369	L369	246147	=H369-G369
369	M369	68000	
369	N369	495140	
369	O369	563140	=M369+N369
369	X369	18000	
369	AD369	18000	=SUM(U369:AC369)
369	AH369	-9902.800000000001	=N369-N369-(N369*0.02)
369	AI369	-29537.64	=L369-L369-(L369*0.12)
369	AP369	-3960	=(AD369-AD369-(AD369*0.22))+(AN369-AN369-(AN369*0.22))+(AO369-AO369-(AO369*0.22))
370	A370	26	
370	B370	2235214	=B369+H369-O369-P369-Q369+R369-S369+T369
370	C370	0	=ЗакПро!DW346
370	D370	0	=ЗакПро!DX346
370	E370	0	=ЗакПро!DY346
370	F370	0	=ЗакПро!DZ346
370	G370	0	=SUM(C370:D370)
370	H370	0	=SUM(E370:F370)
370	I370	-	=IFERROR((E370-C370)/C370*100,"-")
370	J370	-	=IFERROR((F370-D370)/D370*100,"-")
370	K370	-	=IFERROR((H370-G370)/G370*100,"-")
370	L370	0	=H370-G370
370	M370	100000	
370	N370	401809	
370	O370	501809	=M370+N370
370	AD370	0	=SUM(U370:AC370)
370	AH370	-8036.18	=N370-N370-(N370*0.02)
370	AI370	0	=L370-L370-(L370*0.12)
370	AP370	0	=(AD370-AD370-(AD370*0.22))+(AN370-AN370-(AN370*0.22))+(AO370-AO370-(AO370*0.22))
371	A371	27	
371	B371	1733405	=B370+H370-O370-P370-Q370+R370-S370+T370
371	C371	619472	=ЗакПро!EB346
371	D371	115929	=ЗакПро!EC346
371	E371	761056	=ЗакПро!ED346
371	F371	164675	=ЗакПро!EE346
371	G371	735401	=SUM(C371:D371)
371	H371	925731	=SUM(E371:F371)
371	I371	22.855593150295736	=IFERROR((E371-C371)/C371*100,"-")
371	J371	42.04815016087433	=IFERROR((F371-D371)/D371*100,"-")
371	K371	25.881117920699047	=IFERROR((H371-G371)/G371*100,"-")
371	L371	190330	=H371-G371
371	M371	50000	
371	N371	332916	
371	O371	382916	=M371+N371
371	AD371	0	=SUM(U371:AC371)
371	AH371	-6658.32	=N371-N371-(N371*0.02)
371	AI371	-22839.6	=L371-L371-(L371*0.12)
371	AP371	0	=(AD371-AD371-(AD371*0.22))+(AN371-AN371-(AN371*0.22))+(AO371-AO371-(AO371*0.22))
372	A372	28	
372	B372	2276220	=B371+H371-O371-P371-Q371+R371-S371+T371
372	C372	236616	=ЗакПро!EG346
372	D372	2784	=ЗакПро!EH346
372	E372	281152	=ЗакПро!EI346
372	F372	3756	=ЗакПро!EJ346
372	G372	239400	=SUM(C372:D372)
372	H372	284908	=SUM(E372:F372)
372	I372	18.822057679954018	=IFERROR((E372-C372)/C372*100,"-")
372	J372	34.91379310344828	=IFERROR((F372-D372)/D372*100,"-")
372	K372	19.009189640768586	=IFERROR((H372-G372)/G372*100,"-")
372	L372	45508	=H372-G372
372	M372	20000	
372	N372	486721	
372	O372	506721	=M372+N372
372	AD372	0	=SUM(U372:AC372)
372	AH372	-9734.42	=N372-N372-(N372*0.02)
372	AI372	-5460.96	=L372-L372-(L372*0.12)
372	AP372	0	=(AD372-AD372-(AD372*0.22))+(AN372-AN372-(AN372*0.22))+(AO372-AO372-(AO372*0.22))
373	A373	29	
373	B373	2054407	=B372+H372-O372-P372-Q372+R372-S372+T372
373	C373	384120	=ЗакПро!EL346
373	D373	121350	=ЗакПро!EM346
373	E373	473711	=ЗакПро!EN346
373	F373	170463	=ЗакПро!EO346
373	G373	505470	=SUM(C373:D373)
373	H373	644174	=SUM(E373:F373)
373	I373	23.323700926793713	=IFERROR((E373-C373)/C373*100,"-")
373	J373	40.47218788627936	=IFERROR((F373-D373)/D373*100,"-")
373	K373	27.440599837774744	=IFERROR((H373-G373)/G373*100,"-")
373	L373	138704	=H373-G373
373	M373	0	
373	N373	556426	
373	O373	556426	=M373+N373
373	Q373	5534	
373	AD373	0	=SUM(U373:AC373)
373	AH373	-11128.52	=N373-N373-(N373*0.02)
373	AI373	-16644.48	=L373-L373-(L373*0.12)
373	AN373	91600	
373	AP373	-20152	=(AD373-AD373-(AD373*0.22))+(AN373-AN373-(AN373*0.22))+(AO373-AO373-(AO373*0.22))
374	A374	30	
374	B374	2136621	=B373+H373-O373-P373-Q373+R373-S373+T373
374	C374	449014	=ЗакПро!EQ346
374	D374	65700	=ЗакПро!ER346
374	E374	540717	=ЗакПро!ES346
374	F374	84230	=ЗакПро!ET346
374	G374	514714	=SUM(C374:D374)
374	H374	624947	=SUM(E374:F374)
374	I374	20.423193931592333	=IFERROR((E374-C374)/C374*100,"-")
374	J374	28.203957382039572	=IFERROR((F374-D374)/D374*100,"-")
374	K374	21.41635937627498	=IFERROR((H374-G374)/G374*100,"-")
374	L374	110233	=H374-G374
374	M374	0	
374	N374	575476	
374	O374	575476	=M374+N374
374	AD374	0	=SUM(U374:AC374)
374	AH374	-11509.52	=N374-N374-(N374*0.02)
374	AI374	-13227.96	=L374-L374-(L374*0.12)
374	AJ374	13646	
374	AK374	6823	
374	AN374	81200	
374	AP374	-17864	=(AD374-AD374-(AD374*0.22))+(AN374-AN374-(AN374*0.22))+(AO374-AO374-(AO374*0.22))
375	A375	31	
375	B375	2186092	=B374+H374-O374-P374-Q374+R374-S374+T374
375	C375	341523	=ЗакПро!EV346
375	D375	134467	=ЗакПро!EW346
375	E375	412045	=ЗакПро!EX346
375	F375	190125	=ЗакПро!EY346
375	G375	475990	=SUM(C375:D375)
375	H375	602170	=SUM(E375:F375)
375	I375	20.64926813128252	=IFERROR((E375-C375)/C375*100,"-")
375	J375	41.39156819145218	=IFERROR((F375-D375)/D375*100,"-")
375	K375	26.508960272274628	=IFERROR((H375-G375)/G375*100,"-")
375	L375	126180	=H375-G375
375	M375	443000	
375	N375	739436	
375	O375	1182436	=M375+N375
375	P375	6366	
375	Y375	4000	
375	AD375	4000	=SUM(U375:AC375)
375	AH375	-14788.720000000001	=N375-N375-(N375*0.02)
375	AI375	-15141.599999999999	=L375-L375-(L375*0.12)
375	AJ375	26317	
375	AK375	13158	
375	AN375	443000	
375	AP375	-98340	=(AD375-AD375-(AD375*0.22))+(AN375-AN375-(AN375*0.22))+(AO375-AO375-(AO375*0.22))
376	A376	Итого	
376	C376	10406264	=SUM(C345:C375)
376	D376	2922546	=SUM(D345:D375)
376	E376	12840001	=SUM(E345:E375)
376	F376	4110242	=SUM(F345:F375)
376	G376	13328810	=SUM(G345:G375)
376	H376	16950243	=SUM(H345:H375)
376	I376	23.201830422084072	=IFERROR(AVERAGE(I345:I375),"-")
376	J376	40.1983213270491	=IFERROR(AVERAGE(J345:J375),"-")
376	K376	26.757258199047246	=IFERROR(AVERAGE(K345:K375),"-")
376	L376	3621433	=SUM(L345:L375)
376	M376	2043310	=SUM(M345:M375)
376	N376	15172849	=SUM(N345:N375)
376	O376	17216159	=SUM(O345:O375)
376	P376	115956	=SUM(P345:P375)
376	Q376	34930	=SUM(Q345:Q375)
376	R376	0	=SUM(R345:R375)
376	S376	7434	=SUM(S345:S375)
376	T376	0	=SUM(T345:T375)
376	U376	7880	=SUM(U345:U375)
376	V376	0	=SUM(V345:V375)
376	W376	0	=SUM(W345:W375)
376	X376	36000	=SUM(X345:X375)
376	Y376	4000	=SUM(Y345:Y375)
376	Z376	0	=SUM(Z345:Z375)
376	AA376	0	=SUM(AA345:AA375)
376	AB376	0	=SUM(AB345:AB375)
376	AC376	28000	=SUM(AC345:AC375)
376	AD376	75880	=SUM(AD345:AD375)
376	AE376	13000	=SUM(AE345:AE375)
376	AF376	50000	=SUM(AF345:AF375)
376	AG376	71400	=SUM(AG345:AG375)
376	AH376	-303456.98	=SUM(AH345:AH375)
376	AI376	-434571.95999999996	=SUM(AI345:AI375)
376	AJ376	66280	=SUM(AJ345:AJ375)
376	AK376	33139	=SUM(AK345:AK375)
376	AL376	0	=SUM(AL345:AL375)
376	AM376	0	=SUM(AM345:AM375)
376	AN376	668400	=SUM(AN345:AN375)
376	AO376	0	=SUM(AO345:AO375)
376	AP376	-163741.6	=SUM(AP345:AP375)
400	A400	Август	
401	A401	Дата	
401	B401	Остаток	
401	C401	З. Коп	
401	D401	З. Мор	
401	E401	П. Коп	
401	F401	П. Мор	
401	G401	Закупка	
401	H401	Продажа	
401	I401	% коп	
401	J401	% мор	
401	K401	% общий	
401	L401	Грязная	
401	M401	Выр нал	
401	N401	Б/нал	
401	O401	Общая	
401	P401	Списания К.	
401	Q401	Списания М.	
401	R401	Перемещение	
401	S401	Уценка	
401	T401	Переоценка	
401	U401	Хоз. Нужды	
401	V401	Доставка	
401	W401	Уборка	
401	X401	Премия	
401	Y401	Выслуга	
401	Z401	Доплата	
401	AA401	Водитель	
401	AB401	Ком. Плат.	
401	AC401	Расходы	
401	AD401	Траты нал	
401	AE401	Вод. Б/нал	
401	AF401	Ком. Б/нал	
401	AG401	Аренда	
401	AH401	-% банк	
401	AI401	Налоги	
401	AJ401	Зарпл. Б/нал	
401	AK401	Налоги з/п	
401	AL401	Отпускные	
401	AM401	Налоги отпуск.	
401	AN401	Зарпл. Нал	
401	AO401	Отпуск. Нал	
401	AP401	НДФЛ 22%	
401	AQ401	Итог	
402	A402	1	
402	B402	1599460	=B375+H375-O375-P375-Q375+R375-S375+T375
402	C402	666840	=ЗакПро!B403
402	D402	181472	=ЗакПро!C403
402	E402	822698	=ЗакПро!D403
402	F402	254701	=ЗакПро!E403
402	G402	848312	=SUM(C402:D402)
402	H402	1077399	=SUM(E402:F402)
402	I402	23.37262311798932	=IFERROR((E402-C402)/C402*100,"-")
402	J402	40.35278169634985	=IFERROR((F402-D402)/D402*100,"-")
402	K402	27.005040598270448	=IFERROR((H402-G402)/G402*100,"-")
402	L402	229087	=H402-G402
402	M402	58770	
402	N402	546478	
402	O402	605248	=M402+N402
402	U402	5770	
402	AC402	3000	
402	AD402	8770	=SUM(U402:AC402)
402	AH402	-10929.56	=N402-N402-(N402*0.02)
402	AI402	-27490.44	=L402-L402-(L402*0.12)
402	AP402	-1929.4	=(AD402-AD402-(AD402*0.22))+(AN402-AN402-(AN402*0.22))+(AO402-AO402-(AO402*0.22))
402	AQ402	1738617.5199999998	=L433-Q433-AD433-AE433-AF433-AG433+AH433+AI433-AJ433-AK433-AL433-AM433-AN433-AO433+AP433
403	A403	2	
403	B403	2071611	=B402+H402-O402-P402-Q402+R402-S402+T402
403	C403	0	=ЗакПро!G403
403	D403	0	=ЗакПро!H403
403	E403	0	=ЗакПро!I403
403	F403	0	=ЗакПро!J403
403	G403	0	=SUM(C403:D403)
403	H403	0	=SUM(E403:F403)
403	I403	-	=IFERROR((E403-C403)/C403*100,"-")
403	J403	-	=IFERROR((F403-D403)/D403*100,"-")
403	K403	-	=IFERROR((H403-G403)/G403*100,"-")
403	L403	0	=H403-G403
403	M403	37000	
403	N403	394655	
403	O403	431655	=M403+N403
403	AC403	7000	
403	AD403	7000	=SUM(U403:AC403)
403	AH403	-7893.1	=N403-N403-(N403*0.02)
403	AI403	0	=L403-L403-(L403*0.12)
403	AP403	-1540	=(AD403-AD403-(AD403*0.22))+(AN403-AN403-(AN403*0.22))+(AO403-AO403-(AO403*0.22))
404	A404	3	
404	B404	1639956	=B403+H403-O403-P403-Q403+R403-S403+T403
404	C404	438128	=ЗакПро!L403
404	D404	127756	=ЗакПро!M403
404	E404	534703	=ЗакПро!N403
404	F404	177019	=ЗакПро!O403
404	G404	565884	=SUM(C404:D404)
404	H404	711722	=SUM(E404:F404)
404	I404	22.04264507175985	=IFERROR((E404-C404)/C404*100,"-")
404	J404	38.56022417733805	=IFERROR((F404-D404)/D404*100,"-")
404	K404	25.771712930565275	=IFERROR((H404-G404)/G404*100,"-")
404	L404	145838	=H404-G404
404	M404	28500	
404	N404	437778	
404	O404	466278	=M404+N404
404	P404	38233	
404	U404	3500	
404	AD404	3500	=SUM(U404:AC404)
404	AH404	-8755.56	=N404-N404-(N404*0.02)
404	AI404	-17500.559999999998	=L404-L404-(L404*0.12)
404	AP404	-770	=(AD404-AD404-(AD404*0.22))+(AN404-AN404-(AN404*0.22))+(AO404-AO404-(AO404*0.22))
405	A405	4	
405	B405	1847167	=B404+H404-O404-P404-Q404+R404-S404+T404
405	C405	252159	=ЗакПро!Q403
405	D405	90671	=ЗакПро!R403
405	E405	297476	=ЗакПро!S403
405	F405	126369	=ЗакПро!T403
405	G405	342830	=SUM(C405:D405)
405	H405	423845	=SUM(E405:F405)
405	I405	17.97159728583949	=IFERROR((E405-C405)/C405*100,"-")
405	J405	39.370912419627004	=IFERROR((F405-D405)/D405*100,"-")
405	K405	23.631245806959715	=IFERROR((H405-G405)/G405*100,"-")
405	L405	81015	=H405-G405
405	M405	11000	
405	N405	390464	
405	O405	401464	=M405+N405
405	P405	519	
405	Q405	300	
405	AD405	0	=SUM(U405:AC405)
405	AH405	-7809.28	=N405-N405-(N405*0.02)
405	AI405	-9721.8	=L405-L405-(L405*0.12)
405	AP405	0	=(AD405-AD405-(AD405*0.22))+(AN405-AN405-(AN405*0.22))+(AO405-AO405-(AO405*0.22))
406	A406	5	
406	B406	1868729	=B405+H405-O405-P405-Q405+R405-S405+T405
406	C406	294885	=ЗакПро!V403
406	D406	20950	=ЗакПро!W403
406	E406	343213	=ЗакПро!X403
406	F406	29285	=ЗакПро!Y403
406	G406	315835	=SUM(C406:D406)
406	H406	372498	=SUM(E406:F406)
406	I406	16.388761720670768	=IFERROR((E406-C406)/C406*100,"-")
406	J406	39.785202863961814	=IFERROR((F406-D406)/D406*100,"-")
406	K406	17.940696882866053	=IFERROR((H406-G406)/G406*100,"-")
406	L406	56663	=H406-G406
406	M406	95600	
406	N406	517012	
406	O406	612612	=M406+N406
406	Q406	300	
406	AD406	0	=SUM(U406:AC406)
406	AH406	-10340.24	=N406-N406-(N406*0.02)
406	AI406	-6799.5599999999995	=L406-L406-(L406*0.12)
406	AP406	0	=(AD406-AD406-(AD406*0.22))+(AN406-AN406-(AN406*0.22))+(AO406-AO406-(AO406*0.22))
407	A407	6	
407	B407	1628315	=B406+H406-O406-P406-Q406+R406-S406+T406
407	C407	358709	=ЗакПро!AA403
407	D407	115567	=ЗакПро!AB403
407	E407	416645	=ЗакПро!AC403
407	F407	162378	=ЗакПро!AD403
407	G407	474276	=SUM(C407:D407)
407	H407	579023	=SUM(E407:F407)
407	I407	16.15125352305072	=IFERROR((E407-C407)/C407*100,"-")
407	J407	40.50550762760996	=IFERROR((F407-D407)/D407*100,"-")
407	K407	22.08566320033061	=IFERROR((H407-G407)/G407*100,"-")
407	L407	104747	=H407-G407
407	M407	1200	
407	N407	550169	
407	O407	551369	=M407+N407
407	AD407	0	=SUM(U407:AC407)
407	AH407	-11003.380000000001	=N407-N407-(N407*0.02)
407	AI407	-12569.64	=L407-L407-(L407*0.12)
407	AP407	0	=(AD407-AD407-(AD407*0.22))+(AN407-AN407-(AN407*0.22))+(AO407-AO407-(AO407*0.22))
408	A408	7	
408	B408	1655969	=B407+H407-O407-P407-Q407+R407-S407+T407
408	C408	414329	=ЗакПро!AF403
408	D408	233028	=ЗакПро!AG403
408	E408	495738	=ЗакПро!AH403
408	F408	320257	=ЗакПро!AI403
408	G408	647357	=SUM(C408:D408)
408	H408	815995	=SUM(E408:F408)
408	I408	19.64839535731267	=IFERROR((E408-C408)/C408*100,"-")
408	J408	37.432840688672606	=IFERROR((F408-D408)/D408*100,"-")
408	K408	26.050231943116398	=IFERROR((H408-G408)/G408*100,"-")
408	L408	168638	=H408-G408
408	M408	0	
408	N408	550609	
408	O408	550609	=M408+N408
408	Q408	2800	
408	AD408	0	=SUM(U408:AC408)
408	AH408	-11012.18	=N408-N408-(N408*0.02)
408	AI408	-20236.559999999998	=L408-L408-(L408*0.12)
408	AP408	0	=(AD408-AD408-(AD408*0.22))+(AN408-AN408-(AN408*0.22))+(AO408-AO408-(AO408*0.22))
409	A409	8	
409	B409	1918555	=B408+H408-O408-P408-Q408+R408-S408+T408
409	C409	456977	=ЗакПро!AK403
409	D409	194542	=ЗакПро!AL403
409	E409	556349	=ЗакПро!AM403
409	F409	282903	=ЗакПро!AN403
409	G409	651519	=SUM(C409:D409)
409	H409	839252	=SUM(E409:F409)
409	I409	21.745514544495677	=IFERROR((E409-C409)/C409*100,"-")
409	J409	45.42001213105653	=IFERROR((F409-D409)/D409*100,"-")
409	K409	28.81466235059914	=IFERROR((H409-G409)/G409*100,"-")
409	L409	187733	=H409-G409
409	M409	60000	
409	N409	449313	
409	O409	509313	=M409+N409
409	AD409	0	=SUM(U409:AC409)
409	AH409	-8986.26	=N409-N409-(N409*0.02)
409	AI409	-22527.96	=L409-L409-(L409*0.12)
409	AP409	0	=(AD409-AD409-(AD409*0.22))+(AN409-AN409-(AN409*0.22))+(AO409-AO409-(AO409*0.22))
410	A410	9	
410	B410	2248494	=B409+H409-O409-P409-Q409+R409-S409+T409
410	C410	0	=ЗакПро!AP403
410	D410	0	=ЗакПро!AQ403
410	E410	0	=ЗакПро!AR403
410	F410	0	=ЗакПро!AS403
410	G410	0	=SUM(C410:D410)
410	H410	0	=SUM(E410:F410)
410	I410	-	=IFERROR((E410-C410)/C410*100,"-")
410	J410	-	=IFERROR((F410-D410)/D410*100,"-")
410	K410	-	=IFERROR((H410-G410)/G410*100,"-")
410	L410	0	=H410-G410
410	M410	30000	
410	N410	603024	
410	O410	633024	=M410+N410
410	AD410	0	=SUM(U410:AC410)
410	AH410	-12060.48	=N410-N410-(N410*0.02)
410	AI410	0	=L410-L410-(L410*0.12)
410	AP410	0	=(AD410-AD410-(AD410*0.22))+(AN410-AN410-(AN410*0.22))+(AO410-AO410-(AO410*0.22))
411	A411	10	
411	B411	1615470	=B410+H410-O410-P410-Q410+R410-S410+T410
411	C411	931864	=ЗакПро!AU403
411	D411	68826	=ЗакПро!AV403
411	E411	1148603	=ЗакПро!AW403
411	F411	95236	=ЗакПро!AX403
411	G411	1000690	=SUM(C411:D411)
411	H411	1243839	=SUM(E411:F411)
411	I411	23.258651477039567	=IFERROR((E411-C411)/C411*100,"-")
411	J411	38.37212681254177	=IFERROR((F411-D411)/D411*100,"-")
411	K411	24.298134287341735	=IFERROR((H411-G411)/G411*100,"-")
411	L411	243149	=H411-G411
411	M411	20000	
411	N411	386542	
411	O411	406542	=M411+N411
411	S411	600	
411	AD411	0	=SUM(U411:AC411)
411	AH411	-7730.84	=N411-N411-(N411*0.02)
411	AI411	-29177.879999999997	=L411-L411-(L411*0.12)
411	AP411	0	=(AD411-AD411-(AD411*0.22))+(AN411-AN411-(AN411*0.22))+(AO411-AO411-(AO411*0.22))
412	A412	11	
412	B412	2452167	=B411+H411-O411-P411-Q411+R411-S411+T411
412	C412	98757	=ЗакПро!AZ403
412	D412	2088	=ЗакПро!BA403
412	E412	120536	=ЗакПро!BB403
412	F412	2817	=ЗакПро!BC403
412	G412	100845	=SUM(C412:D412)
412	H412	123353	=SUM(E412:F412)
412	I412	22.053120285144345	=IFERROR((E412-C412)/C412*100,"-")
412	J412	34.91379310344828	=IFERROR((F412-D412)/D412*100,"-")
412	K412	22.31940106103426	=IFERROR((H412-G412)/G412*100,"-")
412	L412	22508	=H412-G412
412	M412	20000	
412	N412	337218	
412	O412	357218	=M412+N412
412	AC412	6100	
412	AD412	6100	=SUM(U412:AC412)
412	AH412	-6744.360000000001	=N412-N412-(N412*0.02)
412	AI412	-2700.96	=L412-L412-(L412*0.12)
412	AP412	-1342	=(AD412-AD412-(AD412*0.22))+(AN412-AN412-(AN412*0.22))+(AO412-AO412-(AO412*0.22))
413	A413	12	
413	B413	2218302	=B412+H412-O412-P412-Q412+R412-S412+T412
413	C413	314707	=ЗакПро!BE403
413	D413	61753	=ЗакПро!BF403
413	E413	395423	=ЗакПро!BG403
413	F413	84946	=ЗакПро!BH403
413	G413	376460	=SUM(C413:D413)
413	H413	480369	=SUM(E413:F413)
413	I413	25.647983680057955	=IFERROR((E413-C413)/C413*100,"-")
413	J413	37.55768950496332	=IFERROR((F413-D413)/D413*100,"-")
413	K413	27.601604420124314	=IFERROR((H413-G413)/G413*100,"-")
413	L413	103909	=H413-G413
413	M413	156100	
413	N413	560816	
413	O413	716916	=M413+N413
413	Q413	7093	
413	AD413	0	=SUM(U413:AC413)
413	AH413	-11216.32	=N413-N413-(N413*0.02)
413	AI413	-12469.08	=L413-L413-(L413*0.12)
413	AP413	0	=(AD413-AD413-(AD413*0.22))+(AN413-AN413-(AN413*0.22))+(AO413-AO413-(AO413*0.22))
414	A414	13	
414	B414	1974662	=B413+H413-O413-P413-Q413+R413-S413+T413
414	C414	506457	=ЗакПро!BJ403
414	D414	258083	=ЗакПро!BK403
414	E414	620170	=ЗакПро!BL403
414	F414	369373	=ЗакПро!BM403
414	G414	764540	=SUM(C414:D414)
414	H414	989543	=SUM(E414:F414)
414	I414	22.452646522804503	=IFERROR((E414-C414)/C414*100,"-")
414	J414	43.12178640204895	=IFERROR((F414-D414)/D414*100,"-")
414	K414	29.429853245088548	=IFERROR((H414-G414)/G414*100,"-")
414	L414	225003	=H414-G414
414	M414	101200	
414	N414	503818	
414	O414	605018	=M414+N414
414	Q414	9235	
414	R414	-14178	
414	AD414	0	=SUM(U414:AC414)
414	AH414	-10076.36	=N414-N414-(N414*0.02)
414	AI414	-27000.36	=L414-L414-(L414*0.12)
414	AP414	0	=(AD414-AD414-(AD414*0.22))+(AN414-AN414-(AN414*0.22))+(AO414-AO414-(AO414*0.22))
415	A415	14	
415	B415	2335774	=B414+H414-O414-P414-Q414+R414-S414+T414
415	C415	265303	=ЗакПро!BO403
415	D415	134052	=ЗакПро!BP403
415	E415	332826	=ЗакПро!BQ403
415	F415	198672	=ЗакПро!BR403
415	G415	399355	=SUM(C415:D415)
415	H415	531498	=SUM(E415:F415)
415	I415	25.45127646502301	=IFERROR((E415-C415)/C415*100,"-")
415	J415	48.20517411153881	=IFERROR((F415-D415)/D415*100,"-")
415	K415	33.08910618372125	=IFERROR((H415-G415)/G415*100,"-")
415	L415	132143	=H415-G415
415	M415	115000	
415	N415	702411	
415	O415	817411	=M415+N415
415	P415	23613	
415	AD415	0	=SUM(U415:AC415)
415	AH415	-14048.220000000001	=N415-N415-(N415*0.02)
415	AI415	-15857.16	=L415-L415-(L415*0.12)
415	AP415	0	=(AD415-AD415-(AD415*0.22))+(AN415-AN415-(AN415*0.22))+(AO415-AO415-(AO415*0.22))
416	A416	15	
416	B416	2026248	=B415+H415-O415-P415-Q415+R415-S415+T415
416	C416	546170	=ЗакПро!BT403
416	D416	147306	=ЗакПро!BU403
416	E416	681210	=ЗакПро!BV403
416	F416	202485	=ЗакПро!BW403
416	G416	693476	=SUM(C416:D416)
416	H416	883695	=SUM(E416:F416)
416	I416	24.724902502883715	=IFERROR((E416-C416)/C416*100,"-")
416	J416	37.45875931733942	=IFERROR((F416-D416)/D416*100,"-")
416	K416	27.4297884858308	=IFERROR((H416-G416)/G416*100,"-")
416	L416	190219	=H416-G416
416	M416	50000	
416	N416	539066	
416	O416	589066	=M416+N416
416	AD416	0	=SUM(U416:AC416)
416	AH416	-10781.32	=N416-N416-(N416*0.02)
416	AI416	-22826.28	=L416-L416-(L416*0.12)
416	AP416	0	=(AD416-AD416-(AD416*0.22))+(AN416-AN416-(AN416*0.22))+(AO416-AO416-(AO416*0.22))
417	A417	16	
417	B417	2320877	=B416+H416-O416-P416-Q416+R416-S416+T416
417	C417	0	=ЗакПро!BY403
417	D417	0	=ЗакПро!BZ403
417	E417	0	=ЗакПро!CA403
417	F417	0	=ЗакПро!CB403
417	G417	0	=SUM(C417:D417)
417	H417	0	=SUM(E417:F417)
417	I417	-	=IFERROR((E417-C417)/C417*100,"-")
417	J417	-	=IFERROR((F417-D417)/D417*100,"-")
417	K417	-	=IFERROR((H417-G417)/G417*100,"-")
417	L417	0	=H417-G417
417	M417	23000	
417	N417	490175	
417	O417	513175	=M417+N417
417	AD417	0	=SUM(U417:AC417)
417	AH417	-9803.5	=N417-N417-(N417*0.02)
417	AI417	0	=L417-L417-(L417*0.12)
417	AP417	0	=(AD417-AD417-(AD417*0.22))+(AN417-AN417-(AN417*0.22))+(AO417-AO417-(AO417*0.22))
418	A418	17	
418	B418	1807702	=B417+H417-O417-P417-Q417+R417-S417+T417
418	C418	588955	=ЗакПро!CD403
418	D418	229664	=ЗакПро!CE403
418	E418	726852	=ЗакПро!CF403
418	F418	324062	=ЗакПро!CG403
418	G418	818619	=SUM(C418:D418)
418	H418	1050914	=SUM(E418:F418)
418	I418	23.413843162890206	=IFERROR((E418-C418)/C418*100,"-")
418	J418	41.1026543123868	=IFERROR((F418-D418)/D418*100,"-")
418	K418	28.376448628727164	=IFERROR((H418-G418)/G418*100,"-")
418	L418	232295	=H418-G418
418	M418	40000	
418	N418	390569	
418	O418	430569	=M418+N418
418	T418	12000	
418	X418	3000	
418	AD418	3000	=SUM(U418:AC418)
418	AH418	-7811.38	=N418-N418-(N418*0.02)
418	AI418	-27875.399999999998	=L418-L418-(L418*0.12)
418	AP418	-660	=(AD418-AD418-(AD418*0.22))+(AN418-AN418-(AN418*0.22))+(AO418-AO418-(AO418*0.22))
419	A419	18	
419	B419	2440047	=B418+H418-O418-P418-Q418+R418-S418+T418
419	C419	311339	=ЗакПро!CI403
419	D419	75973	=ЗакПро!CJ403
419	E419	381909	=ЗакПро!CK403
419	F419	111493	=ЗакПро!CL403
419	G419	387312	=SUM(C419:D419)
419	H419	493402	=SUM(E419:F419)
419	I419	22.666610993161797	=IFERROR((E419-C419)/C419*100,"-")
419	J419	46.753451884222024	=IFERROR((F419-D419)/D419*100,"-")
419	K419	27.39135374065353	=IFERROR((H419-G419)/G419*100,"-")
419	L419	106090	=H419-G419
419	M419	0	
419	N419	429689	
419	O419	429689	=M419+N419
419	P419	9961	
419	Q419	8044	
419	AD419	0	=SUM(U419:AC419)
419	AH419	-8593.78	=N419-N419-(N419*0.02)
419	AI419	-12730.8	=L419-L419-(L419*0.12)
419	AP419	0	=(AD419-AD419-(AD419*0.22))+(AN419-AN419-(AN419*0.22))+(AO419-AO419-(AO419*0.22))
420	A420	19	
420	B420	2485755	=B419+H419-O419-P419-Q419+R419-S419+T419
420	C420	272320	=ЗакПро!CN403
420	D420	69635	=ЗакПро!CO403
420	E420	345931	=ЗакПро!CP403
420	F420	93963	=ЗакПро!CQ403
420	G420	341955	=SUM(C420:D420)
420	H420	439894	=SUM(E420:F420)
420	I420	27.031066392479435	=IFERROR((E420-C420)/C420*100,"-")
420	J420	34.936454369210885	=IFERROR((F420-D420)/D420*100,"-")
420	K420	28.640903042798026	=IFERROR((H420-G420)/G420*100,"-")
420	L420	97939	=H420-G420
420	M420	57600	
420	N420	644365	
420	O420	701965	=M420+N420
420	Q420	51269	
420	AD420	0	=SUM(U420:AC420)
420	AH420	-12887.300000000001	=N420-N420-(N420*0.02)
420	AI420	-11752.68	=L420-L420-(L420*0.12)
420	AP420	0	=(AD420-AD420-(AD420*0.22))+(AN420-AN420-(AN420*0.22))+(AO420-AO420-(AO420*0.22))
421	A421	20	
421	B421	2172415	=B420+H420-O420-P420-Q420+R420-S420+T420
421	C421	458633	=ЗакПро!CS403
421	D421	315840	=ЗакПро!CT403
421	E421	575610	=ЗакПро!CU403
421	F421	440560	=ЗакПро!CV403
421	G421	774473	=SUM(C421:D421)
421	H421	1016170	=SUM(E421:F421)
421	I421	25.505578534470917	=IFERROR((E421-C421)/C421*100,"-")
421	J421	39.488348530901725	=IFERROR((F421-D421)/D421*100,"-")
421	K421	31.20793107054733	=IFERROR((H421-G421)/G421*100,"-")
421	L421	241697	=H421-G421
421	M421	86869	
421	N421	531885	
421	O421	618754	=M421+N421
421	AD421	0	=SUM(U421:AC421)
421	AH421	-10637.7	=N421-N421-(N421*0.02)
421	AI421	-29003.64	=L421-L421-(L421*0.12)
421	AN421	78900	
421	AP421	-17358	=(AD421-AD421-(AD421*0.22))+(AN421-AN421-(AN421*0.22))+(AO421-AO421-(AO421*0.22))
422	A422	21	
422	B422	2569831	=B421+H421-O421-P421-Q421+R421-S421+T421
422	C422	312481	=ЗакПро!CX403
422	D422	47378	=ЗакПро!CY403
422	E422	380736	=ЗакПро!CZ403
422	F422	67977	=ЗакПро!DA403
422	G422	359859	=SUM(C422:D422)
422	H422	448713	=SUM(E422:F422)
422	I422	21.842928050025442	=IFERROR((E422-C422)/C422*100,"-")
422	J422	43.4779855629195	=IFERROR((F422-D422)/D422*100,"-")
422	K422	24.69133744049753	=IFERROR((H422-G422)/G422*100,"-")
422	L422	88854	=H422-G422
422	M422	800	
422	N422	700147	
422	O422	700947	=M422+N422
422	P422	18617	
422	Q422	9281	
422	AD422	0	=SUM(U422:AC422)
422	AH422	-14002.94	=N422-N422-(N422*0.02)
422	AI422	-10662.48	=L422-L422-(L422*0.12)
422	AJ422	52636	
422	AK422	26318	
422	AP422	0	=(AD422-AD422-(AD422*0.22))+(AN422-AN422-(AN422*0.22))+(AO422-AO422-(AO422*0.22))
423	A423	22	
423	B423	2289699	=B422+H422-O422-P422-Q422+R422-S422+T422
423	C423	0	=ЗакПро!DC403
423	D423	0	=ЗакПро!DD403
423	E423	0	=ЗакПро!DE403
423	F423	0	=ЗакПро!DF403
423	G423	0	=SUM(C423:D423)
423	H423	0	=SUM(E423:F423)
423	I423	-	=IFERROR((E423-C423)/C423*100,"-")
423	J423	-	=IFERROR((F423-D423)/D423*100,"-")
423	K423	-	=IFERROR((H423-G423)/G423*100,"-")
423	L423	0	=H423-G423
423	M423	20000	
423	N423	438631	
423	O423	458631	=M423+N423
423	AC423	7969	
423	AD423	7969	=SUM(U423:AC423)
423	AH423	-8772.62	=N423-N423-(N423*0.02)
423	AI423	0	=L423-L423-(L423*0.12)
423	AP423	-1753.18	=(AD423-AD423-(AD423*0.22))+(AN423-AN423-(AN423*0.22))+(AO423-AO423-(AO423*0.22))
424	A424	23	
424	B424	1831068	=B423+H423-O423-P423-Q423+R423-S423+T423
424	C424	0	=ЗакПро!DH403
424	D424	0	=ЗакПро!DI403
424	E424	0	=ЗакПро!DJ403
424	F424	0	=ЗакПро!DK403
424	G424	0	=SUM(C424:D424)
424	H424	0	=SUM(E424:F424)
424	I424	-	=IFERROR((E424-C424)/C424*100,"-")
424	J424	-	=IFERROR((F424-D424)/D424*100,"-")
424	K424	-	=IFERROR((H424-G424)/G424*100,"-")
424	L424	0	=H424-G424
424	M424	0	
424	N424	342505	
424	O424	342505	=M424+N424
424	P424	8223	
424	Q424	3756	
424	AD424	0	=SUM(U424:AC424)
424	AH424	-6850.1	=N424-N424-(N424*0.02)
424	AI424	0	=L424-L424-(L424*0.12)
424	AP424	0	=(AD424-AD424-(AD424*0.22))+(AN424-AN424-(AN424*0.22))+(AO424-AO424-(AO424*0.22))
425	A425	24	
425	B425	1476584	=B424+H424-O424-P424-Q424+R424-S424+T424
425	C425	0	=ЗакПро!DM403
425	D425	0	=ЗакПро!DN403
425	E425	0	=ЗакПро!DO403
425	F425	0	=ЗакПро!DP403
425	G425	0	=SUM(C425:D425)
425	H425	0	=SUM(E425:F425)
425	I425	-	=IFERROR((E425-C425)/C425*100,"-")
425	J425	-	=IFERROR((F425-D425)/D425*100,"-")
425	K425	-	=IFERROR((H425-G425)/G425*100,"-")
425	L425	0	=H425-G425
425	M425	4200	
425	N425	504974	
425	O425	509174	=M425+N425
425	P425	27437	
425	V425	4200	
425	AD425	4200	=SUM(U425:AC425)
425	AH425	-10099.48	=N425-N425-(N425*0.02)
425	AI425	0	=L425-L425-(L425*0.12)
425	AP425	-924	=(AD425-AD425-(AD425*0.22))+(AN425-AN425-(AN425*0.22))+(AO425-AO425-(AO425*0.22))
426	A426	25	
426	B426	939973	=B425+H425-O425-P425-Q425+R425-S425+T425
426	C426	0	=ЗакПро!DR403
426	D426	0	=ЗакПро!DS403
426	E426	0	=ЗакПро!DT403
426	F426	0	=ЗакПро!DU403
426	G426	0	=SUM(C426:D426)
426	H426	0	=SUM(E426:F426)
426	I426	-	=IFERROR((E426-C426)/C426*100,"-")
426	J426	-	=IFERROR((F426-D426)/D426*100,"-")
426	K426	-	=IFERROR((H426-G426)/G426*100,"-")
426	L426	0	=H426-G426
426	M426	0	
426	N426	278039	
426	O426	278039	=M426+N426
426	AD426	0	=SUM(U426:AC426)
426	AH426	-5560.78	=N426-N426-(N426*0.02)
426	AI426	0	=L426-L426-(L426*0.12)
426	AP426	0	=(AD426-AD426-(AD426*0.22))+(AN426-AN426-(AN426*0.22))+(AO426-AO426-(AO426*0.22))
427	A427	26	
427	B427	661934	=B426+H426-O426-P426-Q426+R426-S426+T426
427	C427	0	=ЗакПро!DW403
427	D427	0	=ЗакПро!DX403
427	E427	0	=ЗакПро!DY403
427	F427	0	=ЗакПро!DZ403
427	G427	0	=SUM(C427:D427)
427	H427	0	=SUM(E427:F427)
427	I427	-	=IFERROR((E427-C427)/C427*100,"-")
427	J427	-	=IFERROR((F427-D427)/D427*100,"-")
427	K427	-	=IFERROR((H427-G427)/G427*100,"-")
427	L427	0	=H427-G427
427	M427	2050	
427	N427	504433	
427	O427	506483	=M427+N427
427	U427	2050	
427	AD427	2050	=SUM(U427:AC427)
427	AH427	-10088.66	=N427-N427-(N427*0.02)
427	AI427	0	=L427-L427-(L427*0.12)
427	AP427	-451	=(AD427-AD427-(AD427*0.22))+(AN427-AN427-(AN427*0.22))+(AO427-AO427-(AO427*0.22))
428	A428	27	
428	B428	155451	=B427+H427-O427-P427-Q427+R427-S427+T427
428	C428	0	=ЗакПро!EB403
428	D428	0	=ЗакПро!EC403
428	E428	0	=ЗакПро!ED403
428	F428	0	=ЗакПро!EE403
428	G428	0	=SUM(C428:D428)
428	H428	0	=SUM(E428:F428)
428	I428	-	=IFERROR((E428-C428)/C428*100,"-")
428	J428	-	=IFERROR((F428-D428)/D428*100,"-")
428	K428	-	=IFERROR((H428-G428)/G428*100,"-")
428	L428	0	=H428-G428
428	M428	0	
428	N428	436459	
428	O428	436459	=M428+N428
428	AD428	0	=SUM(U428:AC428)
428	AH428	-8729.18	=N428-N428-(N428*0.02)
428	AI428	0	=L428-L428-(L428*0.12)
428	AP428	0	=(AD428-AD428-(AD428*0.22))+(AN428-AN428-(AN428*0.22))+(AO428-AO428-(AO428*0.22))
429	A429	28	
429	B429	-281008	=B428+H428-O428-P428-Q428+R428-S428+T428
429	C429	0	=ЗакПро!EG403
429	D429	0	=ЗакПро!EH403
429	E429	0	=ЗакПро!EI403
429	F429	0	=ЗакПро!EJ403
429	G429	0	=SUM(C429:D429)
429	H429	0	=SUM(E429:F429)
429	I429	-	=IFERROR((E429-C429)/C429*100,"-")
429	J429	-	=IFERROR((F429-D429)/D429*100,"-")
429	K429	-	=IFERROR((H429-G429)/G429*100,"-")
429	L429	0	=H429-G429
429	M429	4300	
429	N429	614339	
429	O429	618639	=M429+N429
429	P429	14509	
429	U429	1800	
429	AC429	2500	
429	AD429	4300	=SUM(U429:AC429)
429	AH429	-12286.78	=N429-N429-(N429*0.02)
429	AI429	0	=L429-L429-(L429*0.12)
429	AP429	-946	=(AD429-AD429-(AD429*0.22))+(AN429-AN429-(AN429*0.22))+(AO429-AO429-(AO429*0.22))
430	A430	29	
430	B430	-914156	=B429+H429-O429-P429-Q429+R429-S429+T429
430	C430	0	=ЗакПро!EL403
430	D430	0	=ЗакПро!EM403
430	E430	0	=ЗакПро!EN403
430	F430	0	=ЗакПро!EO403
430	G430	0	=SUM(C430:D430)
430	H430	0	=SUM(E430:F430)
430	I430	-	=IFERROR((E430-C430)/C430*100,"-")
430	J430	-	=IFERROR((F430-D430)/D430*100,"-")
430	K430	-	=IFERROR((H430-G430)/G430*100,"-")
430	L430	0	=H430-G430
430	O430	0	=M430+N430
430	AD430	0	=SUM(U430:AC430)
430	AH430	0	=N430-N430-(N430*0.02)
430	AI430	0	=L430-L430-(L430*0.12)
430	AP430	0	=(AD430-AD430-(AD430*0.22))+(AN430-AN430-(AN430*0.22))+(AO430-AO430-(AO430*0.22))
431	A431	30	
431	B431	-914156	=B430+H430-O430-P430-Q430+R430-S430+T430
431	C431	0	=ЗакПро!EQ403
431	D431	0	=ЗакПро!ER403
431	E431	0	=ЗакПро!ES403
431	F431	0	=ЗакПро!ET403
431	G431	0	=SUM(C431:D431)
431	H431	0	=SUM(E431:F431)
431	I431	-	=IFERROR((E431-C431)/C431*100,"-")
431	J431	-	=IFERROR((F431-D431)/D431*100,"-")
431	K431	-	=IFERROR((H431-G431)/G431*100,"-")
431	L431	0	=H431-G431
431	O431	0	=M431+N431
431	AD431	0	=SUM(U431:AC431)
431	AH431	0	=N431-N431-(N431*0.02)
431	AI431	0	=L431-L431-(L431*0.12)
431	AP431	0	=(AD431-AD431-(AD431*0.22))+(AN431-AN431-(AN431*0.22))+(AO431-AO431-(AO431*0.22))
432	A432	31	
432	B432	-914156	=B431+H431-O431-P431-Q431+R431-S431+T431
432	C432	0	=ЗакПро!EV403
432	D432	0	=ЗакПро!EW403
432	E432	0	=ЗакПро!EX403
432	F432	0	=ЗакПро!EY403
432	G432	0	=SUM(C432:D432)
432	H432	0	=SUM(E432:F432)
432	I432	-	=IFERROR((E432-C432)/C432*100,"-")
432	J432	-	=IFERROR((F432-D432)/D432*100,"-")
432	K432	-	=IFERROR((H432-G432)/G432*100,"-")
432	L432	0	=H432-G432
432	O432	0	=M432+N432
432	AD432	0	=SUM(U432:AC432)
432	AH432	0	=N432-N432-(N432*0.02)
432	AI432	0	=L432-L432-(L432*0.12)
432	AP432	0	=(AD432-AD432-(AD432*0.22))+(AN432-AN432-(AN432*0.22))+(AO432-AO432-(AO432*0.22))
433	A433	Итого	
433	C433	7489013	=SUM(C402:C432)
433	D433	2374584	=SUM(D402:D432)
433	E433	9176628	=SUM(E402:E432)
433	F433	3344496	=SUM(F402:F432)
433	G433	9863597	=SUM(G402:G432)
433	H433	12521124	=SUM(H402:H432)
433	I433	22.298299927061077	=IFERROR(AVERAGE(I402:I432),"-")
433	J433	40.378650306452066	=IFERROR(AVERAGE(J402:J432),"-")
433	K433	26.43195085105956	=IFERROR(AVERAGE(K402:K432),"-")
433	L433	2657527	=SUM(L402:L432)
433	M433	1023189	=SUM(M402:M432)
433	N433	13775583	=SUM(N402:N432)
433	O433	14798772	=SUM(O402:O432)
433	P433	141112	=SUM(P402:P432)
433	Q433	92078	=SUM(Q402:Q432)
433	R433	-14178	=SUM(R402:R432)
433	S433	600	=SUM(S402:S432)
433	T433	12000	=SUM(T402:T432)
433	U433	13120	=SUM(U402:U432)
433	V433	4200	=SUM(V402:V432)
433	W433	0	=SUM(W402:W432)
433	X433	3000	=SUM(X402:X432)
433	Y433	0	=SUM(Y402:Y432)
433	Z433	0	=SUM(Z402:Z432)
433	AA433	0	=SUM(AA402:AA432)
433	AB433	0	=SUM(AB402:AB432)
433	AC433	26569	=SUM(AC402:AC432)
433	AD433	46889	=SUM(AD402:AD432)
433	AE433	0	=SUM(AE402:AE432)
433	AF433	0	=SUM(AF402:AF432)
433	AG433	0	=SUM(AG402:AG432)
433	AH433	-275511.66000000003	=SUM(AH402:AH432)
433	AI433	-318903.24	=SUM(AI402:AI432)
433	AJ433	52636	=SUM(AJ402:AJ432)
433	AK433	26318	=SUM(AK402:AK432)
433	AL433	0	=SUM(AL402:AL432)
433	AM433	0	=SUM(AM402:AM432)
433	AN433	78900	=SUM(AN402:AN432)
433	AO433	0	=SUM(AO402:AO432)
433	AP433	-27673.58	=SUM(AP402:AP432)
457	A457	Сентябрь	
458	A458	Дата	
458	B458	Остаток	
458	C458	З. Коп	
458	D458	З. Мор	
458	E458	П. Коп	
458	F458	П. Мор	
458	G458	Закупка	
458	H458	Продажа	
458	I458	% коп	
458	J458	% мор	
458	K458	% общий	
458	L458	Грязная	
458	M458	Выр нал	
458	N458	Б/нал	
458	O458	Общая	
458	P458	Списания К.	
458	Q458	Списания М.	
458	R458	Перемещение	
458	S458	Уценка	
458	T458	Переоценка	
458	U458	Хоз. Нужды	
458	V458	Доставка	
458	W458	Уборка	
458	X458	Премия	
458	Y458	Выслуга	
458	Z458	Доплата	
458	AA458	Водитель	
458	AB458	Ком. Плат.	
458	AC458	Расходы	
458	AD458	Траты нал	
458	AE458	Вод. Б/нал	
458	AF458	Ком. Б/нал	
458	AG458	Аренда	
458	AH458	-% банк	
458	AI458	Налоги	
458	AJ458	Зарпл. Б/нал	
458	AK458	Налоги з/п	
458	AL458	Отпускные	
458	AM458	Налоги отпуск.	
458	AN458	Зарпл. Нал	
458	AO458	Отпуск. Нал	
458	AP458	НДФЛ 22%	
458	AQ458	Итог	
459	A459	1	
459	B459	-914156	=B432+H432-O432-P432-Q432+R432-S432+T432
459	C459	0	=ЗакПро!B460
459	D459	0	=ЗакПро!C460
459	E459	0	=ЗакПро!D460
459	F459	0	=ЗакПро!E460
459	G459	0	=SUM(C459:D459)
459	H459	0	=SUM(E459:F459)
459	I459	-	=IFERROR((E459-C459)/C459*100,"-")
459	J459	-	=IFERROR((F459-D459)/D459*100,"-")
459	K459	-	=IFERROR((H459-G459)/G459*100,"-")
459	L459	0	=H459-G459
459	O459	0	=M459+N459
459	AD459	0	=SUM(U459:AC459)
459	AH459	0	=N459-N459-(N459*0.02)
459	AI459	0	=L459-L459-(L459*0.12)
459	AP459	0	=(AD459-AD459-(AD459*0.22))+(AN459-AN459-(AN459*0.22))+(AO459-AO459-(AO459*0.22))
459	AQ459	0	=L490-Q490-AD490-AE490-AF490-AG490+AH490+AI490-AJ490-AK490-AL490-AM490-AN490-AO490+AP490
460	A460	2	
460	B460	-914156	=B459+H459-O459-P459-Q459+R459-S459+T459
460	C460	0	=ЗакПро!G460
460	D460	0	=ЗакПро!H460
460	E460	0	=ЗакПро!I460
460	F460	0	=ЗакПро!J460
460	G460	0	=SUM(C460:D460)
460	H460	0	=SUM(E460:F460)
460	I460	-	=IFERROR((E460-C460)/C460*100,"-")
460	J460	-	=IFERROR((F460-D460)/D460*100,"-")
460	K460	-	=IFERROR((H460-G460)/G460*100,"-")
460	L460	0	=H460-G460
460	O460	0	=M460+N460
460	AD460	0	=SUM(U460:AC460)
460	AH460	0	=N460-N460-(N460*0.02)
460	AI460	0	=L460-L460-(L460*0.12)
460	AP460	0	=(AD460-AD460-(AD460*0.22))+(AN460-AN460-(AN460*0.22))+(AO460-AO460-(AO460*0.22))
461	A461	3	
461	B461	-914156	=B460+H460-O460-P460-Q460+R460-S460+T460
461	C461	0	=ЗакПро!L460
461	D461	0	=ЗакПро!M460
461	E461	0	=ЗакПро!N460
461	F461	0	=ЗакПро!O460
461	G461	0	=SUM(C461:D461)
461	H461	0	=SUM(E461:F461)
461	I461	-	=IFERROR((E461-C461)/C461*100,"-")
461	J461	-	=IFERROR((F461-D461)/D461*100,"-")
461	K461	-	=IFERROR((H461-G461)/G461*100,"-")
461	L461	0	=H461-G461
461	O461	0	=M461+N461
461	AD461	0	=SUM(U461:AC461)
461	AH461	0	=N461-N461-(N461*0.02)
461	AI461	0	=L461-L461-(L461*0.12)
461	AP461	0	=(AD461-AD461-(AD461*0.22))+(AN461-AN461-(AN461*0.22))+(AO461-AO461-(AO461*0.22))
462	A462	4	
462	B462	-914156	=B461+H461-O461-P461-Q461+R461-S461+T461
462	C462	0	=ЗакПро!Q460
462	D462	0	=ЗакПро!R460
462	E462	0	=ЗакПро!S460
462	F462	0	=ЗакПро!T460
462	G462	0	=SUM(C462:D462)
462	H462	0	=SUM(E462:F462)
462	I462	-	=IFERROR((E462-C462)/C462*100,"-")
462	J462	-	=IFERROR((F462-D462)/D462*100,"-")
462	K462	-	=IFERROR((H462-G462)/G462*100,"-")
462	L462	0	=H462-G462
462	O462	0	=M462+N462
462	AD462	0	=SUM(U462:AC462)
462	AH462	0	=N462-N462-(N462*0.02)
462	AI462	0	=L462-L462-(L462*0.12)
462	AP462	0	=(AD462-AD462-(AD462*0.22))+(AN462-AN462-(AN462*0.22))+(AO462-AO462-(AO462*0.22))
463	A463	5	
463	B463	-914156	=B462+H462-O462-P462-Q462+R462-S462+T462
463	C463	0	=ЗакПро!V460
463	D463	0	=ЗакПро!W460
463	E463	0	=ЗакПро!X460
463	F463	0	=ЗакПро!Y460
463	G463	0	=SUM(C463:D463)
463	H463	0	=SUM(E463:F463)
463	I463	-	=IFERROR((E463-C463)/C463*100,"-")
463	J463	-	=IFERROR((F463-D463)/D463*100,"-")
463	K463	-	=IFERROR((H463-G463)/G463*100,"-")
463	L463	0	=H463-G463
463	O463	0	=M463+N463
463	AD463	0	=SUM(U463:AC463)
463	AH463	0	=N463-N463-(N463*0.02)
463	AI463	0	=L463-L463-(L463*0.12)
463	AP463	0	=(AD463-AD463-(AD463*0.22))+(AN463-AN463-(AN463*0.22))+(AO463-AO463-(AO463*0.22))
464	A464	6	
464	B464	-914156	=B463+H463-O463-P463-Q463+R463-S463+T463
464	C464	0	=ЗакПро!AA460
464	D464	0	=ЗакПро!AB460
464	E464	0	=ЗакПро!AC460
464	F464	0	=ЗакПро!AD460
464	G464	0	=SUM(C464:D464)
464	H464	0	=SUM(E464:F464)
464	I464	-	=IFERROR((E464-C464)/C464*100,"-")
464	J464	-	=IFERROR((F464-D464)/D464*100,"-")
464	K464	-	=IFERROR((H464-G464)/G464*100,"-")
464	L464	0	=H464-G464
464	O464	0	=M464+N464
464	AD464	0	=SUM(U464:AC464)
464	AH464	0	=N464-N464-(N464*0.02)
464	AI464	0	=L464-L464-(L464*0.12)
464	AP464	0	=(AD464-AD464-(AD464*0.22))+(AN464-AN464-(AN464*0.22))+(AO464-AO464-(AO464*0.22))
465	A465	7	
465	B465	-914156	=B464+H464-O464-P464-Q464+R464-S464+T464
465	C465	0	=ЗакПро!AF460
465	D465	0	=ЗакПро!AG460
465	E465	0	=ЗакПро!AH460
465	F465	0	=ЗакПро!AI460
465	G465	0	=SUM(C465:D465)
465	H465	0	=SUM(E465:F465)
465	I465	-	=IFERROR((E465-C465)/C465*100,"-")
465	J465	-	=IFERROR((F465-D465)/D465*100,"-")
465	K465	-	=IFERROR((H465-G465)/G465*100,"-")
465	L465	0	=H465-G465
465	O465	0	=M465+N465
465	AD465	0	=SUM(U465:AC465)
465	AH465	0	=N465-N465-(N465*0.02)
465	AI465	0	=L465-L465-(L465*0.12)
465	AP465	0	=(AD465-AD465-(AD465*0.22))+(AN465-AN465-(AN465*0.22))+(AO465-AO465-(AO465*0.22))
466	A466	8	
466	B466	-914156	=B465+H465-O465-P465-Q465+R465-S465+T465
466	C466	0	=ЗакПро!AK460
466	D466	0	=ЗакПро!AL460
466	E466	0	=ЗакПро!AM460
466	F466	0	=ЗакПро!AN460
466	G466	0	=SUM(C466:D466)
466	H466	0	=SUM(E466:F466)
466	I466	-	=IFERROR((E466-C466)/C466*100,"-")
466	J466	-	=IFERROR((F466-D466)/D466*100,"-")
466	K466	-	=IFERROR((H466-G466)/G466*100,"-")
466	L466	0	=H466-G466
466	O466	0	=M466+N466
466	AD466	0	=SUM(U466:AC466)
466	AH466	0	=N466-N466-(N466*0.02)
466	AI466	0	=L466-L466-(L466*0.12)
466	AP466	0	=(AD466-AD466-(AD466*0.22))+(AN466-AN466-(AN466*0.22))+(AO466-AO466-(AO466*0.22))
467	A467	9	
467	B467	-914156	=B466+H466-O466-P466-Q466+R466-S466+T466
467	C467	0	=ЗакПро!AP460
467	D467	0	=ЗакПро!AQ460
467	E467	0	=ЗакПро!AR460
467	F467	0	=ЗакПро!AS460
467	G467	0	=SUM(C467:D467)
467	H467	0	=SUM(E467:F467)
467	I467	-	=IFERROR((E467-C467)/C467*100,"-")
467	J467	-	=IFERROR((F467-D467)/D467*100,"-")
467	K467	-	=IFERROR((H467-G467)/G467*100,"-")
467	L467	0	=H467-G467
467	O467	0	=M467+N467
467	AD467	0	=SUM(U467:AC467)
467	AH467	0	=N467-N467-(N467*0.02)
467	AI467	0	=L467-L467-(L467*0.12)
467	AP467	0	=(AD467-AD467-(AD467*0.22))+(AN467-AN467-(AN467*0.22))+(AO467-AO467-(AO467*0.22))
468	A468	10	
468	B468	-914156	=B467+H467-O467-P467-Q467+R467-S467+T467
468	C468	0	=ЗакПро!AU460
468	D468	0	=ЗакПро!AV460
468	E468	0	=ЗакПро!AW460
468	F468	0	=ЗакПро!AX460
468	G468	0	=SUM(C468:D468)
468	H468	0	=SUM(E468:F468)
468	I468	-	=IFERROR((E468-C468)/C468*100,"-")
468	J468	-	=IFERROR((F468-D468)/D468*100,"-")
468	K468	-	=IFERROR((H468-G468)/G468*100,"-")
468	L468	0	=H468-G468
468	O468	0	=M468+N468
468	AD468	0	=SUM(U468:AC468)
468	AH468	0	=N468-N468-(N468*0.02)
468	AI468	0	=L468-L468-(L468*0.12)
468	AP468	0	=(AD468-AD468-(AD468*0.22))+(AN468-AN468-(AN468*0.22))+(AO468-AO468-(AO468*0.22))
469	A469	11	
469	B469	-914156	=B468+H468-O468-P468-Q468+R468-S468+T468
469	C469	0	=ЗакПро!AZ460
469	D469	0	=ЗакПро!BA460
469	E469	0	=ЗакПро!BB460
469	F469	0	=ЗакПро!BC460
469	G469	0	=SUM(C469:D469)
469	H469	0	=SUM(E469:F469)
469	I469	-	=IFERROR((E469-C469)/C469*100,"-")
469	J469	-	=IFERROR((F469-D469)/D469*100,"-")
469	K469	-	=IFERROR((H469-G469)/G469*100,"-")
469	L469	0	=H469-G469
469	O469	0	=M469+N469
469	AD469	0	=SUM(U469:AC469)
469	AH469	0	=N469-N469-(N469*0.02)
469	AI469	0	=L469-L469-(L469*0.12)
469	AP469	0	=(AD469-AD469-(AD469*0.22))+(AN469-AN469-(AN469*0.22))+(AO469-AO469-(AO469*0.22))
470	A470	12	
470	B470	-914156	=B469+H469-O469-P469-Q469+R469-S469+T469
470	C470	0	=ЗакПро!BE460
470	D470	0	=ЗакПро!BF460
470	E470	0	=ЗакПро!BG460
470	F470	0	=ЗакПро!BH460
470	G470	0	=SUM(C470:D470)
470	H470	0	=SUM(E470:F470)
470	I470	-	=IFERROR((E470-C470)/C470*100,"-")
470	J470	-	=IFERROR((F470-D470)/D470*100,"-")
470	K470	-	=IFERROR((H470-G470)/G470*100,"-")
470	L470	0	=H470-G470
470	O470	0	=M470+N470
470	AD470	0	=SUM(U470:AC470)
470	AH470	0	=N470-N470-(N470*0.02)
470	AI470	0	=L470-L470-(L470*0.12)
470	AP470	0	=(AD470-AD470-(AD470*0.22))+(AN470-AN470-(AN470*0.22))+(AO470-AO470-(AO470*0.22))
471	A471	13	
471	B471	-914156	=B470+H470-O470-P470-Q470+R470-S470+T470
471	C471	0	=ЗакПро!BJ460
471	D471	0	=ЗакПро!BK460
471	E471	0	=ЗакПро!BL460
471	F471	0	=ЗакПро!BM460
471	G471	0	=SUM(C471:D471)
471	H471	0	=SUM(E471:F471)
471	I471	-	=IFERROR((E471-C471)/C471*100,"-")
471	J471	-	=IFERROR((F471-D471)/D471*100,"-")
471	K471	-	=IFERROR((H471-G471)/G471*100,"-")
471	L471	0	=H471-G471
471	O471	0	=M471+N471
471	AD471	0	=SUM(U471:AC471)
471	AH471	0	=N471-N471-(N471*0.02)
471	AI471	0	=L471-L471-(L471*0.12)
471	AP471	0	=(AD471-AD471-(AD471*0.22))+(AN471-AN471-(AN471*0.22))+(AO471-AO471-(AO471*0.22))
472	A472	14	
472	B472	-914156	=B471+H471-O471-P471-Q471+R471-S471+T471
472	C472	0	=ЗакПро!BO460
472	D472	0	=ЗакПро!BP460
472	E472	0	=ЗакПро!BQ460
472	F472	0	=ЗакПро!BR460
472	G472	0	=SUM(C472:D472)
472	H472	0	=SUM(E472:F472)
472	I472	-	=IFERROR((E472-C472)/C472*100,"-")
472	J472	-	=IFERROR((F472-D472)/D472*100,"-")
472	K472	-	=IFERROR((H472-G472)/G472*100,"-")
472	L472	0	=H472-G472
472	O472	0	=M472+N472
472	AD472	0	=SUM(U472:AC472)
472	AH472	0	=N472-N472-(N472*0.02)
472	AI472	0	=L472-L472-(L472*0.12)
472	AP472	0	=(AD472-AD472-(AD472*0.22))+(AN472-AN472-(AN472*0.22))+(AO472-AO472-(AO472*0.22))
473	A473	15	
473	B473	-914156	=B472+H472-O472-P472-Q472+R472-S472+T472
473	C473	0	=ЗакПро!BT460
473	D473	0	=ЗакПро!BU460
473	E473	0	=ЗакПро!BV460
473	F473	0	=ЗакПро!BW460
473	G473	0	=SUM(C473:D473)
473	H473	0	=SUM(E473:F473)
473	I473	-	=IFERROR((E473-C473)/C473*100,"-")
473	J473	-	=IFERROR((F473-D473)/D473*100,"-")
473	K473	-	=IFERROR((H473-G473)/G473*100,"-")
473	L473	0	=H473-G473
473	O473	0	=M473+N473
473	AD473	0	=SUM(U473:AC473)
473	AH473	0	=N473-N473-(N473*0.02)
473	AI473	0	=L473-L473-(L473*0.12)
473	AP473	0	=(AD473-AD473-(AD473*0.22))+(AN473-AN473-(AN473*0.22))+(AO473-AO473-(AO473*0.22))
474	A474	16	
474	B474	-914156	=B473+H473-O473-P473-Q473+R473-S473+T473
474	C474	0	=ЗакПро!BY460
474	D474	0	=ЗакПро!BZ460
474	E474	0	=ЗакПро!CA460
474	F474	0	=ЗакПро!CB460
474	G474	0	=SUM(C474:D474)
474	H474	0	=SUM(E474:F474)
474	I474	-	=IFERROR((E474-C474)/C474*100,"-")
474	J474	-	=IFERROR((F474-D474)/D474*100,"-")
474	K474	-	=IFERROR((H474-G474)/G474*100,"-")
474	L474	0	=H474-G474
474	O474	0	=M474+N474
474	AD474	0	=SUM(U474:AC474)
474	AH474	0	=N474-N474-(N474*0.02)
474	AI474	0	=L474-L474-(L474*0.12)
474	AP474	0	=(AD474-AD474-(AD474*0.22))+(AN474-AN474-(AN474*0.22))+(AO474-AO474-(AO474*0.22))
475	A475	17	
475	B475	-914156	=B474+H474-O474-P474-Q474+R474-S474+T474
475	C475	0	=ЗакПро!CD460
475	D475	0	=ЗакПро!CE460
475	E475	0	=ЗакПро!CF460
475	F475	0	=ЗакПро!CG460
475	G475	0	=SUM(C475:D475)
475	H475	0	=SUM(E475:F475)
475	I475	-	=IFERROR((E475-C475)/C475*100,"-")
475	J475	-	=IFERROR((F475-D475)/D475*100,"-")
475	K475	-	=IFERROR((H475-G475)/G475*100,"-")
475	L475	0	=H475-G475
475	O475	0	=M475+N475
475	AD475	0	=SUM(U475:AC475)
475	AH475	0	=N475-N475-(N475*0.02)
475	AI475	0	=L475-L475-(L475*0.12)
475	AP475	0	=(AD475-AD475-(AD475*0.22))+(AN475-AN475-(AN475*0.22))+(AO475-AO475-(AO475*0.22))
476	A476	18	
476	B476	-914156	=B475+H475-O475-P475-Q475+R475-S475+T475
476	C476	0	=ЗакПро!CI460
476	D476	0	=ЗакПро!CJ460
476	E476	0	=ЗакПро!CK460
476	F476	0	=ЗакПро!CL460
476	G476	0	=SUM(C476:D476)
476	H476	0	=SUM(E476:F476)
476	I476	-	=IFERROR((E476-C476)/C476*100,"-")
476	J476	-	=IFERROR((F476-D476)/D476*100,"-")
476	K476	-	=IFERROR((H476-G476)/G476*100,"-")
476	L476	0	=H476-G476
476	O476	0	=M476+N476
476	AD476	0	=SUM(U476:AC476)
476	AH476	0	=N476-N476-(N476*0.02)
476	AI476	0	=L476-L476-(L476*0.12)
476	AP476	0	=(AD476-AD476-(AD476*0.22))+(AN476-AN476-(AN476*0.22))+(AO476-AO476-(AO476*0.22))
477	A477	19	
477	B477	-914156	=B476+H476-O476-P476-Q476+R476-S476+T476
477	C477	0	=ЗакПро!CN460
477	D477	0	=ЗакПро!CO460
477	E477	0	=ЗакПро!CP460
477	F477	0	=ЗакПро!CQ460
477	G477	0	=SUM(C477:D477)
477	H477	0	=SUM(E477:F477)
477	I477	-	=IFERROR((E477-C477)/C477*100,"-")
477	J477	-	=IFERROR((F477-D477)/D477*100,"-")
477	K477	-	=IFERROR((H477-G477)/G477*100,"-")
477	L477	0	=H477-G477
477	O477	0	=M477+N477
477	AD477	0	=SUM(U477:AC477)
477	AH477	0	=N477-N477-(N477*0.02)
477	AI477	0	=L477-L477-(L477*0.12)
477	AP477	0	=(AD477-AD477-(AD477*0.22))+(AN477-AN477-(AN477*0.22))+(AO477-AO477-(AO477*0.22))
478	A478	20	
478	B478	-914156	=B477+H477-O477-P477-Q477+R477-S477+T477
478	C478	0	=ЗакПро!CS460
478	D478	0	=ЗакПро!CT460
478	E478	0	=ЗакПро!CU460
478	F478	0	=ЗакПро!CV460
478	G478	0	=SUM(C478:D478)
478	H478	0	=SUM(E478:F478)
478	I478	-	=IFERROR((E478-C478)/C478*100,"-")
478	J478	-	=IFERROR((F478-D478)/D478*100,"-")
478	K478	-	=IFERROR((H478-G478)/G478*100,"-")
478	L478	0	=H478-G478
478	O478	0	=M478+N478
478	AD478	0	=SUM(U478:AC478)
478	AH478	0	=N478-N478-(N478*0.02)
478	AI478	0	=L478-L478-(L478*0.12)
478	AP478	0	=(AD478-AD478-(AD478*0.22))+(AN478-AN478-(AN478*0.22))+(AO478-AO478-(AO478*0.22))
479	A479	21	
479	B479	-914156	=B478+H478-O478-P478-Q478+R478-S478+T478
479	C479	0	=ЗакПро!CX460
479	D479	0	=ЗакПро!CY460
479	E479	0	=ЗакПро!CZ460
479	F479	0	=ЗакПро!DA460
479	G479	0	=SUM(C479:D479)
479	H479	0	=SUM(E479:F479)
479	I479	-	=IFERROR((E479-C479)/C479*100,"-")
479	J479	-	=IFERROR((F479-D479)/D479*100,"-")
479	K479	-	=IFERROR((H479-G479)/G479*100,"-")
479	L479	0	=H479-G479
479	O479	0	=M479+N479
479	AD479	0	=SUM(U479:AC479)
479	AH479	0	=N479-N479-(N479*0.02)
479	AI479	0	=L479-L479-(L479*0.12)
479	AP479	0	=(AD479-AD479-(AD479*0.22))+(AN479-AN479-(AN479*0.22))+(AO479-AO479-(AO479*0.22))
480	A480	22	
480	B480	-914156	=B479+H479-O479-P479-Q479+R479-S479+T479
480	C480	0	=ЗакПро!DC460
480	D480	0	=ЗакПро!DD460
480	E480	0	=ЗакПро!DE460
480	F480	0	=ЗакПро!DF460
480	G480	0	=SUM(C480:D480)
480	H480	0	=SUM(E480:F480)
480	I480	-	=IFERROR((E480-C480)/C480*100,"-")
480	J480	-	=IFERROR((F480-D480)/D480*100,"-")
480	K480	-	=IFERROR((H480-G480)/G480*100,"-")
480	L480	0	=H480-G480
480	O480	0	=M480+N480
480	AD480	0	=SUM(U480:AC480)
480	AH480	0	=N480-N480-(N480*0.02)
480	AI480	0	=L480-L480-(L480*0.12)
480	AP480	0	=(AD480-AD480-(AD480*0.22))+(AN480-AN480-(AN480*0.22))+(AO480-AO480-(AO480*0.22))
481	A481	23	
481	B481	-914156	=B480+H480-O480-P480-Q480+R480-S480+T480
481	C481	0	=ЗакПро!DH460
481	D481	0	=ЗакПро!DI460
481	E481	0	=ЗакПро!DJ460
481	F481	0	=ЗакПро!DK460
481	G481	0	=SUM(C481:D481)
481	H481	0	=SUM(E481:F481)
481	I481	-	=IFERROR((E481-C481)/C481*100,"-")
481	J481	-	=IFERROR((F481-D481)/D481*100,"-")
481	K481	-	=IFERROR((H481-G481)/G481*100,"-")
481	L481	0	=H481-G481
481	O481	0	=M481+N481
481	AD481	0	=SUM(U481:AC481)
481	AH481	0	=N481-N481-(N481*0.02)
481	AI481	0	=L481-L481-(L481*0.12)
481	AP481	0	=(AD481-AD481-(AD481*0.22))+(AN481-AN481-(AN481*0.22))+(AO481-AO481-(AO481*0.22))
482	A482	24	
482	B482	-914156	=B481+H481-O481-P481-Q481+R481-S481+T481
482	C482	0	=ЗакПро!DM460
482	D482	0	=ЗакПро!DN460
482	E482	0	=ЗакПро!DO460
482	F482	0	=ЗакПро!DP460
482	G482	0	=SUM(C482:D482)
482	H482	0	=SUM(E482:F482)
482	I482	-	=IFERROR((E482-C482)/C482*100,"-")
482	J482	-	=IFERROR((F482-D482)/D482*100,"-")
482	K482	-	=IFERROR((H482-G482)/G482*100,"-")
482	L482	0	=H482-G482
482	O482	0	=M482+N482
482	AD482	0	=SUM(U482:AC482)
482	AH482	0	=N482-N482-(N482*0.02)
482	AI482	0	=L482-L482-(L482*0.12)
482	AP482	0	=(AD482-AD482-(AD482*0.22))+(AN482-AN482-(AN482*0.22))+(AO482-AO482-(AO482*0.22))
483	A483	25	
483	B483	-914156	=B482+H482-O482-P482-Q482+R482-S482+T482
483	C483	0	=ЗакПро!DR460
483	D483	0	=ЗакПро!DS460
483	E483	0	=ЗакПро!DT460
483	F483	0	=ЗакПро!DU460
483	G483	0	=SUM(C483:D483)
483	H483	0	=SUM(E483:F483)
483	I483	-	=IFERROR((E483-C483)/C483*100,"-")
483	J483	-	=IFERROR((F483-D483)/D483*100,"-")
483	K483	-	=IFERROR((H483-G483)/G483*100,"-")
483	L483	0	=H483-G483
483	O483	0	=M483+N483
483	AD483	0	=SUM(U483:AC483)
483	AH483	0	=N483-N483-(N483*0.02)
483	AI483	0	=L483-L483-(L483*0.12)
483	AP483	0	=(AD483-AD483-(AD483*0.22))+(AN483-AN483-(AN483*0.22))+(AO483-AO483-(AO483*0.22))
484	A484	26	
484	B484	-914156	=B483+H483-O483-P483-Q483+R483-S483+T483
484	C484	0	=ЗакПро!DW460
484	D484	0	=ЗакПро!DX460
484	E484	0	=ЗакПро!DY460
484	F484	0	=ЗакПро!DZ460
484	G484	0	=SUM(C484:D484)
484	H484	0	=SUM(E484:F484)
484	I484	-	=IFERROR((E484-C484)/C484*100,"-")
484	J484	-	=IFERROR((F484-D484)/D484*100,"-")
484	K484	-	=IFERROR((H484-G484)/G484*100,"-")
484	L484	0	=H484-G484
484	O484	0	=M484+N484
484	AD484	0	=SUM(U484:AC484)
484	AH484	0	=N484-N484-(N484*0.02)
484	AI484	0	=L484-L484-(L484*0.12)
484	AP484	0	=(AD484-AD484-(AD484*0.22))+(AN484-AN484-(AN484*0.22))+(AO484-AO484-(AO484*0.22))
485	A485	27	
485	B485	-914156	=B484+H484-O484-P484-Q484+R484-S484+T484
485	C485	0	=ЗакПро!EB460
485	D485	0	=ЗакПро!EC460
485	E485	0	=ЗакПро!ED460
485	F485	0	=ЗакПро!EE460
485	G485	0	=SUM(C485:D485)
485	H485	0	=SUM(E485:F485)
485	I485	-	=IFERROR((E485-C485)/C485*100,"-")
485	J485	-	=IFERROR((F485-D485)/D485*100,"-")
485	K485	-	=IFERROR((H485-G485)/G485*100,"-")
485	L485	0	=H485-G485
485	O485	0	=M485+N485
485	AD485	0	=SUM(U485:AC485)
485	AH485	0	=N485-N485-(N485*0.02)
485	AI485	0	=L485-L485-(L485*0.12)
485	AP485	0	=(AD485-AD485-(AD485*0.22))+(AN485-AN485-(AN485*0.22))+(AO485-AO485-(AO485*0.22))
486	A486	28	
486	B486	-914156	=B485+H485-O485-P485-Q485+R485-S485+T485
486	C486	0	=ЗакПро!EG460
486	D486	0	=ЗакПро!EH460
486	E486	0	=ЗакПро!EI460
486	F486	0	=ЗакПро!EJ460
486	G486	0	=SUM(C486:D486)
486	H486	0	=SUM(E486:F486)
486	I486	-	=IFERROR((E486-C486)/C486*100,"-")
486	J486	-	=IFERROR((F486-D486)/D486*100,"-")
486	K486	-	=IFERROR((H486-G486)/G486*100,"-")
486	L486	0	=H486-G486
486	O486	0	=M486+N486
486	AD486	0	=SUM(U486:AC486)
486	AH486	0	=N486-N486-(N486*0.02)
486	AI486	0	=L486-L486-(L486*0.12)
486	AP486	0	=(AD486-AD486-(AD486*0.22))+(AN486-AN486-(AN486*0.22))+(AO486-AO486-(AO486*0.22))
487	A487	29	
487	B487	-914156	=B486+H486-O486-P486-Q486+R486-S486+T486
487	C487	0	=ЗакПро!EL460
487	D487	0	=ЗакПро!EM460
487	E487	0	=ЗакПро!EN460
487	F487	0	=ЗакПро!EO460
487	G487	0	=SUM(C487:D487)
487	H487	0	=SUM(E487:F487)
487	I487	-	=IFERROR((E487-C487)/C487*100,"-")
487	J487	-	=IFERROR((F487-D487)/D487*100,"-")
487	K487	-	=IFERROR((H487-G487)/G487*100,"-")
487	L487	0	=H487-G487
487	O487	0	=M487+N487
487	AD487	0	=SUM(U487:AC487)
487	AH487	0	=N487-N487-(N487*0.02)
487	AI487	0	=L487-L487-(L487*0.12)
487	AP487	0	=(AD487-AD487-(AD487*0.22))+(AN487-AN487-(AN487*0.22))+(AO487-AO487-(AO487*0.22))
488	A488	30	
488	B488	-914156	=B487+H487-O487-P487-Q487+R487-S487+T487
488	C488	0	=ЗакПро!EQ460
488	D488	0	=ЗакПро!ER460
488	E488	0	=ЗакПро!ES460
488	F488	0	=ЗакПро!ET460
488	G488	0	=SUM(C488:D488)
488	H488	0	=SUM(E488:F488)
488	I488	-	=IFERROR((E488-C488)/C488*100,"-")
488	J488	-	=IFERROR((F488-D488)/D488*100,"-")
488	K488	-	=IFERROR((H488-G488)/G488*100,"-")
488	L488	0	=H488-G488
488	O488	0	=M488+N488
488	AD488	0	=SUM(U488:AC488)
488	AH488	0	=N488-N488-(N488*0.02)
488	AI488	0	=L488-L488-(L488*0.12)
488	AP488	0	=(AD488-AD488-(AD488*0.22))+(AN488-AN488-(AN488*0.22))+(AO488-AO488-(AO488*0.22))
489	A489	31	
489	B489	-914156	=B488+H488-O488-P488-Q488+R488-S488+T488
489	C489	0	=ЗакПро!EV460
489	D489	0	=ЗакПро!EW460
489	E489	0	=ЗакПро!EX460
489	F489	0	=ЗакПро!EY460
489	G489	0	=SUM(C489:D489)
489	H489	0	=SUM(E489:F489)
489	I489	-	=IFERROR((E489-C489)/C489*100,"-")
489	J489	-	=IFERROR((F489-D489)/D489*100,"-")
489	K489	-	=IFERROR((H489-G489)/G489*100,"-")
489	L489	0	=H489-G489
489	O489	0	=M489+N489
489	AD489	0	=SUM(U489:AC489)
489	AH489	0	=N489-N489-(N489*0.02)
489	AI489	0	=L489-L489-(L489*0.12)
489	AP489	0	=(AD489-AD489-(AD489*0.22))+(AN489-AN489-(AN489*0.22))+(AO489-AO489-(AO489*0.22))
490	A490	Итого	
490	C490	0	=SUM(C459:C489)
490	D490	0	=SUM(D459:D489)
490	E490	0	=SUM(E459:E489)
490	F490	0	=SUM(F459:F489)
490	G490	0	=SUM(G459:G489)
490	H490	0	=SUM(H459:H489)
490	I490	-	=IFERROR(AVERAGE(I459:I489),"-")
490	J490	-	=IFERROR(AVERAGE(J459:J489),"-")
490	K490	-	=IFERROR(AVERAGE(K459:K489),"-")
490	L490	0	=SUM(L459:L489)
490	M490	0	=SUM(M459:M489)
490	N490	0	=SUM(N459:N489)
490	O490	0	=SUM(O459:O489)
490	P490	0	=SUM(P459:P489)
490	Q490	0	=SUM(Q459:Q489)
490	R490	0	=SUM(R459:R489)
490	S490	0	=SUM(S459:S489)
490	T490	0	=SUM(T459:T489)
490	U490	0	=SUM(U459:U489)
490	V490	0	=SUM(V459:V489)
490	W490	0	=SUM(W459:W489)
490	X490	0	=SUM(X459:X489)
490	Y490	0	=SUM(Y459:Y489)
490	Z490	0	=SUM(Z459:Z489)
490	AA490	0	=SUM(AA459:AA489)
490	AB490	0	=SUM(AB459:AB489)
490	AC490	0	=SUM(AC459:AC489)
490	AD490	0	=SUM(AD459:AD489)
490	AE490	0	=SUM(AE459:AE489)
490	AF490	0	=SUM(AF459:AF489)
490	AG490	0	=SUM(AG459:AG489)
490	AH490	0	=SUM(AH459:AH489)
490	AI490	0	=SUM(AI459:AI489)
490	AJ490	0	=SUM(AJ459:AJ489)
490	AK490	0	=SUM(AK459:AK489)
490	AL490	0	=SUM(AL459:AL489)
490	AM490	0	=SUM(AM459:AM489)
490	AN490	0	=SUM(AN459:AN489)
490	AO490	0	=SUM(AO459:AO489)
490	AP490	0	=SUM(AP459:AP489)
514	A514	Октябрь	
515	A515	Дата	
515	B515	Остаток	
515	C515	З. Коп	
515	D515	З. Мор	
515	E515	П. Коп	
515	F515	П. Мор	
515	G515	Закупка	
515	H515	Продажа	
515	I515	% коп	
515	J515	% мор	
515	K515	% общий	
515	L515	Грязная	
515	M515	Выр нал	
515	N515	Б/нал	
515	O515	Общая	
515	P515	Списания К.	
515	Q515	Списания М.	
515	R515	Перемещение	
515	S515	Уценка	
515	T515	Переоценка	
515	U515	Хоз. Нужды	
515	V515	Доставка	
515	W515	Уборка	
515	X515	Премия	
515	Y515	Выслуга	
515	Z515	Доплата	
515	AA515	Водитель	
515	AB515	Ком. Плат.	
515	AC515	Расходы	
515	AD515	Траты нал	
515	AE515	Вод. Б/нал	
515	AF515	Ком. Б/нал	
515	AG515	Аренда	
515	AH515	-% банк	
515	AI515	Налоги	
515	AJ515	Зарпл. Б/нал	
515	AK515	Налоги з/п	
515	AL515	Отпускные	
515	AM515	Налоги отпуск.	
515	AN515	Зарпл. Нал	
515	AO515	Отпуск. Нал	
515	AP515	НДФЛ 22%	
515	AQ515	Итог	
516	A516	1	
516	B516	-914156	=B489+H489-O489-P489-Q489+R489-S489+T489
516	C516	0	=ЗакПро!B517
516	D516	0	=ЗакПро!C517
516	E516	0	=ЗакПро!D517
516	F516	0	=ЗакПро!E517
516	G516	0	=SUM(C516:D516)
516	H516	0	=SUM(E516:F516)
516	I516	-	=IFERROR((E516-C516)/C516*100,"-")
516	J516	-	=IFERROR((F516-D516)/D516*100,"-")
516	K516	-	=IFERROR((H516-G516)/G516*100,"-")
516	L516	0	=H516-G516
516	O516	0	=M516+N516
516	AD516	0	=SUM(U516:AC516)
516	AH516	0	=N516-N516-(N516*0.02)
516	AI516	0	=L516-L516-(L516*0.12)
516	AP516	0	=(AD516-AD516-(AD516*0.22))+(AN516-AN516-(AN516*0.22))+(AO516-AO516-(AO516*0.22))
516	AQ516	0	=L547-Q547-AD547-AE547-AF547-AG547+AH547+AI547-AJ547-AK547-AL547-AM547-AN547-AO547+AP547
517	A517	2	
517	B517	-914156	=B516+H516-O516-P516-Q516+R516-S516+T516
517	C517	0	=ЗакПро!G517
517	D517	0	=ЗакПро!H517
517	E517	0	=ЗакПро!I517
517	F517	0	=ЗакПро!J517
517	G517	0	=SUM(C517:D517)
517	H517	0	=SUM(E517:F517)
517	I517	-	=IFERROR((E517-C517)/C517*100,"-")
517	J517	-	=IFERROR((F517-D517)/D517*100,"-")
517	K517	-	=IFERROR((H517-G517)/G517*100,"-")
517	L517	0	=H517-G517
517	O517	0	=M517+N517
517	AD517	0	=SUM(U517:AC517)
517	AH517	0	=N517-N517-(N517*0.02)
517	AI517	0	=L517-L517-(L517*0.12)
517	AP517	0	=(AD517-AD517-(AD517*0.22))+(AN517-AN517-(AN517*0.22))+(AO517-AO517-(AO517*0.22))
518	A518	3	
518	B518	-914156	=B517+H517-O517-P517-Q517+R517-S517+T517
518	C518	0	=ЗакПро!L517
518	D518	0	=ЗакПро!M517
518	E518	0	=ЗакПро!N517
518	F518	0	=ЗакПро!O517
518	G518	0	=SUM(C518:D518)
518	H518	0	=SUM(E518:F518)
518	I518	-	=IFERROR((E518-C518)/C518*100,"-")
518	J518	-	=IFERROR((F518-D518)/D518*100,"-")
518	K518	-	=IFERROR((H518-G518)/G518*100,"-")
518	L518	0	=H518-G518
518	O518	0	=M518+N518
518	AD518	0	=SUM(U518:AC518)
518	AH518	0	=N518-N518-(N518*0.02)
518	AI518	0	=L518-L518-(L518*0.12)
518	AP518	0	=(AD518-AD518-(AD518*0.22))+(AN518-AN518-(AN518*0.22))+(AO518-AO518-(AO518*0.22))
519	A519	4	
519	B519	-914156	=B518+H518-O518-P518-Q518+R518-S518+T518
519	C519	0	=ЗакПро!Q517
519	D519	0	=ЗакПро!R517
519	E519	0	=ЗакПро!S517
519	F519	0	=ЗакПро!T517
519	G519	0	=SUM(C519:D519)
519	H519	0	=SUM(E519:F519)
519	I519	-	=IFERROR((E519-C519)/C519*100,"-")
519	J519	-	=IFERROR((F519-D519)/D519*100,"-")
519	K519	-	=IFERROR((H519-G519)/G519*100,"-")
519	L519	0	=H519-G519
519	O519	0	=M519+N519
519	AD519	0	=SUM(U519:AC519)
519	AH519	0	=N519-N519-(N519*0.02)
519	AI519	0	=L519-L519-(L519*0.12)
519	AP519	0	=(AD519-AD519-(AD519*0.22))+(AN519-AN519-(AN519*0.22))+(AO519-AO519-(AO519*0.22))
520	A520	5	
520	B520	-914156	=B519+H519-O519-P519-Q519+R519-S519+T519
520	C520	0	=ЗакПро!V517
520	D520	0	=ЗакПро!W517
520	E520	0	=ЗакПро!X517
520	F520	0	=ЗакПро!Y517
520	G520	0	=SUM(C520:D520)
520	H520	0	=SUM(E520:F520)
520	I520	-	=IFERROR((E520-C520)/C520*100,"-")
520	J520	-	=IFERROR((F520-D520)/D520*100,"-")
520	K520	-	=IFERROR((H520-G520)/G520*100,"-")
520	L520	0	=H520-G520
520	O520	0	=M520+N520
520	AD520	0	=SUM(U520:AC520)
520	AH520	0	=N520-N520-(N520*0.02)
520	AI520	0	=L520-L520-(L520*0.12)
520	AP520	0	=(AD520-AD520-(AD520*0.22))+(AN520-AN520-(AN520*0.22))+(AO520-AO520-(AO520*0.22))
521	A521	6	
521	B521	-914156	=B520+H520-O520-P520-Q520+R520-S520+T520
521	C521	0	=ЗакПро!AA517
521	D521	0	=ЗакПро!AB517
521	E521	0	=ЗакПро!AC517
521	F521	0	=ЗакПро!AD517
521	G521	0	=SUM(C521:D521)
521	H521	0	=SUM(E521:F521)
521	I521	-	=IFERROR((E521-C521)/C521*100,"-")
521	J521	-	=IFERROR((F521-D521)/D521*100,"-")
521	K521	-	=IFERROR((H521-G521)/G521*100,"-")
521	L521	0	=H521-G521
521	O521	0	=M521+N521
521	AD521	0	=SUM(U521:AC521)
521	AH521	0	=N521-N521-(N521*0.02)
521	AI521	0	=L521-L521-(L521*0.12)
521	AP521	0	=(AD521-AD521-(AD521*0.22))+(AN521-AN521-(AN521*0.22))+(AO521-AO521-(AO521*0.22))
522	A522	7	
522	B522	-914156	=B521+H521-O521-P521-Q521+R521-S521+T521
522	C522	0	=ЗакПро!AF517
522	D522	0	=ЗакПро!AG517
522	E522	0	=ЗакПро!AH517
522	F522	0	=ЗакПро!AI517
522	G522	0	=SUM(C522:D522)
522	H522	0	=SUM(E522:F522)
522	I522	-	=IFERROR((E522-C522)/C522*100,"-")
522	J522	-	=IFERROR((F522-D522)/D522*100,"-")
522	K522	-	=IFERROR((H522-G522)/G522*100,"-")
522	L522	0	=H522-G522
522	O522	0	=M522+N522
522	AD522	0	=SUM(U522:AC522)
522	AH522	0	=N522-N522-(N522*0.02)
522	AI522	0	=L522-L522-(L522*0.12)
522	AP522	0	=(AD522-AD522-(AD522*0.22))+(AN522-AN522-(AN522*0.22))+(AO522-AO522-(AO522*0.22))
523	A523	8	
523	B523	-914156	=B522+H522-O522-P522-Q522+R522-S522+T522
523	C523	0	=ЗакПро!AK517
523	D523	0	=ЗакПро!AL517
523	E523	0	=ЗакПро!AM517
523	F523	0	=ЗакПро!AN517
523	G523	0	=SUM(C523:D523)
523	H523	0	=SUM(E523:F523)
523	I523	-	=IFERROR((E523-C523)/C523*100,"-")
523	J523	-	=IFERROR((F523-D523)/D523*100,"-")
523	K523	-	=IFERROR((H523-G523)/G523*100,"-")
523	L523	0	=H523-G523
523	O523	0	=M523+N523
523	AD523	0	=SUM(U523:AC523)
523	AH523	0	=N523-N523-(N523*0.02)
523	AI523	0	=L523-L523-(L523*0.12)
523	AP523	0	=(AD523-AD523-(AD523*0.22))+(AN523-AN523-(AN523*0.22))+(AO523-AO523-(AO523*0.22))
524	A524	9	
524	B524	-914156	=B523+H523-O523-P523-Q523+R523-S523+T523
524	C524	0	=ЗакПро!AP517
524	D524	0	=ЗакПро!AQ517
524	E524	0	=ЗакПро!AR517
524	F524	0	=ЗакПро!AS517
524	G524	0	=SUM(C524:D524)
524	H524	0	=SUM(E524:F524)
524	I524	-	=IFERROR((E524-C524)/C524*100,"-")
524	J524	-	=IFERROR((F524-D524)/D524*100,"-")
524	K524	-	=IFERROR((H524-G524)/G524*100,"-")
524	L524	0	=H524-G524
524	O524	0	=M524+N524
524	AD524	0	=SUM(U524:AC524)
524	AH524	0	=N524-N524-(N524*0.02)
524	AI524	0	=L524-L524-(L524*0.12)
524	AP524	0	=(AD524-AD524-(AD524*0.22))+(AN524-AN524-(AN524*0.22))+(AO524-AO524-(AO524*0.22))
525	A525	10	
525	B525	-914156	=B524+H524-O524-P524-Q524+R524-S524+T524
525	C525	0	=ЗакПро!AU517
525	D525	0	=ЗакПро!AV517
525	E525	0	=ЗакПро!AW517
525	F525	0	=ЗакПро!AX517
525	G525	0	=SUM(C525:D525)
525	H525	0	=SUM(E525:F525)
525	I525	-	=IFERROR((E525-C525)/C525*100,"-")
525	J525	-	=IFERROR((F525-D525)/D525*100,"-")
525	K525	-	=IFERROR((H525-G525)/G525*100,"-")
525	L525	0	=H525-G525
525	O525	0	=M525+N525
525	AD525	0	=SUM(U525:AC525)
525	AH525	0	=N525-N525-(N525*0.02)
525	AI525	0	=L525-L525-(L525*0.12)
525	AP525	0	=(AD525-AD525-(AD525*0.22))+(AN525-AN525-(AN525*0.22))+(AO525-AO525-(AO525*0.22))
526	A526	11	
526	B526	-914156	=B525+H525-O525-P525-Q525+R525-S525+T525
526	C526	0	=ЗакПро!AZ517
526	D526	0	=ЗакПро!BA517
526	E526	0	=ЗакПро!BB517
526	F526	0	=ЗакПро!BC517
526	G526	0	=SUM(C526:D526)
526	H526	0	=SUM(E526:F526)
526	I526	-	=IFERROR((E526-C526)/C526*100,"-")
526	J526	-	=IFERROR((F526-D526)/D526*100,"-")
526	K526	-	=IFERROR((H526-G526)/G526*100,"-")
526	L526	0	=H526-G526
526	O526	0	=M526+N526
526	AD526	0	=SUM(U526:AC526)
526	AH526	0	=N526-N526-(N526*0.02)
526	AI526	0	=L526-L526-(L526*0.12)
526	AP526	0	=(AD526-AD526-(AD526*0.22))+(AN526-AN526-(AN526*0.22))+(AO526-AO526-(AO526*0.22))
527	A527	12	
527	B527	-914156	=B526+H526-O526-P526-Q526+R526-S526+T526
527	C527	0	=ЗакПро!BE517
527	D527	0	=ЗакПро!BF517
527	E527	0	=ЗакПро!BG517
527	F527	0	=ЗакПро!BH517
527	G527	0	=SUM(C527:D527)
527	H527	0	=SUM(E527:F527)
527	I527	-	=IFERROR((E527-C527)/C527*100,"-")
527	J527	-	=IFERROR((F527-D527)/D527*100,"-")
527	K527	-	=IFERROR((H527-G527)/G527*100,"-")
527	L527	0	=H527-G527
527	O527	0	=M527+N527
527	AD527	0	=SUM(U527:AC527)
527	AH527	0	=N527-N527-(N527*0.02)
527	AI527	0	=L527-L527-(L527*0.12)
527	AP527	0	=(AD527-AD527-(AD527*0.22))+(AN527-AN527-(AN527*0.22))+(AO527-AO527-(AO527*0.22))
528	A528	13	
528	B528	-914156	=B527+H527-O527-P527-Q527+R527-S527+T527
528	C528	0	=ЗакПро!BJ517
528	D528	0	=ЗакПро!BK517
528	E528	0	=ЗакПро!BL517
528	F528	0	=ЗакПро!BM517
528	G528	0	=SUM(C528:D528)
528	H528	0	=SUM(E528:F528)
528	I528	-	=IFERROR((E528-C528)/C528*100,"-")
528	J528	-	=IFERROR((F528-D528)/D528*100,"-")
528	K528	-	=IFERROR((H528-G528)/G528*100,"-")
528	L528	0	=H528-G528
528	O528	0	=M528+N528
528	AD528	0	=SUM(U528:AC528)
528	AH528	0	=N528-N528-(N528*0.02)
528	AI528	0	=L528-L528-(L528*0.12)
528	AP528	0	=(AD528-AD528-(AD528*0.22))+(AN528-AN528-(AN528*0.22))+(AO528-AO528-(AO528*0.22))
529	A529	14	
529	B529	-914156	=B528+H528-O528-P528-Q528+R528-S528+T528
529	C529	0	=ЗакПро!BO517
529	D529	0	=ЗакПро!BP517
529	E529	0	=ЗакПро!BQ517
529	F529	0	=ЗакПро!BR517
529	G529	0	=SUM(C529:D529)
529	H529	0	=SUM(E529:F529)
529	I529	-	=IFERROR((E529-C529)/C529*100,"-")
529	J529	-	=IFERROR((F529-D529)/D529*100,"-")
529	K529	-	=IFERROR((H529-G529)/G529*100,"-")
529	L529	0	=H529-G529
529	O529	0	=M529+N529
529	AD529	0	=SUM(U529:AC529)
529	AH529	0	=N529-N529-(N529*0.02)
529	AI529	0	=L529-L529-(L529*0.12)
529	AP529	0	=(AD529-AD529-(AD529*0.22))+(AN529-AN529-(AN529*0.22))+(AO529-AO529-(AO529*0.22))
530	A530	15	
530	B530	-914156	=B529+H529-O529-P529-Q529+R529-S529+T529
530	C530	0	=ЗакПро!BT517
530	D530	0	=ЗакПро!BU517
530	E530	0	=ЗакПро!BV517
530	F530	0	=ЗакПро!BW517
530	G530	0	=SUM(C530:D530)
530	H530	0	=SUM(E530:F530)
530	I530	-	=IFERROR((E530-C530)/C530*100,"-")
530	J530	-	=IFERROR((F530-D530)/D530*100,"-")
530	K530	-	=IFERROR((H530-G530)/G530*100,"-")
530	L530	0	=H530-G530
530	O530	0	=M530+N530
530	AD530	0	=SUM(U530:AC530)
530	AH530	0	=N530-N530-(N530*0.02)
530	AI530	0	=L530-L530-(L530*0.12)
530	AP530	0	=(AD530-AD530-(AD530*0.22))+(AN530-AN530-(AN530*0.22))+(AO530-AO530-(AO530*0.22))
531	A531	16	
531	B531	-914156	=B530+H530-O530-P530-Q530+R530-S530+T530
531	C531	0	=ЗакПро!BY517
531	D531	0	=ЗакПро!BZ517
531	E531	0	=ЗакПро!CA517
531	F531	0	=ЗакПро!CB517
531	G531	0	=SUM(C531:D531)
531	H531	0	=SUM(E531:F531)
531	I531	-	=IFERROR((E531-C531)/C531*100,"-")
531	J531	-	=IFERROR((F531-D531)/D531*100,"-")
531	K531	-	=IFERROR((H531-G531)/G531*100,"-")
531	L531	0	=H531-G531
531	O531	0	=M531+N531
531	AD531	0	=SUM(U531:AC531)
531	AH531	0	=N531-N531-(N531*0.02)
531	AI531	0	=L531-L531-(L531*0.12)
531	AP531	0	=(AD531-AD531-(AD531*0.22))+(AN531-AN531-(AN531*0.22))+(AO531-AO531-(AO531*0.22))
532	A532	17	
532	B532	-914156	=B531+H531-O531-P531-Q531+R531-S531+T531
532	C532	0	=ЗакПро!CD517
532	D532	0	=ЗакПро!CE517
532	E532	0	=ЗакПро!CF517
532	F532	0	=ЗакПро!CG517
532	G532	0	=SUM(C532:D532)
532	H532	0	=SUM(E532:F532)
532	I532	-	=IFERROR((E532-C532)/C532*100,"-")
532	J532	-	=IFERROR((F532-D532)/D532*100,"-")
532	K532	-	=IFERROR((H532-G532)/G532*100,"-")
532	L532	0	=H532-G532
532	O532	0	=M532+N532
532	AD532	0	=SUM(U532:AC532)
532	AH532	0	=N532-N532-(N532*0.02)
532	AI532	0	=L532-L532-(L532*0.12)
532	AP532	0	=(AD532-AD532-(AD532*0.22))+(AN532-AN532-(AN532*0.22))+(AO532-AO532-(AO532*0.22))
533	A533	18	
533	B533	-914156	=B532+H532-O532-P532-Q532+R532-S532+T532
533	C533	0	=ЗакПро!CI517
533	D533	0	=ЗакПро!CJ517
533	E533	0	=ЗакПро!CK517
533	F533	0	=ЗакПро!CL517
533	G533	0	=SUM(C533:D533)
533	H533	0	=SUM(E533:F533)
533	I533	-	=IFERROR((E533-C533)/C533*100,"-")
533	J533	-	=IFERROR((F533-D533)/D533*100,"-")
533	K533	-	=IFERROR((H533-G533)/G533*100,"-")
533	L533	0	=H533-G533
533	O533	0	=M533+N533
533	AD533	0	=SUM(U533:AC533)
533	AH533	0	=N533-N533-(N533*0.02)
533	AI533	0	=L533-L533-(L533*0.12)
533	AP533	0	=(AD533-AD533-(AD533*0.22))+(AN533-AN533-(AN533*0.22))+(AO533-AO533-(AO533*0.22))
534	A534	19	
534	B534	-914156	=B533+H533-O533-P533-Q533+R533-S533+T533
534	C534	0	=ЗакПро!CN517
534	D534	0	=ЗакПро!CO517
534	E534	0	=ЗакПро!CP517
534	F534	0	=ЗакПро!CQ517
534	G534	0	=SUM(C534:D534)
534	H534	0	=SUM(E534:F534)
534	I534	-	=IFERROR((E534-C534)/C534*100,"-")
534	J534	-	=IFERROR((F534-D534)/D534*100,"-")
534	K534	-	=IFERROR((H534-G534)/G534*100,"-")
534	L534	0	=H534-G534
534	O534	0	=M534+N534
534	AD534	0	=SUM(U534:AC534)
534	AH534	0	=N534-N534-(N534*0.02)
534	AI534	0	=L534-L534-(L534*0.12)
534	AP534	0	=(AD534-AD534-(AD534*0.22))+(AN534-AN534-(AN534*0.22))+(AO534-AO534-(AO534*0.22))
535	A535	20	
535	B535	-914156	=B534+H534-O534-P534-Q534+R534-S534+T534
535	C535	0	=ЗакПро!CS517
535	D535	0	=ЗакПро!CT517
535	E535	0	=ЗакПро!CU517
535	F535	0	=ЗакПро!CV517
535	G535	0	=SUM(C535:D535)
535	H535	0	=SUM(E535:F535)
535	I535	-	=IFERROR((E535-C535)/C535*100,"-")
535	J535	-	=IFERROR((F535-D535)/D535*100,"-")
535	K535	-	=IFERROR((H535-G535)/G535*100,"-")
535	L535	0	=H535-G535
535	O535	0	=M535+N535
535	AD535	0	=SUM(U535:AC535)
535	AH535	0	=N535-N535-(N535*0.02)
535	AI535	0	=L535-L535-(L535*0.12)
535	AP535	0	=(AD535-AD535-(AD535*0.22))+(AN535-AN535-(AN535*0.22))+(AO535-AO535-(AO535*0.22))
536	A536	21	
536	B536	-914156	=B535+H535-O535-P535-Q535+R535-S535+T535
536	C536	0	=ЗакПро!CX517
536	D536	0	=ЗакПро!CY517
536	E536	0	=ЗакПро!CZ517
536	F536	0	=ЗакПро!DA517
536	G536	0	=SUM(C536:D536)
536	H536	0	=SUM(E536:F536)
536	I536	-	=IFERROR((E536-C536)/C536*100,"-")
536	J536	-	=IFERROR((F536-D536)/D536*100,"-")
536	K536	-	=IFERROR((H536-G536)/G536*100,"-")
536	L536	0	=H536-G536
536	O536	0	=M536+N536
536	AD536	0	=SUM(U536:AC536)
536	AH536	0	=N536-N536-(N536*0.02)
536	AI536	0	=L536-L536-(L536*0.12)
536	AP536	0	=(AD536-AD536-(AD536*0.22))+(AN536-AN536-(AN536*0.22))+(AO536-AO536-(AO536*0.22))
537	A537	22	
537	B537	-914156	=B536+H536-O536-P536-Q536+R536-S536+T536
537	C537	0	=ЗакПро!DC517
537	D537	0	=ЗакПро!DD517
537	E537	0	=ЗакПро!DE517
537	F537	0	=ЗакПро!DF517
537	G537	0	=SUM(C537:D537)
537	H537	0	=SUM(E537:F537)
537	I537	-	=IFERROR((E537-C537)/C537*100,"-")
537	J537	-	=IFERROR((F537-D537)/D537*100,"-")
537	K537	-	=IFERROR((H537-G537)/G537*100,"-")
537	L537	0	=H537-G537
537	O537	0	=M537+N537
537	AD537	0	=SUM(U537:AC537)
537	AH537	0	=N537-N537-(N537*0.02)
537	AI537	0	=L537-L537-(L537*0.12)
537	AP537	0	=(AD537-AD537-(AD537*0.22))+(AN537-AN537-(AN537*0.22))+(AO537-AO537-(AO537*0.22))
538	A538	23	
538	B538	-914156	=B537+H537-O537-P537-Q537+R537-S537+T537
538	C538	0	=ЗакПро!DH517
538	D538	0	=ЗакПро!DI517
538	E538	0	=ЗакПро!DJ517
538	F538	0	=ЗакПро!DK517
538	G538	0	=SUM(C538:D538)
538	H538	0	=SUM(E538:F538)
538	I538	-	=IFERROR((E538-C538)/C538*100,"-")
538	J538	-	=IFERROR((F538-D538)/D538*100,"-")
538	K538	-	=IFERROR((H538-G538)/G538*100,"-")
538	L538	0	=H538-G538
538	O538	0	=M538+N538
538	AD538	0	=SUM(U538:AC538)
538	AH538	0	=N538-N538-(N538*0.02)
538	AI538	0	=L538-L538-(L538*0.12)
538	AP538	0	=(AD538-AD538-(AD538*0.22))+(AN538-AN538-(AN538*0.22))+(AO538-AO538-(AO538*0.22))
539	A539	24	
539	B539	-914156	=B538+H538-O538-P538-Q538+R538-S538+T538
539	C539	0	=ЗакПро!DM517
539	D539	0	=ЗакПро!DN517
539	E539	0	=ЗакПро!DO517
539	F539	0	=ЗакПро!DP517
539	G539	0	=SUM(C539:D539)
539	H539	0	=SUM(E539:F539)
539	I539	-	=IFERROR((E539-C539)/C539*100,"-")
539	J539	-	=IFERROR((F539-D539)/D539*100,"-")
539	K539	-	=IFERROR((H539-G539)/G539*100,"-")
539	L539	0	=H539-G539
539	O539	0	=M539+N539
539	AD539	0	=SUM(U539:AC539)
539	AH539	0	=N539-N539-(N539*0.02)
539	AI539	0	=L539-L539-(L539*0.12)
539	AP539	0	=(AD539-AD539-(AD539*0.22))+(AN539-AN539-(AN539*0.22))+(AO539-AO539-(AO539*0.22))
540	A540	25	
540	B540	-914156	=B539+H539-O539-P539-Q539+R539-S539+T539
540	C540	0	=ЗакПро!DR517
540	D540	0	=ЗакПро!DS517
540	E540	0	=ЗакПро!DT517
540	F540	0	=ЗакПро!DU517
540	G540	0	=SUM(C540:D540)
540	H540	0	=SUM(E540:F540)
540	I540	-	=IFERROR((E540-C540)/C540*100,"-")
540	J540	-	=IFERROR((F540-D540)/D540*100,"-")
540	K540	-	=IFERROR((H540-G540)/G540*100,"-")
540	L540	0	=H540-G540
540	O540	0	=M540+N540
540	AD540	0	=SUM(U540:AC540)
540	AH540	0	=N540-N540-(N540*0.02)
540	AI540	0	=L540-L540-(L540*0.12)
540	AP540	0	=(AD540-AD540-(AD540*0.22))+(AN540-AN540-(AN540*0.22))+(AO540-AO540-(AO540*0.22))
541	A541	26	
541	B541	-914156	=B540+H540-O540-P540-Q540+R540-S540+T540
541	C541	0	=ЗакПро!DW517
541	D541	0	=ЗакПро!DX517
541	E541	0	=ЗакПро!DY517
541	F541	0	=ЗакПро!DZ517
541	G541	0	=SUM(C541:D541)
541	H541	0	=SUM(E541:F541)
541	I541	-	=IFERROR((E541-C541)/C541*100,"-")
541	J541	-	=IFERROR((F541-D541)/D541*100,"-")
541	K541	-	=IFERROR((H541-G541)/G541*100,"-")
541	L541	0	=H541-G541
541	O541	0	=M541+N541
541	AD541	0	=SUM(U541:AC541)
541	AH541	0	=N541-N541-(N541*0.02)
541	AI541	0	=L541-L541-(L541*0.12)
541	AP541	0	=(AD541-AD541-(AD541*0.22))+(AN541-AN541-(AN541*0.22))+(AO541-AO541-(AO541*0.22))
542	A542	27	
542	B542	-914156	=B541+H541-O541-P541-Q541+R541-S541+T541
542	C542	0	=ЗакПро!EB517
542	D542	0	=ЗакПро!EC517
542	E542	0	=ЗакПро!ED517
542	F542	0	=ЗакПро!EE517
542	G542	0	=SUM(C542:D542)
542	H542	0	=SUM(E542:F542)
542	I542	-	=IFERROR((E542-C542)/C542*100,"-")
542	J542	-	=IFERROR((F542-D542)/D542*100,"-")
542	K542	-	=IFERROR((H542-G542)/G542*100,"-")
542	L542	0	=H542-G542
542	O542	0	=M542+N542
542	AD542	0	=SUM(U542:AC542)
542	AH542	0	=N542-N542-(N542*0.02)
542	AI542	0	=L542-L542-(L542*0.12)
542	AP542	0	=(AD542-AD542-(AD542*0.22))+(AN542-AN542-(AN542*0.22))+(AO542-AO542-(AO542*0.22))
543	A543	28	
543	B543	-914156	=B542+H542-O542-P542-Q542+R542-S542+T542
543	C543	0	=ЗакПро!EG517
543	D543	0	=ЗакПро!EH517
543	E543	0	=ЗакПро!EI517
543	F543	0	=ЗакПро!EJ517
543	G543	0	=SUM(C543:D543)
543	H543	0	=SUM(E543:F543)
543	I543	-	=IFERROR((E543-C543)/C543*100,"-")
543	J543	-	=IFERROR((F543-D543)/D543*100,"-")
543	K543	-	=IFERROR((H543-G543)/G543*100,"-")
543	L543	0	=H543-G543
543	O543	0	=M543+N543
543	AD543	0	=SUM(U543:AC543)
543	AH543	0	=N543-N543-(N543*0.02)
543	AI543	0	=L543-L543-(L543*0.12)
543	AP543	0	=(AD543-AD543-(AD543*0.22))+(AN543-AN543-(AN543*0.22))+(AO543-AO543-(AO543*0.22))
544	A544	29	
544	B544	-914156	=B543+H543-O543-P543-Q543+R543-S543+T543
544	C544	0	=ЗакПро!EL517
544	D544	0	=ЗакПро!EM517
544	E544	0	=ЗакПро!EN517
544	F544	0	=ЗакПро!EO517
544	G544	0	=SUM(C544:D544)
544	H544	0	=SUM(E544:F544)
544	I544	-	=IFERROR((E544-C544)/C544*100,"-")
544	J544	-	=IFERROR((F544-D544)/D544*100,"-")
544	K544	-	=IFERROR((H544-G544)/G544*100,"-")
544	L544	0	=H544-G544
544	O544	0	=M544+N544
544	AD544	0	=SUM(U544:AC544)
544	AH544	0	=N544-N544-(N544*0.02)
544	AI544	0	=L544-L544-(L544*0.12)
544	AP544	0	=(AD544-AD544-(AD544*0.22))+(AN544-AN544-(AN544*0.22))+(AO544-AO544-(AO544*0.22))
545	A545	30	
545	B545	-914156	=B544+H544-O544-P544-Q544+R544-S544+T544
545	C545	0	=ЗакПро!EQ517
545	D545	0	=ЗакПро!ER517
545	E545	0	=ЗакПро!ES517
545	F545	0	=ЗакПро!ET517
545	G545	0	=SUM(C545:D545)
545	H545	0	=SUM(E545:F545)
545	I545	-	=IFERROR((E545-C545)/C545*100,"-")
545	J545	-	=IFERROR((F545-D545)/D545*100,"-")
545	K545	-	=IFERROR((H545-G545)/G545*100,"-")
545	L545	0	=H545-G545
545	O545	0	=M545+N545
545	AD545	0	=SUM(U545:AC545)
545	AH545	0	=N545-N545-(N545*0.02)
545	AI545	0	=L545-L545-(L545*0.12)
545	AP545	0	=(AD545-AD545-(AD545*0.22))+(AN545-AN545-(AN545*0.22))+(AO545-AO545-(AO545*0.22))
546	A546	31	
546	B546	-914156	=B545+H545-O545-P545-Q545+R545-S545+T545
546	C546	0	=ЗакПро!EV517
546	D546	0	=ЗакПро!EW517
546	E546	0	=ЗакПро!EX517
546	F546	0	=ЗакПро!EY517
546	G546	0	=SUM(C546:D546)
546	H546	0	=SUM(E546:F546)
546	I546	-	=IFERROR((E546-C546)/C546*100,"-")
546	J546	-	=IFERROR((F546-D546)/D546*100,"-")
546	K546	-	=IFERROR((H546-G546)/G546*100,"-")
546	L546	0	=H546-G546
546	O546	0	=M546+N546
546	AD546	0	=SUM(U546:AC546)
546	AH546	0	=N546-N546-(N546*0.02)
546	AI546	0	=L546-L546-(L546*0.12)
546	AP546	0	=(AD546-AD546-(AD546*0.22))+(AN546-AN546-(AN546*0.22))+(AO546-AO546-(AO546*0.22))
547	A547	Итого	
547	C547	0	=SUM(C516:C546)
547	D547	0	=SUM(D516:D546)
547	E547	0	=SUM(E516:E546)
547	F547	0	=SUM(F516:F546)
547	G547	0	=SUM(G516:G546)
547	H547	0	=SUM(H516:H546)
547	I547	-	=IFERROR(AVERAGE(I516:I546),"-")
547	J547	-	=IFERROR(AVERAGE(J516:J546),"-")
547	K547	-	=IFERROR(AVERAGE(K516:K546),"-")
547	L547	0	=SUM(L516:L546)
547	M547	0	=SUM(M516:M546)
547	N547	0	=SUM(N516:N546)
547	O547	0	=SUM(O516:O546)
547	P547	0	=SUM(P516:P546)
547	Q547	0	=SUM(Q516:Q546)
547	R547	0	=SUM(R516:R546)
547	S547	0	=SUM(S516:S546)
547	T547	0	=SUM(T516:T546)
547	U547	0	=SUM(U516:U546)
547	V547	0	=SUM(V516:V546)
547	W547	0	=SUM(W516:W546)
547	X547	0	=SUM(X516:X546)
547	Y547	0	=SUM(Y516:Y546)
547	Z547	0	=SUM(Z516:Z546)
547	AA547	0	=SUM(AA516:AA546)
547	AB547	0	=SUM(AB516:AB546)
547	AC547	0	=SUM(AC516:AC546)
547	AD547	0	=SUM(AD516:AD546)
547	AE547	0	=SUM(AE516:AE546)
547	AF547	0	=SUM(AF516:AF546)
547	AG547	0	=SUM(AG516:AG546)
547	AH547	0	=SUM(AH516:AH546)
547	AI547	0	=SUM(AI516:AI546)
547	AJ547	0	=SUM(AJ516:AJ546)
547	AK547	0	=SUM(AK516:AK546)
547	AL547	0	=SUM(AL516:AL546)
547	AM547	0	=SUM(AM516:AM546)
547	AN547	0	=SUM(AN516:AN546)
547	AO547	0	=SUM(AO516:AO546)
547	AP547	0	=SUM(AP516:AP546)
571	A571	Ноябрь	
572	A572	Дата	
572	B572	Остаток	
572	C572	З. Коп	
572	D572	З. Мор	
572	E572	П. Коп	
572	F572	П. Мор	
572	G572	Закупка	
572	H572	Продажа	
572	I572	% коп	
572	J572	% мор	
572	K572	% общий	
572	L572	Грязная	
572	M572	Выр нал	
572	N572	Б/нал	
572	O572	Общая	
572	P572	Списания К.	
572	Q572	Списания М.	
572	R572	Перемещение	
572	S572	Уценка	
572	T572	Переоценка	
572	U572	Хоз. Нужды	
572	V572	Доставка	
572	W572	Уборка	
572	X572	Премия	
572	Y572	Выслуга	
572	Z572	Доплата	
572	AA572	Водитель	
572	AB572	Ком. Плат.	
572	AC572	Расходы	
572	AD572	Траты нал	
572	AE572	Вод. Б/нал	
572	AF572	Ком. Б/нал	
572	AG572	Аренда	
572	AH572	-% банк	
572	AI572	Налоги	
572	AJ572	Зарпл. Б/нал	
572	AK572	Налоги з/п	
572	AL572	Отпускные	
572	AM572	Налоги отпуск.	
572	AN572	Зарпл. Нал	
572	AO572	Отпуск. Нал	
572	AP572	НДФЛ 22%	
572	AQ572	Итог	
573	A573	1	
573	B573	-914156	=B546+H546-O546-P546-Q546+R546-S546+T546
573	C573	0	=ЗакПро!B574
573	D573	0	=ЗакПро!C574
573	E573	0	=ЗакПро!D574
573	F573	0	=ЗакПро!E574
573	G573	0	=SUM(C573:D573)
573	H573	0	=SUM(E573:F573)
573	I573	-	=IFERROR((E573-C573)/C573*100,"-")
573	J573	-	=IFERROR((F573-D573)/D573*100,"-")
573	K573	-	=IFERROR((H573-G573)/G573*100,"-")
573	L573	0	=H573-G573
573	O573	0	=M573+N573
573	AD573	0	=SUM(U573:AC573)
573	AH573	0	=N573-N573-(N573*0.02)
573	AI573	0	=L573-L573-(L573*0.12)
573	AP573	0	=(AD573-AD573-(AD573*0.22))+(AN573-AN573-(AN573*0.22))+(AO573-AO573-(AO573*0.22))
573	AQ573	0	=L604-Q604-AD604-AE604-AF604-AG604+AH604+AI604-AJ604-AK604-AL604-AM604-AN604-AO604+AP604
574	A574	2	
574	B574	-914156	=B573+H573-O573-P573-Q573+R573-S573+T573
574	C574	0	=ЗакПро!G574
574	D574	0	=ЗакПро!H574
574	E574	0	=ЗакПро!I574
574	F574	0	=ЗакПро!J574
574	G574	0	=SUM(C574:D574)
574	H574	0	=SUM(E574:F574)
574	I574	-	=IFERROR((E574-C574)/C574*100,"-")
574	J574	-	=IFERROR((F574-D574)/D574*100,"-")
574	K574	-	=IFERROR((H574-G574)/G574*100,"-")
574	L574	0	=H574-G574
574	O574	0	=M574+N574
574	AD574	0	=SUM(U574:AC574)
574	AH574	0	=N574-N574-(N574*0.02)
574	AI574	0	=L574-L574-(L574*0.12)
574	AP574	0	=(AD574-AD574-(AD574*0.22))+(AN574-AN574-(AN574*0.22))+(AO574-AO574-(AO574*0.22))
575	A575	3	
575	B575	-914156	=B574+H574-O574-P574-Q574+R574-S574+T574
575	C575	0	=ЗакПро!L574
575	D575	0	=ЗакПро!M574
575	E575	0	=ЗакПро!N574
575	F575	0	=ЗакПро!O574
575	G575	0	=SUM(C575:D575)
575	H575	0	=SUM(E575:F575)
575	I575	-	=IFERROR((E575-C575)/C575*100,"-")
575	J575	-	=IFERROR((F575-D575)/D575*100,"-")
575	K575	-	=IFERROR((H575-G575)/G575*100,"-")
575	L575	0	=H575-G575
575	O575	0	=M575+N575
575	AD575	0	=SUM(U575:AC575)
575	AH575	0	=N575-N575-(N575*0.02)
575	AI575	0	=L575-L575-(L575*0.12)
575	AP575	0	=(AD575-AD575-(AD575*0.22))+(AN575-AN575-(AN575*0.22))+(AO575-AO575-(AO575*0.22))
576	A576	4	
576	B576	-914156	=B575+H575-O575-P575-Q575+R575-S575+T575
576	C576	0	=ЗакПро!Q574
576	D576	0	=ЗакПро!R574
576	E576	0	=ЗакПро!S574
576	F576	0	=ЗакПро!T574
576	G576	0	=SUM(C576:D576)
576	H576	0	=SUM(E576:F576)
576	I576	-	=IFERROR((E576-C576)/C576*100,"-")
576	J576	-	=IFERROR((F576-D576)/D576*100,"-")
576	K576	-	=IFERROR((H576-G576)/G576*100,"-")
576	L576	0	=H576-G576
576	O576	0	=M576+N576
576	AD576	0	=SUM(U576:AC576)
576	AH576	0	=N576-N576-(N576*0.02)
576	AI576	0	=L576-L576-(L576*0.12)
576	AP576	0	=(AD576-AD576-(AD576*0.22))+(AN576-AN576-(AN576*0.22))+(AO576-AO576-(AO576*0.22))
577	A577	5	
577	B577	-914156	=B576+H576-O576-P576-Q576+R576-S576+T576
577	C577	0	=ЗакПро!V574
577	D577	0	=ЗакПро!W574
577	E577	0	=ЗакПро!X574
577	F577	0	=ЗакПро!Y574
577	G577	0	=SUM(C577:D577)
577	H577	0	=SUM(E577:F577)
577	I577	-	=IFERROR((E577-C577)/C577*100,"-")
577	J577	-	=IFERROR((F577-D577)/D577*100,"-")
577	K577	-	=IFERROR((H577-G577)/G577*100,"-")
577	L577	0	=H577-G577
577	O577	0	=M577+N577
577	AD577	0	=SUM(U577:AC577)
577	AH577	0	=N577-N577-(N577*0.02)
577	AI577	0	=L577-L577-(L577*0.12)
577	AP577	0	=(AD577-AD577-(AD577*0.22))+(AN577-AN577-(AN577*0.22))+(AO577-AO577-(AO577*0.22))
578	A578	6	
578	B578	-914156	=B577+H577-O577-P577-Q577+R577-S577+T577
578	C578	0	=ЗакПро!AA574
578	D578	0	=ЗакПро!AB574
578	E578	0	=ЗакПро!AC574
578	F578	0	=ЗакПро!AD574
578	G578	0	=SUM(C578:D578)
578	H578	0	=SUM(E578:F578)
578	I578	-	=IFERROR((E578-C578)/C578*100,"-")
578	J578	-	=IFERROR((F578-D578)/D578*100,"-")
578	K578	-	=IFERROR((H578-G578)/G578*100,"-")
578	L578	0	=H578-G578
578	O578	0	=M578+N578
578	AD578	0	=SUM(U578:AC578)
578	AH578	0	=N578-N578-(N578*0.02)
578	AI578	0	=L578-L578-(L578*0.12)
578	AP578	0	=(AD578-AD578-(AD578*0.22))+(AN578-AN578-(AN578*0.22))+(AO578-AO578-(AO578*0.22))
579	A579	7	
579	B579	-914156	=B578+H578-O578-P578-Q578+R578-S578+T578
579	C579	0	=ЗакПро!AF574
579	D579	0	=ЗакПро!AG574
579	E579	0	=ЗакПро!AH574
579	F579	0	=ЗакПро!AI574
579	G579	0	=SUM(C579:D579)
579	H579	0	=SUM(E579:F579)
579	I579	-	=IFERROR((E579-C579)/C579*100,"-")
579	J579	-	=IFERROR((F579-D579)/D579*100,"-")
579	K579	-	=IFERROR((H579-G579)/G579*100,"-")
579	L579	0	=H579-G579
579	O579	0	=M579+N579
579	AD579	0	=SUM(U579:AC579)
579	AH579	0	=N579-N579-(N579*0.02)
579	AI579	0	=L579-L579-(L579*0.12)
579	AP579	0	=(AD579-AD579-(AD579*0.22))+(AN579-AN579-(AN579*0.22))+(AO579-AO579-(AO579*0.22))
580	A580	8	
580	B580	-914156	=B579+H579-O579-P579-Q579+R579-S579+T579
580	C580	0	=ЗакПро!AK574
580	D580	0	=ЗакПро!AL574
580	E580	0	=ЗакПро!AM574
580	F580	0	=ЗакПро!AN574
580	G580	0	=SUM(C580:D580)
580	H580	0	=SUM(E580:F580)
580	I580	-	=IFERROR((E580-C580)/C580*100,"-")
580	J580	-	=IFERROR((F580-D580)/D580*100,"-")
580	K580	-	=IFERROR((H580-G580)/G580*100,"-")
580	L580	0	=H580-G580
580	O580	0	=M580+N580
580	AD580	0	=SUM(U580:AC580)
580	AH580	0	=N580-N580-(N580*0.02)
580	AI580	0	=L580-L580-(L580*0.12)
580	AP580	0	=(AD580-AD580-(AD580*0.22))+(AN580-AN580-(AN580*0.22))+(AO580-AO580-(AO580*0.22))
581	A581	9	
581	B581	-914156	=B580+H580-O580-P580-Q580+R580-S580+T580
581	C581	0	=ЗакПро!AP574
581	D581	0	=ЗакПро!AQ574
581	E581	0	=ЗакПро!AR574
581	F581	0	=ЗакПро!AS574
581	G581	0	=SUM(C581:D581)
581	H581	0	=SUM(E581:F581)
581	I581	-	=IFERROR((E581-C581)/C581*100,"-")
581	J581	-	=IFERROR((F581-D581)/D581*100,"-")
581	K581	-	=IFERROR((H581-G581)/G581*100,"-")
581	L581	0	=H581-G581
581	O581	0	=M581+N581
581	AD581	0	=SUM(U581:AC581)
581	AH581	0	=N581-N581-(N581*0.02)
581	AI581	0	=L581-L581-(L581*0.12)
581	AP581	0	=(AD581-AD581-(AD581*0.22))+(AN581-AN581-(AN581*0.22))+(AO581-AO581-(AO581*0.22))
582	A582	10	
582	B582	-914156	=B581+H581-O581-P581-Q581+R581-S581+T581
582	C582	0	=ЗакПро!AU574
582	D582	0	=ЗакПро!AV574
582	E582	0	=ЗакПро!AW574
582	F582	0	=ЗакПро!AX574
582	G582	0	=SUM(C582:D582)
582	H582	0	=SUM(E582:F582)
582	I582	-	=IFERROR((E582-C582)/C582*100,"-")
582	J582	-	=IFERROR((F582-D582)/D582*100,"-")
582	K582	-	=IFERROR((H582-G582)/G582*100,"-")
582	L582	0	=H582-G582
582	O582	0	=M582+N582
582	AD582	0	=SUM(U582:AC582)
582	AH582	0	=N582-N582-(N582*0.02)
582	AI582	0	=L582-L582-(L582*0.12)
582	AP582	0	=(AD582-AD582-(AD582*0.22))+(AN582-AN582-(AN582*0.22))+(AO582-AO582-(AO582*0.22))
583	A583	11	
583	B583	-914156	=B582+H582-O582-P582-Q582+R582-S582+T582
583	C583	0	=ЗакПро!AZ574
583	D583	0	=ЗакПро!BA574
583	E583	0	=ЗакПро!BB574
583	F583	0	=ЗакПро!BC574
583	G583	0	=SUM(C583:D583)
583	H583	0	=SUM(E583:F583)
583	I583	-	=IFERROR((E583-C583)/C583*100,"-")
583	J583	-	=IFERROR((F583-D583)/D583*100,"-")
583	K583	-	=IFERROR((H583-G583)/G583*100,"-")
583	L583	0	=H583-G583
583	O583	0	=M583+N583
583	AD583	0	=SUM(U583:AC583)
583	AH583	0	=N583-N583-(N583*0.02)
583	AI583	0	=L583-L583-(L583*0.12)
583	AP583	0	=(AD583-AD583-(AD583*0.22))+(AN583-AN583-(AN583*0.22))+(AO583-AO583-(AO583*0.22))
584	A584	12	
584	B584	-914156	=B583+H583-O583-P583-Q583+R583-S583+T583
584	C584	0	=ЗакПро!BE574
584	D584	0	=ЗакПро!BF574
584	E584	0	=ЗакПро!BG574
584	F584	0	=ЗакПро!BH574
584	G584	0	=SUM(C584:D584)
584	H584	0	=SUM(E584:F584)
584	I584	-	=IFERROR((E584-C584)/C584*100,"-")
584	J584	-	=IFERROR((F584-D584)/D584*100,"-")
584	K584	-	=IFERROR((H584-G584)/G584*100,"-")
584	L584	0	=H584-G584
584	O584	0	=M584+N584
584	AD584	0	=SUM(U584:AC584)
584	AH584	0	=N584-N584-(N584*0.02)
584	AI584	0	=L584-L584-(L584*0.12)
584	AP584	0	=(AD584-AD584-(AD584*0.22))+(AN584-AN584-(AN584*0.22))+(AO584-AO584-(AO584*0.22))
585	A585	13	
585	B585	-914156	=B584+H584-O584-P584-Q584+R584-S584+T584
585	C585	0	=ЗакПро!BJ574
585	D585	0	=ЗакПро!BK574
585	E585	0	=ЗакПро!BL574
585	F585	0	=ЗакПро!BM574
585	G585	0	=SUM(C585:D585)
585	H585	0	=SUM(E585:F585)
585	I585	-	=IFERROR((E585-C585)/C585*100,"-")
585	J585	-	=IFERROR((F585-D585)/D585*100,"-")
585	K585	-	=IFERROR((H585-G585)/G585*100,"-")
585	L585	0	=H585-G585
585	O585	0	=M585+N585
585	AD585	0	=SUM(U585:AC585)
585	AH585	0	=N585-N585-(N585*0.02)
585	AI585	0	=L585-L585-(L585*0.12)
585	AP585	0	=(AD585-AD585-(AD585*0.22))+(AN585-AN585-(AN585*0.22))+(AO585-AO585-(AO585*0.22))
586	A586	14	
586	B586	-914156	=B585+H585-O585-P585-Q585+R585-S585+T585
586	C586	0	=ЗакПро!BO574
586	D586	0	=ЗакПро!BP574
586	E586	0	=ЗакПро!BQ574
586	F586	0	=ЗакПро!BR574
586	G586	0	=SUM(C586:D586)
586	H586	0	=SUM(E586:F586)
586	I586	-	=IFERROR((E586-C586)/C586*100,"-")
586	J586	-	=IFERROR((F586-D586)/D586*100,"-")
586	K586	-	=IFERROR((H586-G586)/G586*100,"-")
586	L586	0	=H586-G586
586	O586	0	=M586+N586
586	AD586	0	=SUM(U586:AC586)
586	AH586	0	=N586-N586-(N586*0.02)
586	AI586	0	=L586-L586-(L586*0.12)
586	AP586	0	=(AD586-AD586-(AD586*0.22))+(AN586-AN586-(AN586*0.22))+(AO586-AO586-(AO586*0.22))
587	A587	15	
587	B587	-914156	=B586+H586-O586-P586-Q586+R586-S586+T586
587	C587	0	=ЗакПро!BT574
587	D587	0	=ЗакПро!BU574
587	E587	0	=ЗакПро!BV574
587	F587	0	=ЗакПро!BW574
587	G587	0	=SUM(C587:D587)
587	H587	0	=SUM(E587:F587)
587	I587	-	=IFERROR((E587-C587)/C587*100,"-")
587	J587	-	=IFERROR((F587-D587)/D587*100,"-")
587	K587	-	=IFERROR((H587-G587)/G587*100,"-")
587	L587	0	=H587-G587
587	O587	0	=M587+N587
587	AD587	0	=SUM(U587:AC587)
587	AH587	0	=N587-N587-(N587*0.02)
587	AI587	0	=L587-L587-(L587*0.12)
587	AP587	0	=(AD587-AD587-(AD587*0.22))+(AN587-AN587-(AN587*0.22))+(AO587-AO587-(AO587*0.22))
588	A588	16	
588	B588	-914156	=B587+H587-O587-P587-Q587+R587-S587+T587
588	C588	0	=ЗакПро!BY574
588	D588	0	=ЗакПро!BZ574
588	E588	0	=ЗакПро!CA574
588	F588	0	=ЗакПро!CB574
588	G588	0	=SUM(C588:D588)
588	H588	0	=SUM(E588:F588)
588	I588	-	=IFERROR((E588-C588)/C588*100,"-")
588	J588	-	=IFERROR((F588-D588)/D588*100,"-")
588	K588	-	=IFERROR((H588-G588)/G588*100,"-")
588	L588	0	=H588-G588
588	O588	0	=M588+N588
588	AD588	0	=SUM(U588:AC588)
588	AH588	0	=N588-N588-(N588*0.02)
588	AI588	0	=L588-L588-(L588*0.12)
588	AP588	0	=(AD588-AD588-(AD588*0.22))+(AN588-AN588-(AN588*0.22))+(AO588-AO588-(AO588*0.22))
589	A589	17	
589	B589	-914156	=B588+H588-O588-P588-Q588+R588-S588+T588
589	C589	0	=ЗакПро!CD574
589	D589	0	=ЗакПро!CE574
589	E589	0	=ЗакПро!CF574
589	F589	0	=ЗакПро!CG574
589	G589	0	=SUM(C589:D589)
589	H589	0	=SUM(E589:F589)
589	I589	-	=IFERROR((E589-C589)/C589*100,"-")
589	J589	-	=IFERROR((F589-D589)/D589*100,"-")
589	K589	-	=IFERROR((H589-G589)/G589*100,"-")
589	L589	0	=H589-G589
589	O589	0	=M589+N589
589	AD589	0	=SUM(U589:AC589)
589	AH589	0	=N589-N589-(N589*0.02)
589	AI589	0	=L589-L589-(L589*0.12)
589	AP589	0	=(AD589-AD589-(AD589*0.22))+(AN589-AN589-(AN589*0.22))+(AO589-AO589-(AO589*0.22))
590	A590	18	
590	B590	-914156	=B589+H589-O589-P589-Q589+R589-S589+T589
590	C590	0	=ЗакПро!CI574
590	D590	0	=ЗакПро!CJ574
590	E590	0	=ЗакПро!CK574
590	F590	0	=ЗакПро!CL574
590	G590	0	=SUM(C590:D590)
590	H590	0	=SUM(E590:F590)
590	I590	-	=IFERROR((E590-C590)/C590*100,"-")
590	J590	-	=IFERROR((F590-D590)/D590*100,"-")
590	K590	-	=IFERROR((H590-G590)/G590*100,"-")
590	L590	0	=H590-G590
590	O590	0	=M590+N590
590	AD590	0	=SUM(U590:AC590)
590	AH590	0	=N590-N590-(N590*0.02)
590	AI590	0	=L590-L590-(L590*0.12)
590	AP590	0	=(AD590-AD590-(AD590*0.22))+(AN590-AN590-(AN590*0.22))+(AO590-AO590-(AO590*0.22))
591	A591	19	
591	B591	-914156	=B590+H590-O590-P590-Q590+R590-S590+T590
591	C591	0	=ЗакПро!CN574
591	D591	0	=ЗакПро!CO574
591	E591	0	=ЗакПро!CP574
591	F591	0	=ЗакПро!CQ574
591	G591	0	=SUM(C591:D591)
591	H591	0	=SUM(E591:F591)
591	I591	-	=IFERROR((E591-C591)/C591*100,"-")
591	J591	-	=IFERROR((F591-D591)/D591*100,"-")
591	K591	-	=IFERROR((H591-G591)/G591*100,"-")
591	L591	0	=H591-G591
591	O591	0	=M591+N591
591	AD591	0	=SUM(U591:AC591)
591	AH591	0	=N591-N591-(N591*0.02)
591	AI591	0	=L591-L591-(L591*0.12)
591	AP591	0	=(AD591-AD591-(AD591*0.22))+(AN591-AN591-(AN591*0.22))+(AO591-AO591-(AO591*0.22))
592	A592	20	
592	B592	-914156	=B591+H591-O591-P591-Q591+R591-S591+T591
592	C592	0	=ЗакПро!CS574
592	D592	0	=ЗакПро!CT574
592	E592	0	=ЗакПро!CU574
592	F592	0	=ЗакПро!CV574
592	G592	0	=SUM(C592:D592)
592	H592	0	=SUM(E592:F592)
592	I592	-	=IFERROR((E592-C592)/C592*100,"-")
592	J592	-	=IFERROR((F592-D592)/D592*100,"-")
592	K592	-	=IFERROR((H592-G592)/G592*100,"-")
592	L592	0	=H592-G592
592	O592	0	=M592+N592
592	AD592	0	=SUM(U592:AC592)
592	AH592	0	=N592-N592-(N592*0.02)
592	AI592	0	=L592-L592-(L592*0.12)
592	AP592	0	=(AD592-AD592-(AD592*0.22))+(AN592-AN592-(AN592*0.22))+(AO592-AO592-(AO592*0.22))
593	A593	21	
593	B593	-914156	=B592+H592-O592-P592-Q592+R592-S592+T592
593	C593	0	=ЗакПро!CX574
593	D593	0	=ЗакПро!CY574
593	E593	0	=ЗакПро!CZ574
593	F593	0	=ЗакПро!DA574
593	G593	0	=SUM(C593:D593)
593	H593	0	=SUM(E593:F593)
593	I593	-	=IFERROR((E593-C593)/C593*100,"-")
593	J593	-	=IFERROR((F593-D593)/D593*100,"-")
593	K593	-	=IFERROR((H593-G593)/G593*100,"-")
593	L593	0	=H593-G593
593	O593	0	=M593+N593
593	AD593	0	=SUM(U593:AC593)
593	AH593	0	=N593-N593-(N593*0.02)
593	AI593	0	=L593-L593-(L593*0.12)
593	AP593	0	=(AD593-AD593-(AD593*0.22))+(AN593-AN593-(AN593*0.22))+(AO593-AO593-(AO593*0.22))
594	A594	22	
594	B594	-914156	=B593+H593-O593-P593-Q593+R593-S593+T593
594	C594	0	=ЗакПро!DC574
594	D594	0	=ЗакПро!DD574
594	E594	0	=ЗакПро!DE574
594	F594	0	=ЗакПро!DF574
594	G594	0	=SUM(C594:D594)
594	H594	0	=SUM(E594:F594)
594	I594	-	=IFERROR((E594-C594)/C594*100,"-")
594	J594	-	=IFERROR((F594-D594)/D594*100,"-")
594	K594	-	=IFERROR((H594-G594)/G594*100,"-")
594	L594	0	=H594-G594
594	O594	0	=M594+N594
594	AD594	0	=SUM(U594:AC594)
594	AH594	0	=N594-N594-(N594*0.02)
594	AI594	0	=L594-L594-(L594*0.12)
594	AP594	0	=(AD594-AD594-(AD594*0.22))+(AN594-AN594-(AN594*0.22))+(AO594-AO594-(AO594*0.22))
595	A595	23	
595	B595	-914156	=B594+H594-O594-P594-Q594+R594-S594+T594
595	C595	0	=ЗакПро!DH574
595	D595	0	=ЗакПро!DI574
595	E595	0	=ЗакПро!DJ574
595	F595	0	=ЗакПро!DK574
595	G595	0	=SUM(C595:D595)
595	H595	0	=SUM(E595:F595)
595	I595	-	=IFERROR((E595-C595)/C595*100,"-")
595	J595	-	=IFERROR((F595-D595)/D595*100,"-")
595	K595	-	=IFERROR((H595-G595)/G595*100,"-")
595	L595	0	=H595-G595
595	O595	0	=M595+N595
595	AD595	0	=SUM(U595:AC595)
595	AH595	0	=N595-N595-(N595*0.02)
595	AI595	0	=L595-L595-(L595*0.12)
595	AP595	0	=(AD595-AD595-(AD595*0.22))+(AN595-AN595-(AN595*0.22))+(AO595-AO595-(AO595*0.22))
596	A596	24	
596	B596	-914156	=B595+H595-O595-P595-Q595+R595-S595+T595
596	C596	0	=ЗакПро!DM574
596	D596	0	=ЗакПро!DN574
596	E596	0	=ЗакПро!DO574
596	F596	0	=ЗакПро!DP574
596	G596	0	=SUM(C596:D596)
596	H596	0	=SUM(E596:F596)
596	I596	-	=IFERROR((E596-C596)/C596*100,"-")
596	J596	-	=IFERROR((F596-D596)/D596*100,"-")
596	K596	-	=IFERROR((H596-G596)/G596*100,"-")
596	L596	0	=H596-G596
596	O596	0	=M596+N596
596	AD596	0	=SUM(U596:AC596)
596	AH596	0	=N596-N596-(N596*0.02)
596	AI596	0	=L596-L596-(L596*0.12)
596	AP596	0	=(AD596-AD596-(AD596*0.22))+(AN596-AN596-(AN596*0.22))+(AO596-AO596-(AO596*0.22))
597	A597	25	
597	B597	-914156	=B596+H596-O596-P596-Q596+R596-S596+T596
597	C597	0	=ЗакПро!DR574
597	D597	0	=ЗакПро!DS574
597	E597	0	=ЗакПро!DT574
597	F597	0	=ЗакПро!DU574
597	G597	0	=SUM(C597:D597)
597	H597	0	=SUM(E597:F597)
597	I597	-	=IFERROR((E597-C597)/C597*100,"-")
597	J597	-	=IFERROR((F597-D597)/D597*100,"-")
597	K597	-	=IFERROR((H597-G597)/G597*100,"-")
597	L597	0	=H597-G597
597	O597	0	=M597+N597
597	AD597	0	=SUM(U597:AC597)
597	AH597	0	=N597-N597-(N597*0.02)
597	AI597	0	=L597-L597-(L597*0.12)
597	AP597	0	=(AD597-AD597-(AD597*0.22))+(AN597-AN597-(AN597*0.22))+(AO597-AO597-(AO597*0.22))
598	A598	26	
598	B598	-914156	=B597+H597-O597-P597-Q597+R597-S597+T597
598	C598	0	=ЗакПро!DW574
598	D598	0	=ЗакПро!DX574
598	E598	0	=ЗакПро!DY574
598	F598	0	=ЗакПро!DZ574
598	G598	0	=SUM(C598:D598)
598	H598	0	=SUM(E598:F598)
598	I598	-	=IFERROR((E598-C598)/C598*100,"-")
598	J598	-	=IFERROR((F598-D598)/D598*100,"-")
598	K598	-	=IFERROR((H598-G598)/G598*100,"-")
598	L598	0	=H598-G598
598	O598	0	=M598+N598
598	AD598	0	=SUM(U598:AC598)
598	AH598	0	=N598-N598-(N598*0.02)
598	AI598	0	=L598-L598-(L598*0.12)
598	AP598	0	=(AD598-AD598-(AD598*0.22))+(AN598-AN598-(AN598*0.22))+(AO598-AO598-(AO598*0.22))
599	A599	27	
599	B599	-914156	=B598+H598-O598-P598-Q598+R598-S598+T598
599	C599	0	=ЗакПро!EB574
599	D599	0	=ЗакПро!EC574
599	E599	0	=ЗакПро!ED574
599	F599	0	=ЗакПро!EE574
599	G599	0	=SUM(C599:D599)
599	H599	0	=SUM(E599:F599)
599	I599	-	=IFERROR((E599-C599)/C599*100,"-")
599	J599	-	=IFERROR((F599-D599)/D599*100,"-")
599	K599	-	=IFERROR((H599-G599)/G599*100,"-")
599	L599	0	=H599-G599
599	O599	0	=M599+N599
599	AD599	0	=SUM(U599:AC599)
599	AH599	0	=N599-N599-(N599*0.02)
599	AI599	0	=L599-L599-(L599*0.12)
599	AP599	0	=(AD599-AD599-(AD599*0.22))+(AN599-AN599-(AN599*0.22))+(AO599-AO599-(AO599*0.22))
600	A600	28	
600	B600	-914156	=B599+H599-O599-P599-Q599+R599-S599+T599
600	C600	0	=ЗакПро!EG574
600	D600	0	=ЗакПро!EH574
600	E600	0	=ЗакПро!EI574
600	F600	0	=ЗакПро!EJ574
600	G600	0	=SUM(C600:D600)
600	H600	0	=SUM(E600:F600)
600	I600	-	=IFERROR((E600-C600)/C600*100,"-")
600	J600	-	=IFERROR((F600-D600)/D600*100,"-")
600	K600	-	=IFERROR((H600-G600)/G600*100,"-")
600	L600	0	=H600-G600
600	O600	0	=M600+N600
600	AD600	0	=SUM(U600:AC600)
600	AH600	0	=N600-N600-(N600*0.02)
600	AI600	0	=L600-L600-(L600*0.12)
600	AP600	0	=(AD600-AD600-(AD600*0.22))+(AN600-AN600-(AN600*0.22))+(AO600-AO600-(AO600*0.22))
601	A601	29	
601	B601	-914156	=B600+H600-O600-P600-Q600+R600-S600+T600
601	C601	0	=ЗакПро!EL574
601	D601	0	=ЗакПро!EM574
601	E601	0	=ЗакПро!EN574
601	F601	0	=ЗакПро!EO574
601	G601	0	=SUM(C601:D601)
601	H601	0	=SUM(E601:F601)
601	I601	-	=IFERROR((E601-C601)/C601*100,"-")
601	J601	-	=IFERROR((F601-D601)/D601*100,"-")
601	K601	-	=IFERROR((H601-G601)/G601*100,"-")
601	L601	0	=H601-G601
601	O601	0	=M601+N601
601	AD601	0	=SUM(U601:AC601)
601	AH601	0	=N601-N601-(N601*0.02)
601	AI601	0	=L601-L601-(L601*0.12)
601	AP601	0	=(AD601-AD601-(AD601*0.22))+(AN601-AN601-(AN601*0.22))+(AO601-AO601-(AO601*0.22))
602	A602	30	
602	B602	-914156	=B601+H601-O601-P601-Q601+R601-S601+T601
602	C602	0	=ЗакПро!EQ574
602	D602	0	=ЗакПро!ER574
602	E602	0	=ЗакПро!ES574
602	F602	0	=ЗакПро!ET574
602	G602	0	=SUM(C602:D602)
602	H602	0	=SUM(E602:F602)
602	I602	-	=IFERROR((E602-C602)/C602*100,"-")
602	J602	-	=IFERROR((F602-D602)/D602*100,"-")
602	K602	-	=IFERROR((H602-G602)/G602*100,"-")
602	L602	0	=H602-G602
602	O602	0	=M602+N602
602	AD602	0	=SUM(U602:AC602)
602	AH602	0	=N602-N602-(N602*0.02)
602	AI602	0	=L602-L602-(L602*0.12)
602	AP602	0	=(AD602-AD602-(AD602*0.22))+(AN602-AN602-(AN602*0.22))+(AO602-AO602-(AO602*0.22))
603	A603	31	
603	B603	-914156	=B602+H602-O602-P602-Q602+R602-S602+T602
603	C603	0	=ЗакПро!EV574
603	D603	0	=ЗакПро!EW574
603	E603	0	=ЗакПро!EX574
603	F603	0	=ЗакПро!EY574
603	G603	0	=SUM(C603:D603)
603	H603	0	=SUM(E603:F603)
603	I603	-	=IFERROR((E603-C603)/C603*100,"-")
603	J603	-	=IFERROR((F603-D603)/D603*100,"-")
603	K603	-	=IFERROR((H603-G603)/G603*100,"-")
603	L603	0	=H603-G603
603	O603	0	=M603+N603
603	AD603	0	=SUM(U603:AC603)
603	AH603	0	=N603-N603-(N603*0.02)
603	AI603	0	=L603-L603-(L603*0.12)
603	AP603	0	=(AD603-AD603-(AD603*0.22))+(AN603-AN603-(AN603*0.22))+(AO603-AO603-(AO603*0.22))
604	A604	Итого	
604	C604	0	=SUM(C573:C603)
604	D604	0	=SUM(D573:D603)
604	E604	0	=SUM(E573:E603)
604	F604	0	=SUM(F573:F603)
604	G604	0	=SUM(G573:G603)
604	H604	0	=SUM(H573:H603)
604	I604	-	=IFERROR(AVERAGE(I573:I603),"-")
604	J604	-	=IFERROR(AVERAGE(J573:J603),"-")
604	K604	-	=IFERROR(AVERAGE(K573:K603),"-")
604	L604	0	=SUM(L573:L603)
604	M604	0	=SUM(M573:M603)
604	N604	0	=SUM(N573:N603)
604	O604	0	=SUM(O573:O603)
604	P604	0	=SUM(P573:P603)
604	Q604	0	=SUM(Q573:Q603)
604	R604	0	=SUM(R573:R603)
604	S604	0	=SUM(S573:S603)
604	T604	0	=SUM(T573:T603)
604	U604	0	=SUM(U573:U603)
604	V604	0	=SUM(V573:V603)
604	W604	0	=SUM(W573:W603)
604	X604	0	=SUM(X573:X603)
604	Y604	0	=SUM(Y573:Y603)
604	Z604	0	=SUM(Z573:Z603)
604	AA604	0	=SUM(AA573:AA603)
604	AB604	0	=SUM(AB573:AB603)
604	AC604	0	=SUM(AC573:AC603)
604	AD604	0	=SUM(AD573:AD603)
604	AE604	0	=SUM(AE573:AE603)
604	AF604	0	=SUM(AF573:AF603)
604	AG604	0	=SUM(AG573:AG603)
604	AH604	0	=SUM(AH573:AH603)
604	AI604	0	=SUM(AI573:AI603)
604	AJ604	0	=SUM(AJ573:AJ603)
604	AK604	0	=SUM(AK573:AK603)
604	AL604	0	=SUM(AL573:AL603)
604	AM604	0	=SUM(AM573:AM603)
604	AN604	0	=SUM(AN573:AN603)
604	AO604	0	=SUM(AO573:AO603)
604	AP604	0	=SUM(AP573:AP603)
628	A628	Декабрь	
629	A629	Дата	
629	B629	Остаток	
629	C629	З. Коп	
629	D629	З. Мор	
629	E629	П. Коп	
629	F629	П. Мор	
629	G629	Закупка	
629	H629	Продажа	
629	I629	% коп	
629	J629	% мор	
629	K629	% общий	
629	L629	Грязная	
629	M629	Выр нал	
629	N629	Б/нал	
629	O629	Общая	
629	P629	Списания К.	
629	Q629	Списания М.	
629	R629	Перемещение	
629	S629	Уценка	
629	T629	Переоценка	
629	U629	Хоз. Нужды	
629	V629	Доставка	
629	W629	Уборка	
629	X629	Премия	
629	Y629	Выслуга	
629	Z629	Доплата	
629	AA629	Водитель	
629	AB629	Ком. Плат.	
629	AC629	Расходы	
629	AD629	Траты нал	
629	AE629	Вод. Б/нал	
629	AF629	Ком. Б/нал	
629	AG629	Аренда	
629	AH629	-% банк	
629	AI629	Налоги	
629	AJ629	Зарпл. Б/нал	
629	AK629	Налоги з/п	
629	AL629	Отпускные	
629	AM629	Налоги отпуск.	
629	AN629	Зарпл. Нал	
629	AO629	Отпуск. Нал	
629	AP629	НДФЛ 22%	
629	AQ629	Итог	
630	A630	1	
630	B630	-914156	=B603+H603-O603-P603-Q603+R603-S603+T603
630	C630	0	=ЗакПро!B631
630	D630	0	=ЗакПро!C631
630	E630	0	=ЗакПро!D631
630	F630	0	=ЗакПро!E631
630	G630	0	=SUM(C630:D630)
630	H630	0	=SUM(E630:F630)
630	I630	-	=IFERROR((E630-C630)/C630*100,"-")
630	J630	-	=IFERROR((F630-D630)/D630*100,"-")
630	K630	-	=IFERROR((H630-G630)/G630*100,"-")
630	L630	0	=H630-G630
630	O630	0	=M630+N630
630	AD630	0	=SUM(U630:AC630)
630	AH630	0	=N630-N630-(N630*0.02)
630	AI630	0	=L630-L630-(L630*0.12)
630	AP630	0	=(AD630-AD630-(AD630*0.22))+(AN630-AN630-(AN630*0.22))+(AO630-AO630-(AO630*0.22))
630	AQ630	0	=L661-Q661-AD661-AE661-AF661-AG661+AH661+AI661-AJ661-AK661-AL661-AM661-AN661-AO661+AP661
631	A631	2	
631	B631	-914156	=B630+H630-O630-P630-Q630+R630-S630+T630
631	C631	0	=ЗакПро!G631
631	D631	0	=ЗакПро!H631
631	E631	0	=ЗакПро!I631
631	F631	0	=ЗакПро!J631
631	G631	0	=SUM(C631:D631)
631	H631	0	=SUM(E631:F631)
631	I631	-	=IFERROR((E631-C631)/C631*100,"-")
631	J631	-	=IFERROR((F631-D631)/D631*100,"-")
631	K631	-	=IFERROR((H631-G631)/G631*100,"-")
631	L631	0	=H631-G631
631	O631	0	=M631+N631
631	AD631	0	=SUM(U631:AC631)
631	AH631	0	=N631-N631-(N631*0.02)
631	AI631	0	=L631-L631-(L631*0.12)
631	AP631	0	=(AD631-AD631-(AD631*0.22))+(AN631-AN631-(AN631*0.22))+(AO631-AO631-(AO631*0.22))
632	A632	3	
632	B632	-914156	=B631+H631-O631-P631-Q631+R631-S631+T631
632	C632	0	=ЗакПро!L631
632	D632	0	=ЗакПро!M631
632	E632	0	=ЗакПро!N631
632	F632	0	=ЗакПро!O631
632	G632	0	=SUM(C632:D632)
632	H632	0	=SUM(E632:F632)
632	I632	-	=IFERROR((E632-C632)/C632*100,"-")
632	J632	-	=IFERROR((F632-D632)/D632*100,"-")
632	K632	-	=IFERROR((H632-G632)/G632*100,"-")
632	L632	0	=H632-G632
632	O632	0	=M632+N632
632	AD632	0	=SUM(U632:AC632)
632	AH632	0	=N632-N632-(N632*0.02)
632	AI632	0	=L632-L632-(L632*0.12)
632	AP632	0	=(AD632-AD632-(AD632*0.22))+(AN632-AN632-(AN632*0.22))+(AO632-AO632-(AO632*0.22))
633	A633	4	
633	B633	-914156	=B632+H632-O632-P632-Q632+R632-S632+T632
633	C633	0	=ЗакПро!Q631
633	D633	0	=ЗакПро!R631
633	E633	0	=ЗакПро!S631
633	F633	0	=ЗакПро!T631
633	G633	0	=SUM(C633:D633)
633	H633	0	=SUM(E633:F633)
633	I633	-	=IFERROR((E633-C633)/C633*100,"-")
633	J633	-	=IFERROR((F633-D633)/D633*100,"-")
633	K633	-	=IFERROR((H633-G633)/G633*100,"-")
633	L633	0	=H633-G633
633	O633	0	=M633+N633
633	AD633	0	=SUM(U633:AC633)
633	AH633	0	=N633-N633-(N633*0.02)
633	AI633	0	=L633-L633-(L633*0.12)
633	AP633	0	=(AD633-AD633-(AD633*0.22))+(AN633-AN633-(AN633*0.22))+(AO633-AO633-(AO633*0.22))
634	A634	5	
634	B634	-914156	=B633+H633-O633-P633-Q633+R633-S633+T633
634	C634	0	=ЗакПро!V631
634	D634	0	=ЗакПро!W631
634	E634	0	=ЗакПро!X631
634	F634	0	=ЗакПро!Y631
634	G634	0	=SUM(C634:D634)
634	H634	0	=SUM(E634:F634)
634	I634	-	=IFERROR((E634-C634)/C634*100,"-")
634	J634	-	=IFERROR((F634-D634)/D634*100,"-")
634	K634	-	=IFERROR((H634-G634)/G634*100,"-")
634	L634	0	=H634-G634
634	O634	0	=M634+N634
634	AD634	0	=SUM(U634:AC634)
634	AH634	0	=N634-N634-(N634*0.02)
634	AI634	0	=L634-L634-(L634*0.12)
634	AP634	0	=(AD634-AD634-(AD634*0.22))+(AN634-AN634-(AN634*0.22))+(AO634-AO634-(AO634*0.22))
635	A635	6	
635	B635	-914156	=B634+H634-O634-P634-Q634+R634-S634+T634
635	C635	0	=ЗакПро!AA631
635	D635	0	=ЗакПро!AB631
635	E635	0	=ЗакПро!AC631
635	F635	0	=ЗакПро!AD631
635	G635	0	=SUM(C635:D635)
635	H635	0	=SUM(E635:F635)
635	I635	-	=IFERROR((E635-C635)/C635*100,"-")
635	J635	-	=IFERROR((F635-D635)/D635*100,"-")
635	K635	-	=IFERROR((H635-G635)/G635*100,"-")
635	L635	0	=H635-G635
635	O635	0	=M635+N635
635	AD635	0	=SUM(U635:AC635)
635	AH635	0	=N635-N635-(N635*0.02)
635	AI635	0	=L635-L635-(L635*0.12)
635	AP635	0	=(AD635-AD635-(AD635*0.22))+(AN635-AN635-(AN635*0.22))+(AO635-AO635-(AO635*0.22))
636	A636	7	
636	B636	-914156	=B635+H635-O635-P635-Q635+R635-S635+T635
636	C636	0	=ЗакПро!AF631
636	D636	0	=ЗакПро!AG631
636	E636	0	=ЗакПро!AH631
636	F636	0	=ЗакПро!AI631
636	G636	0	=SUM(C636:D636)
636	H636	0	=SUM(E636:F636)
636	I636	-	=IFERROR((E636-C636)/C636*100,"-")
636	J636	-	=IFERROR((F636-D636)/D636*100,"-")
636	K636	-	=IFERROR((H636-G636)/G636*100,"-")
636	L636	0	=H636-G636
636	O636	0	=M636+N636
636	AD636	0	=SUM(U636:AC636)
636	AH636	0	=N636-N636-(N636*0.02)
636	AI636	0	=L636-L636-(L636*0.12)
636	AP636	0	=(AD636-AD636-(AD636*0.22))+(AN636-AN636-(AN636*0.22))+(AO636-AO636-(AO636*0.22))
637	A637	8	
637	B637	-914156	=B636+H636-O636-P636-Q636+R636-S636+T636
637	C637	0	=ЗакПро!AK631
637	D637	0	=ЗакПро!AL631
637	E637	0	=ЗакПро!AM631
637	F637	0	=ЗакПро!AN631
637	G637	0	=SUM(C637:D637)
637	H637	0	=SUM(E637:F637)
637	I637	-	=IFERROR((E637-C637)/C637*100,"-")
637	J637	-	=IFERROR((F637-D637)/D637*100,"-")
637	K637	-	=IFERROR((H637-G637)/G637*100,"-")
637	L637	0	=H637-G637
637	O637	0	=M637+N637
637	AD637	0	=SUM(U637:AC637)
637	AH637	0	=N637-N637-(N637*0.02)
637	AI637	0	=L637-L637-(L637*0.12)
637	AP637	0	=(AD637-AD637-(AD637*0.22))+(AN637-AN637-(AN637*0.22))+(AO637-AO637-(AO637*0.22))
638	A638	9	
638	B638	-914156	=B637+H637-O637-P637-Q637+R637-S637+T637
638	C638	0	=ЗакПро!AP631
638	D638	0	=ЗакПро!AQ631
638	E638	0	=ЗакПро!AR631
638	F638	0	=ЗакПро!AS631
638	G638	0	=SUM(C638:D638)
638	H638	0	=SUM(E638:F638)
638	I638	-	=IFERROR((E638-C638)/C638*100,"-")
638	J638	-	=IFERROR((F638-D638)/D638*100,"-")
638	K638	-	=IFERROR((H638-G638)/G638*100,"-")
638	L638	0	=H638-G638
638	O638	0	=M638+N638
638	AD638	0	=SUM(U638:AC638)
638	AH638	0	=N638-N638-(N638*0.02)
638	AI638	0	=L638-L638-(L638*0.12)
638	AP638	0	=(AD638-AD638-(AD638*0.22))+(AN638-AN638-(AN638*0.22))+(AO638-AO638-(AO638*0.22))
639	A639	10	
639	B639	-914156	=B638+H638-O638-P638-Q638+R638-S638+T638
639	C639	0	=ЗакПро!AU631
639	D639	0	=ЗакПро!AV631
639	E639	0	=ЗакПро!AW631
639	F639	0	=ЗакПро!AX631
639	G639	0	=SUM(C639:D639)
639	H639	0	=SUM(E639:F639)
639	I639	-	=IFERROR((E639-C639)/C639*100,"-")
639	J639	-	=IFERROR((F639-D639)/D639*100,"-")
639	K639	-	=IFERROR((H639-G639)/G639*100,"-")
639	L639	0	=H639-G639
639	O639	0	=M639+N639
639	AD639	0	=SUM(U639:AC639)
639	AH639	0	=N639-N639-(N639*0.02)
639	AI639	0	=L639-L639-(L639*0.12)
639	AP639	0	=(AD639-AD639-(AD639*0.22))+(AN639-AN639-(AN639*0.22))+(AO639-AO639-(AO639*0.22))
640	A640	11	
640	B640	-914156	=B639+H639-O639-P639-Q639+R639-S639+T639
640	C640	0	=ЗакПро!AZ631
640	D640	0	=ЗакПро!BA631
640	E640	0	=ЗакПро!BB631
640	F640	0	=ЗакПро!BC631
640	G640	0	=SUM(C640:D640)
640	H640	0	=SUM(E640:F640)
640	I640	-	=IFERROR((E640-C640)/C640*100,"-")
640	J640	-	=IFERROR((F640-D640)/D640*100,"-")
640	K640	-	=IFERROR((H640-G640)/G640*100,"-")
640	L640	0	=H640-G640
640	O640	0	=M640+N640
640	AD640	0	=SUM(U640:AC640)
640	AH640	0	=N640-N640-(N640*0.02)
640	AI640	0	=L640-L640-(L640*0.12)
640	AP640	0	=(AD640-AD640-(AD640*0.22))+(AN640-AN640-(AN640*0.22))+(AO640-AO640-(AO640*0.22))
641	A641	12	
641	B641	-914156	=B640+H640-O640-P640-Q640+R640-S640+T640
641	C641	0	=ЗакПро!BE631
641	D641	0	=ЗакПро!BF631
641	E641	0	=ЗакПро!BG631
641	F641	0	=ЗакПро!BH631
641	G641	0	=SUM(C641:D641)
641	H641	0	=SUM(E641:F641)
641	I641	-	=IFERROR((E641-C641)/C641*100,"-")
641	J641	-	=IFERROR((F641-D641)/D641*100,"-")
641	K641	-	=IFERROR((H641-G641)/G641*100,"-")
641	L641	0	=H641-G641
641	O641	0	=M641+N641
641	AD641	0	=SUM(U641:AC641)
641	AH641	0	=N641-N641-(N641*0.02)
641	AI641	0	=L641-L641-(L641*0.12)
641	AP641	0	=(AD641-AD641-(AD641*0.22))+(AN641-AN641-(AN641*0.22))+(AO641-AO641-(AO641*0.22))
642	A642	13	
642	B642	-914156	=B641+H641-O641-P641-Q641+R641-S641+T641
642	C642	0	=ЗакПро!BJ631
642	D642	0	=ЗакПро!BK631
642	E642	0	=ЗакПро!BL631
642	F642	0	=ЗакПро!BM631
642	G642	0	=SUM(C642:D642)
642	H642	0	=SUM(E642:F642)
642	I642	-	=IFERROR((E642-C642)/C642*100,"-")
642	J642	-	=IFERROR((F642-D642)/D642*100,"-")
642	K642	-	=IFERROR((H642-G642)/G642*100,"-")
642	L642	0	=H642-G642
642	O642	0	=M642+N642
642	AD642	0	=SUM(U642:AC642)
642	AH642	0	=N642-N642-(N642*0.02)
642	AI642	0	=L642-L642-(L642*0.12)
642	AP642	0	=(AD642-AD642-(AD642*0.22))+(AN642-AN642-(AN642*0.22))+(AO642-AO642-(AO642*0.22))
643	A643	14	
643	B643	-914156	=B642+H642-O642-P642-Q642+R642-S642+T642
643	C643	0	=ЗакПро!BO631
643	D643	0	=ЗакПро!BP631
643	E643	0	=ЗакПро!BQ631
643	F643	0	=ЗакПро!BR631
643	G643	0	=SUM(C643:D643)
643	H643	0	=SUM(E643:F643)
643	I643	-	=IFERROR((E643-C643)/C643*100,"-")
643	J643	-	=IFERROR((F643-D643)/D643*100,"-")
643	K643	-	=IFERROR((H643-G643)/G643*100,"-")
643	L643	0	=H643-G643
643	O643	0	=M643+N643
643	AD643	0	=SUM(U643:AC643)
643	AH643	0	=N643-N643-(N643*0.02)
643	AI643	0	=L643-L643-(L643*0.12)
643	AP643	0	=(AD643-AD643-(AD643*0.22))+(AN643-AN643-(AN643*0.22))+(AO643-AO643-(AO643*0.22))
644	A644	15	
644	B644	-914156	=B643+H643-O643-P643-Q643+R643-S643+T643
644	C644	0	=ЗакПро!BT631
644	D644	0	=ЗакПро!BU631
644	E644	0	=ЗакПро!BV631
644	F644	0	=ЗакПро!BW631
644	G644	0	=SUM(C644:D644)
644	H644	0	=SUM(E644:F644)
644	I644	-	=IFERROR((E644-C644)/C644*100,"-")
644	J644	-	=IFERROR((F644-D644)/D644*100,"-")
644	K644	-	=IFERROR((H644-G644)/G644*100,"-")
644	L644	0	=H644-G644
644	O644	0	=M644+N644
644	AD644	0	=SUM(U644:AC644)
644	AH644	0	=N644-N644-(N644*0.02)
644	AI644	0	=L644-L644-(L644*0.12)
644	AP644	0	=(AD644-AD644-(AD644*0.22))+(AN644-AN644-(AN644*0.22))+(AO644-AO644-(AO644*0.22))
645	A645	16	
645	B645	-914156	=B644+H644-O644-P644-Q644+R644-S644+T644
645	C645	0	=ЗакПро!BY631
645	D645	0	=ЗакПро!BZ631
645	E645	0	=ЗакПро!CA631
645	F645	0	=ЗакПро!CB631
645	G645	0	=SUM(C645:D645)
645	H645	0	=SUM(E645:F645)
645	I645	-	=IFERROR((E645-C645)/C645*100,"-")
645	J645	-	=IFERROR((F645-D645)/D645*100,"-")
645	K645	-	=IFERROR((H645-G645)/G645*100,"-")
645	L645	0	=H645-G645
645	O645	0	=M645+N645
645	AD645	0	=SUM(U645:AC645)
645	AH645	0	=N645-N645-(N645*0.02)
645	AI645	0	=L645-L645-(L645*0.12)
645	AP645	0	=(AD645-AD645-(AD645*0.22))+(AN645-AN645-(AN645*0.22))+(AO645-AO645-(AO645*0.22))
646	A646	17	
646	B646	-914156	=B645+H645-O645-P645-Q645+R645-S645+T645
646	C646	0	=ЗакПро!CD631
646	D646	0	=ЗакПро!CE631
646	E646	0	=ЗакПро!CF631
646	F646	0	=ЗакПро!CG631
646	G646	0	=SUM(C646:D646)
646	H646	0	=SUM(E646:F646)
646	I646	-	=IFERROR((E646-C646)/C646*100,"-")
646	J646	-	=IFERROR((F646-D646)/D646*100,"-")
646	K646	-	=IFERROR((H646-G646)/G646*100,"-")
646	L646	0	=H646-G646
646	O646	0	=M646+N646
646	AD646	0	=SUM(U646:AC646)
646	AH646	0	=N646-N646-(N646*0.02)
646	AI646	0	=L646-L646-(L646*0.12)
646	AP646	0	=(AD646-AD646-(AD646*0.22))+(AN646-AN646-(AN646*0.22))+(AO646-AO646-(AO646*0.22))
647	A647	18	
647	B647	-914156	=B646+H646-O646-P646-Q646+R646-S646+T646
647	C647	0	=ЗакПро!CI631
647	D647	0	=ЗакПро!CJ631
647	E647	0	=ЗакПро!CK631
647	F647	0	=ЗакПро!CL631
647	G647	0	=SUM(C647:D647)
647	H647	0	=SUM(E647:F647)
647	I647	-	=IFERROR((E647-C647)/C647*100,"-")
647	J647	-	=IFERROR((F647-D647)/D647*100,"-")
647	K647	-	=IFERROR((H647-G647)/G647*100,"-")
647	L647	0	=H647-G647
647	O647	0	=M647+N647
647	AD647	0	=SUM(U647:AC647)
647	AH647	0	=N647-N647-(N647*0.02)
647	AI647	0	=L647-L647-(L647*0.12)
647	AP647	0	=(AD647-AD647-(AD647*0.22))+(AN647-AN647-(AN647*0.22))+(AO647-AO647-(AO647*0.22))
648	A648	19	
648	B648	-914156	=B647+H647-O647-P647-Q647+R647-S647+T647
648	C648	0	=ЗакПро!CN631
648	D648	0	=ЗакПро!CO631
648	E648	0	=ЗакПро!CP631
648	F648	0	=ЗакПро!CQ631
648	G648	0	=SUM(C648:D648)
648	H648	0	=SUM(E648:F648)
648	I648	-	=IFERROR((E648-C648)/C648*100,"-")
648	J648	-	=IFERROR((F648-D648)/D648*100,"-")
648	K648	-	=IFERROR((H648-G648)/G648*100,"-")
648	L648	0	=H648-G648
648	O648	0	=M648+N648
648	AD648	0	=SUM(U648:AC648)
648	AH648	0	=N648-N648-(N648*0.02)
648	AI648	0	=L648-L648-(L648*0.12)
648	AP648	0	=(AD648-AD648-(AD648*0.22))+(AN648-AN648-(AN648*0.22))+(AO648-AO648-(AO648*0.22))
649	A649	20	
649	B649	-914156	=B648+H648-O648-P648-Q648+R648-S648+T648
649	C649	0	=ЗакПро!CS631
649	D649	0	=ЗакПро!CT631
649	E649	0	=ЗакПро!CU631
649	F649	0	=ЗакПро!CV631
649	G649	0	=SUM(C649:D649)
649	H649	0	=SUM(E649:F649)
649	I649	-	=IFERROR((E649-C649)/C649*100,"-")
649	J649	-	=IFERROR((F649-D649)/D649*100,"-")
649	K649	-	=IFERROR((H649-G649)/G649*100,"-")
649	L649	0	=H649-G649
649	O649	0	=M649+N649
649	AD649	0	=SUM(U649:AC649)
649	AH649	0	=N649-N649-(N649*0.02)
649	AI649	0	=L649-L649-(L649*0.12)
649	AP649	0	=(AD649-AD649-(AD649*0.22))+(AN649-AN649-(AN649*0.22))+(AO649-AO649-(AO649*0.22))
650	A650	21	
650	B650	-914156	=B649+H649-O649-P649-Q649+R649-S649+T649
650	C650	0	=ЗакПро!CX631
650	D650	0	=ЗакПро!CY631
650	E650	0	=ЗакПро!CZ631
650	F650	0	=ЗакПро!DA631
650	G650	0	=SUM(C650:D650)
650	H650	0	=SUM(E650:F650)
650	I650	-	=IFERROR((E650-C650)/C650*100,"-")
650	J650	-	=IFERROR((F650-D650)/D650*100,"-")
650	K650	-	=IFERROR((H650-G650)/G650*100,"-")
650	L650	0	=H650-G650
650	O650	0	=M650+N650
650	AD650	0	=SUM(U650:AC650)
650	AH650	0	=N650-N650-(N650*0.02)
650	AI650	0	=L650-L650-(L650*0.12)
650	AP650	0	=(AD650-AD650-(AD650*0.22))+(AN650-AN650-(AN650*0.22))+(AO650-AO650-(AO650*0.22))
651	A651	22	
651	B651	-914156	=B650+H650-O650-P650-Q650+R650-S650+T650
651	C651	0	=ЗакПро!DC631
651	D651	0	=ЗакПро!DD631
651	E651	0	=ЗакПро!DE631
651	F651	0	=ЗакПро!DF631
651	G651	0	=SUM(C651:D651)
651	H651	0	=SUM(E651:F651)
651	I651	-	=IFERROR((E651-C651)/C651*100,"-")
651	J651	-	=IFERROR((F651-D651)/D651*100,"-")
651	K651	-	=IFERROR((H651-G651)/G651*100,"-")
651	L651	0	=H651-G651
651	O651	0	=M651+N651
651	AD651	0	=SUM(U651:AC651)
651	AH651	0	=N651-N651-(N651*0.02)
651	AI651	0	=L651-L651-(L651*0.12)
651	AP651	0	=(AD651-AD651-(AD651*0.22))+(AN651-AN651-(AN651*0.22))+(AO651-AO651-(AO651*0.22))
652	A652	23	
652	B652	-914156	=B651+H651-O651-P651-Q651+R651-S651+T651
652	C652	0	=ЗакПро!DH631
652	D652	0	=ЗакПро!DI631
652	E652	0	=ЗакПро!DJ631
652	F652	0	=ЗакПро!DK631
652	G652	0	=SUM(C652:D652)
652	H652	0	=SUM(E652:F652)
652	I652	-	=IFERROR((E652-C652)/C652*100,"-")
652	J652	-	=IFERROR((F652-D652)/D652*100,"-")
652	K652	-	=IFERROR((H652-G652)/G652*100,"-")
652	L652	0	=H652-G652
652	O652	0	=M652+N652
652	AD652	0	=SUM(U652:AC652)
652	AH652	0	=N652-N652-(N652*0.02)
652	AI652	0	=L652-L652-(L652*0.12)
652	AP652	0	=(AD652-AD652-(AD652*0.22))+(AN652-AN652-(AN652*0.22))+(AO652-AO652-(AO652*0.22))
653	A653	24	
653	B653	-914156	=B652+H652-O652-P652-Q652+R652-S652+T652
653	C653	0	=ЗакПро!DM631
653	D653	0	=ЗакПро!DN631
653	E653	0	=ЗакПро!DO631
653	F653	0	=ЗакПро!DP631
653	G653	0	=SUM(C653:D653)
653	H653	0	=SUM(E653:F653)
653	I653	-	=IFERROR((E653-C653)/C653*100,"-")
653	J653	-	=IFERROR((F653-D653)/D653*100,"-")
653	K653	-	=IFERROR((H653-G653)/G653*100,"-")
653	L653	0	=H653-G653
653	O653	0	=M653+N653
653	AD653	0	=SUM(U653:AC653)
653	AH653	0	=N653-N653-(N653*0.02)
653	AI653	0	=L653-L653-(L653*0.12)
653	AP653	0	=(AD653-AD653-(AD653*0.22))+(AN653-AN653-(AN653*0.22))+(AO653-AO653-(AO653*0.22))
654	A654	25	
654	B654	-914156	=B653+H653-O653-P653-Q653+R653-S653+T653
654	C654	0	=ЗакПро!DR631
654	D654	0	=ЗакПро!DS631
654	E654	0	=ЗакПро!DT631
654	F654	0	=ЗакПро!DU631
654	G654	0	=SUM(C654:D654)
654	H654	0	=SUM(E654:F654)
654	I654	-	=IFERROR((E654-C654)/C654*100,"-")
654	J654	-	=IFERROR((F654-D654)/D654*100,"-")
654	K654	-	=IFERROR((H654-G654)/G654*100,"-")
654	L654	0	=H654-G654
654	O654	0	=M654+N654
654	AD654	0	=SUM(U654:AC654)
654	AH654	0	=N654-N654-(N654*0.02)
654	AI654	0	=L654-L654-(L654*0.12)
654	AP654	0	=(AD654-AD654-(AD654*0.22))+(AN654-AN654-(AN654*0.22))+(AO654-AO654-(AO654*0.22))
655	A655	26	
655	B655	-914156	=B654+H654-O654-P654-Q654+R654-S654+T654
655	C655	0	=ЗакПро!DW631
655	D655	0	=ЗакПро!DX631
655	E655	0	=ЗакПро!DY631
655	F655	0	=ЗакПро!DZ631
655	G655	0	=SUM(C655:D655)
655	H655	0	=SUM(E655:F655)
655	I655	-	=IFERROR((E655-C655)/C655*100,"-")
655	J655	-	=IFERROR((F655-D655)/D655*100,"-")
655	K655	-	=IFERROR((H655-G655)/G655*100,"-")
655	L655	0	=H655-G655
655	O655	0	=M655+N655
655	AD655	0	=SUM(U655:AC655)
655	AH655	0	=N655-N655-(N655*0.02)
655	AI655	0	=L655-L655-(L655*0.12)
655	AP655	0	=(AD655-AD655-(AD655*0.22))+(AN655-AN655-(AN655*0.22))+(AO655-AO655-(AO655*0.22))
656	A656	27	
656	B656	-914156	=B655+H655-O655-P655-Q655+R655-S655+T655
656	C656	0	=ЗакПро!EB631
656	D656	0	=ЗакПро!EC631
656	E656	0	=ЗакПро!ED631
656	F656	0	=ЗакПро!EE631
656	G656	0	=SUM(C656:D656)
656	H656	0	=SUM(E656:F656)
656	I656	-	=IFERROR((E656-C656)/C656*100,"-")
656	J656	-	=IFERROR((F656-D656)/D656*100,"-")
656	K656	-	=IFERROR((H656-G656)/G656*100,"-")
656	L656	0	=H656-G656
656	O656	0	=M656+N656
656	AD656	0	=SUM(U656:AC656)
656	AH656	0	=N656-N656-(N656*0.02)
656	AI656	0	=L656-L656-(L656*0.12)
656	AP656	0	=(AD656-AD656-(AD656*0.22))+(AN656-AN656-(AN656*0.22))+(AO656-AO656-(AO656*0.22))
657	A657	28	
657	B657	-914156	=B656+H656-O656-P656-Q656+R656-S656+T656
657	C657	0	=ЗакПро!EG631
657	D657	0	=ЗакПро!EH631
657	E657	0	=ЗакПро!EI631
657	F657	0	=ЗакПро!EJ631
657	G657	0	=SUM(C657:D657)
657	H657	0	=SUM(E657:F657)
657	I657	-	=IFERROR((E657-C657)/C657*100,"-")
657	J657	-	=IFERROR((F657-D657)/D657*100,"-")
657	K657	-	=IFERROR((H657-G657)/G657*100,"-")
657	L657	0	=H657-G657
657	O657	0	=M657+N657
657	AD657	0	=SUM(U657:AC657)
657	AH657	0	=N657-N657-(N657*0.02)
657	AI657	0	=L657-L657-(L657*0.12)
657	AP657	0	=(AD657-AD657-(AD657*0.22))+(AN657-AN657-(AN657*0.22))+(AO657-AO657-(AO657*0.22))
658	A658	29	
658	B658	-914156	=B657+H657-O657-P657-Q657+R657-S657+T657
658	C658	0	=ЗакПро!EL631
658	D658	0	=ЗакПро!EM631
658	E658	0	=ЗакПро!EN631
658	F658	0	=ЗакПро!EO631
658	G658	0	=SUM(C658:D658)
658	H658	0	=SUM(E658:F658)
658	I658	-	=IFERROR((E658-C658)/C658*100,"-")
658	J658	-	=IFERROR((F658-D658)/D658*100,"-")
658	K658	-	=IFERROR((H658-G658)/G658*100,"-")
658	L658	0	=H658-G658
658	O658	0	=M658+N658
658	AD658	0	=SUM(U658:AC658)
658	AH658	0	=N658-N658-(N658*0.02)
658	AI658	0	=L658-L658-(L658*0.12)
658	AP658	0	=(AD658-AD658-(AD658*0.22))+(AN658-AN658-(AN658*0.22))+(AO658-AO658-(AO658*0.22))
659	A659	30	
659	B659	-914156	=B658+H658-O658-P658-Q658+R658-S658+T658
659	C659	0	=ЗакПро!EQ631
659	D659	0	=ЗакПро!ER631
659	E659	0	=ЗакПро!ES631
659	F659	0	=ЗакПро!ET631
659	G659	0	=SUM(C659:D659)
659	H659	0	=SUM(E659:F659)
659	I659	-	=IFERROR((E659-C659)/C659*100,"-")
659	J659	-	=IFERROR((F659-D659)/D659*100,"-")
659	K659	-	=IFERROR((H659-G659)/G659*100,"-")
659	L659	0	=H659-G659
659	O659	0	=M659+N659
659	AD659	0	=SUM(U659:AC659)
659	AH659	0	=N659-N659-(N659*0.02)
659	AI659	0	=L659-L659-(L659*0.12)
659	AP659	0	=(AD659-AD659-(AD659*0.22))+(AN659-AN659-(AN659*0.22))+(AO659-AO659-(AO659*0.22))
660	A660	31	
660	B660	-914156	=B659+H659-O659-P659-Q659+R659-S659+T659
660	C660	0	=ЗакПро!EV631
660	D660	0	=ЗакПро!EW631
660	E660	0	=ЗакПро!EX631
660	F660	0	=ЗакПро!EY631
660	G660	0	=SUM(C660:D660)
660	H660	0	=SUM(E660:F660)
660	I660	-	=IFERROR((E660-C660)/C660*100,"-")
660	J660	-	=IFERROR((F660-D660)/D660*100,"-")
660	K660	-	=IFERROR((H660-G660)/G660*100,"-")
660	L660	0	=H660-G660
660	O660	0	=M660+N660
660	AD660	0	=SUM(U660:AC660)
660	AH660	0	=N660-N660-(N660*0.02)
660	AI660	0	=L660-L660-(L660*0.12)
660	AP660	0	=(AD660-AD660-(AD660*0.22))+(AN660-AN660-(AN660*0.22))+(AO660-AO660-(AO660*0.22))
661	A661	Итого	
661	C661	0	=SUM(C630:C660)
661	D661	0	=SUM(D630:D660)
661	E661	0	=SUM(E630:E660)
661	F661	0	=SUM(F630:F660)
661	G661	0	=SUM(G630:G660)
661	H661	0	=SUM(H630:H660)
661	I661	-	=IFERROR(AVERAGE(I630:I660),"-")
661	J661	-	=IFERROR(AVERAGE(J630:J660),"-")
661	K661	-	=IFERROR(AVERAGE(K630:K660),"-")
661	L661	0	=SUM(L630:L660)
661	M661	0	=SUM(M630:M660)
661	N661	0	=SUM(N630:N660)
661	O661	0	=SUM(O630:O660)
661	P661	0	=SUM(P630:P660)
661	Q661	0	=SUM(Q630:Q660)
661	R661	0	=SUM(R630:R660)
661	S661	0	=SUM(S630:S660)
661	T661	0	=SUM(T630:T660)
661	U661	0	=SUM(U630:U660)
661	V661	0	=SUM(V630:V660)
661	W661	0	=SUM(W630:W660)
661	X661	0	=SUM(X630:X660)
661	Y661	0	=SUM(Y630:Y660)
661	Z661	0	=SUM(Z630:Z660)
661	AA661	0	=SUM(AA630:AA660)
661	AB661	0	=SUM(AB630:AB660)
661	AC661	0	=SUM(AC630:AC660)
661	AD661	0	=SUM(AD630:AD660)
661	AE661	0	=SUM(AE630:AE660)
661	AF661	0	=SUM(AF630:AF660)
661	AG661	0	=SUM(AG630:AG660)
661	AH661	0	=SUM(AH630:AH660)
661	AI661	0	=SUM(AI630:AI660)
661	AJ661	0	=SUM(AJ630:AJ660)
661	AK661	0	=SUM(AK630:AK660)
661	AL661	0	=SUM(AL630:AL660)
661	AM661	0	=SUM(AM630:AM660)
661	AN661	0	=SUM(AN630:AN660)
661	AO661	0	=SUM(AO630:AO660)
661	AP661	0	=SUM(AP630:AP660)
664	A664	Общая	
665	A665	Итого	
665	C665	З. Коп	
665	D665	З. Мор	
665	E665	П. Коп	
665	F665	П. Мор	
665	G665	Закупка	
665	H665	Продажа	
665	I665	% коп	
665	J665	% мор	
665	K665	% общий	
665	L665	Грязная	
665	M665	Выр нал	
665	N665	Б/нал	
665	O665	Общая	
665	P665	Списания К.	
665	Q665	Списания М.	
665	R665	Перемещение	
665	S665	Уценка	
665	T665	Переоценка	
665	U665	Хоз. Нужды	
665	V665	Доставка	
665	W665	Уборка	
665	X665	Премия	
665	Y665	Выслуга	
665	Z665	Доплата	
665	AA665	Водитель	
665	AB665	Ком. Плат.	
665	AC665	Расходы	
665	AD665	Траты нал	
665	AE665	Вод. Б/нал	
665	AF665	Ком. Б/нал	
665	AG665	Аренда	
665	AH665	-% банк	
665	AI665	Налоги	
665	AJ665	Зарпл. Б/нал	
665	AK665	Налоги з/п	
665	AL665	Отпускные	
665	AM665	Налоги отпуск.	
665	AN665	Зарпл. Нал	
665	AO665	Отпуск. Нал	
665	AP665	НДФЛ 22%	
665	AQ665	Заработали	
666	C666	60884600	=SUM(C34,C91,C148,C205,C262,C319,C376,C433,C490,C547,C604,C661)
666	D666	17310801	=SUM(D34,D91,D148,D205,D262,D319,D376,D433,D490,D547,D604,D661)
666	E666	75440502	=SUM(E34,E91,E148,E205,E262,E319,E376,E433,E490,E547,E604,E661)
666	F666	24905603	=SUM(F34,F91,F148,F205,F262,F319,F376,F433,F490,F547,F604,F661)
666	G666	78195401	=SUM(G34,G91,G148,G205,G262,G319,G376,G433,G490,G547,G604,G661)
666	H666	100346105	=SUM(H34,H91,H148,H205,H262,H319,H376,H433,H490,H547,H604,H661)
666	I666	24.031152396107593	=IFERROR(AVERAGE(I34,I91,I148,I205,I262,I319,I376,I433,I490,I547,I604,I661),"-")
666	J666	44.8621219012088	=IFERROR(AVERAGE(J34,J91,J148,J205,J262,J319,J376,J433,J490,J547,J604,J661),"-")
666	K666	28.499726588899023	=IFERROR(AVERAGE(K34,K91,K148,K205,K262,K319,K376,K433,K490,K547,K604,K661),"-")
666	L666	22150704	=SUM(L34,L91,L148,L205,L262,L319,L376,L433,L490,L547,L604,L661)
666	M666	11743810	=SUM(M34,M91,M148,M205,M262,M319,M376,M433,M490,M547,M604,M661)
666	N666	90543880	=SUM(N34,N91,N148,N205,N262,N319,N376,N433,N490,N547,N604,N661)
666	O666	102287690	=SUM(O34,O91,O148,O205,O262,O319,O376,O433,O490,O547,O604,O661)
666	P666	432523	=SUM(P34,P91,P148,P205,P262,P319,P376,P433,P490,P547,P604,P661)
666	Q666	673424	=SUM(Q34,Q91,Q148,Q205,Q262,Q319,Q376,Q433,Q490,Q547,Q604,Q661)
666	R666	-27849	=SUM(R34,R91,R148,R205,R262,R319,R376,R433,R490,R547,R604,R661)
666	S666	81076	=SUM(S34,S91,S148,S205,S262,S319,S376,S433,S490,S547,S604,S661)
666	T666	34382	=SUM(T34,T91,T148,T205,T262,T319,T376,T433,T490,T547,T604,T661)
666	U666	50290	=SUM(U34,U91,U148,U205,U262,U319,U376,U433,U490,U547,U604,U661)
666	V666	4200	=SUM(V34,V91,V148,V205,V262,V319,V376,V433,V490,V547,V604,V661)
666	W666	48000	=SUM(W34,W91,W148,W205,W262,W319,W376,W433,W490,W547,W604,W661)
666	X666	84000	=SUM(X34,X91,X148,X205,X262,X319,X376,X433,X490,X547,X604,X661)
666	Y666	274000	=SUM(Y34,Y91,Y148,Y205,Y262,Y319,Y376,Y433,Y490,Y547,Y604,Y661)
666	Z666	0	=SUM(Z34,Z91,Z148,Z205,Z262,Z319,Z376,Z433,Z490,Z547,Z604,Z661)
666	AA666	0	=SUM(AA34,AA91,AA148,AA205,AA262,AA319,AA376,AA433,AA490,AA547,AA604,AA661)
666	AB666	0	=SUM(AB34,AB91,AB148,AB205,AB262,AB319,AB376,AB433,AB490,AB547,AB604,AB661)
666	AC666	54569	=SUM(AC34,AC91,AC148,AC205,AC262,AC319,AC376,AC433,AC490,AC547,AC604,AC661)
666	AD666	515059	=SUM(AD34,AD91,AD148,AD205,AD262,AD319,AD376,AD433,AD490,AD547,AD604,AD661)
666	AE666	91000	=SUM(AE34,AE91,AE148,AE205,AE262,AE319,AE376,AE433,AE490,AE547,AE604,AE661)
666	AF666	350000	=SUM(AF34,AF91,AF148,AF205,AF262,AF319,AF376,AF433,AF490,AF547,AF604,AF661)
666	AG666	499800	=SUM(AG34,AG91,AG148,AG205,AG262,AG319,AG376,AG433,AG490,AG547,AG604,AG661)
666	AH666	-1810877.6	=SUM(AH34,AH91,AH148,AH205,AH262,AH319,AH376,AH433,AH490,AH547,AH604,AH661)
666	AI666	-2658084.4800000004	=SUM(AI34,AI91,AI148,AI205,AI262,AI319,AI376,AI433,AI490,AI547,AI604,AI661)
666	AJ666	2040083	=SUM(AJ34,AJ91,AJ148,AJ205,AJ262,AJ319,AJ376,AJ433,AJ490,AJ547,AJ604,AJ661)
666	AK666	1098989	=SUM(AK34,AK91,AK148,AK205,AK262,AK319,AK376,AK433,AK490,AK547,AK604,AK661)
666	AL666	558336	=SUM(AL34,AL91,AL148,AL205,AL262,AL319,AL376,AL433,AL490,AL547,AL604,AL661)
666	AM666	279168	=SUM(AM34,AM91,AM148,AM205,AM262,AM319,AM376,AM433,AM490,AM547,AM604,AM661)
666	AN666	1815676	=SUM(AN34,AN91,AN148,AN205,AN262,AN319,AN376,AN433,AN490,AN547,AN604,AN661)
666	AO666	0	=SUM(AO34,AO91,AO148,AO205,AO262,AO319,AO376,AO433,AO490,AO547,AO604,AO661)
666	AP666	-512761.7	=SUM(AP34,AP91,AP148,AP205,AP262,AP319,AP376,AP433,AP490,AP547,AP604,AP661)
666	AQ666	9247445.219999999	=L666-Q666-AD666-AE666-AF666-AG666+AH666+AI666-AJ666-AK666-AL666-AM666-AN666-AO666+AP666
